   0.0000000000000000        1.5000000000000000        1.1693705999999999        2.2000000000000002       0.78539800000000004        0.0000000000000000        0.0000000000000000        0.0000000000000000        0.0000000000000000     
   1.0000000000000000E-004   1.5000000134129166        1.1693705778190207        2.1999999779030652       0.78539800278725258        2.6825834332460790E-004  -4.4361958171791323E-004  -4.4193869332224929E-004   5.5745050993911129E-005
   5.1911874963810724E-003   1.5000361495525081        1.1693108270324617        2.1999404536017533       0.78540551111785095        1.3928761020771971E-002  -2.3028134963866961E-002  -2.2940813088908010E-002   2.8937611216169161E-003
   1.6821449692703227E-002   1.5003799580665353        1.1687431060541591        2.1993748932743502       0.78547685854598071        4.5225893194156763E-002  -7.4589559437375774E-002  -7.4304653925679948E-002   9.3747763457015035E-003
   2.8465989762918274E-002   1.5010903453884825        1.1675744095751144        2.1982106935910601       0.78562377351841872        7.6851134538314936E-002 -0.12611732146200938      -0.12562855214078422        1.5856984618884705E-002
   4.0133823173124916E-002   1.5021741866850271        1.1658024531344351        2.1964456774286623       0.78584662879967293       0.10903000301976881      -0.17758302161151793      -0.17688025780484201        2.2340637866101493E-002
   5.1826946843651418E-002   1.5036409005180082        1.1634255129971831        2.1940782691178886       0.78614577242827965       0.14196938537590179      -0.22892549781467242      -0.22799563728220887        2.8821956011943171E-002
   6.3544805418781936E-002   1.5055021238755439        1.1604430076895251        2.1911080632725652       0.78652145599277012       0.17586813554464112      -0.28007045658691204      -0.27889855943468589        3.5295598976515644E-002
   7.5283066113757430E-002   1.5077710274754752        1.1568565872736842        2.1875368949660534       0.78697369856255184       0.21091127719621267      -0.33092525703165004      -0.32949602695319608        4.1753991375965062E-002
   8.7032406814670338E-002   1.5104613097487369        1.1526715809782047        2.1833702621501714       0.78750210416143984       0.24726273046973724      -0.38137432907757696      -0.37967391968452990        4.8186691594147589E-002
   9.8777511151099298E-002   1.5135858737019954        1.1478986931651194        2.1786189909428968       0.78810564549907502       0.28505686885147791      -0.43127623012752953      -0.42929431699463205        5.4579923100468428E-002
  0.11049657119064769        1.5171552811703852        1.1425556987521917        2.1733008970952619       0.78878244414662579       0.32438989820463493      -0.48046370676435229      -0.47819571123633958        6.0916438323874424E-002
  0.12216168142751760        1.5211762180121862        1.1366687200883250        2.1674420299411876       0.78952959910599474       0.36531292945704719      -0.52874827487025067      -0.52619756189912814        6.7175917066501445E-002
  0.13374036994483932        1.5256503113928952        1.1302726034327844        2.1610770229479028       0.79034312482053459       0.40782892920361552      -0.57592994849886037      -0.57310977184734513        7.3336006478365218E-002
  0.14519826363798716        1.5305736723593864        1.1234100024145526        2.1542481644110310       0.79121804991060507       0.45189546889367671      -0.62181141797074357      -0.61874638042110919        7.9373955396036561E-002
  0.15650241568333367        1.5359373698649261        1.1161291418506158        2.1470031652288872       0.79214868297647811       0.49743352416067893      -0.66621393106163374      -0.66294078812660751        8.5268536270394241E-002
  0.16762449402083912        1.5417287394339285        1.1084807026742687        2.1393920633944754       0.79312899298353279       0.54434046621050614      -0.70899101618293880      -0.70555876835830367        9.1001787090229436E-002
  0.17854305333022041        1.5479331491703228        1.1005145750720209        2.1314640067655635       0.79415301188459175       0.59250399144729693      -0.75003679906305254      -0.74650614593576770        9.6560152860412710E-002
  0.18924450038107871        1.5545357575285075        1.0922771816917962        2.1232646086613878       0.79521517098355576       0.64181392201652232      -0.78928775673861518      -0.78573007577982101       0.10193484736312686     
  0.19972280595220845        1.5615228898504039        1.0838097842239782        2.1148342834205600       0.79631051737996461       0.69217001412501400      -0.82671882303667021      -0.82321486274455402       0.10712151037860398     
  0.20997837120500512        1.5688828887221917        1.0751477923953905        2.1062075778518023       0.79743480605763228       0.74348565480155582      -0.86233613647009388      -0.85897458672617066       0.11211942017152460     
  0.22001655486834018        1.5766065011243577        1.0663208202028596        2.0974132431671748       0.79858449820169242       0.79568854069675832      -0.89616885187466044      -0.89304490402680448       0.11693055515687552     
  0.22984621232230878        1.5846869295713182        1.0573531966141461        2.0884747557919696       0.79975670165950519       0.84871952229269221      -0.92826156620439171      -0.92547552640915920       0.12155869988075872     
  0.23947843540190097        1.5931196777046313        1.0482646874939543        2.0794110454320838       0.80094908375552742       0.90253057215212085      -0.95866809501407413      -0.95632407729588920       0.12600869369587891     
  0.24892557554666522        1.6019023087670690        1.0390712478461719        2.0702372510220424       0.80215977926631854       0.95708261031182185      -0.98744681705266635      -0.98565152015311353       0.13028585791697109     
  0.25820054231289641        1.6110341900678635        1.0297857092977458        2.0609654105592785       0.80338730570019912        1.0123435535314567       -1.0146574289738546       -1.0135189899708759       0.13439558852086350     
  0.26731632820244844        1.6205162588515503        1.0204183678464107        2.0516050505235306       0.80463049046615220        1.0682867055974639       -1.0403588103598844       -1.0399857235373240       0.13834308133990011     
  0.27628569071065484        1.6303508082097256        1.0109774822511230        2.0421636856740184       0.80588840866793954        1.1248894023295484       -1.0646076650450247       -1.0651077520014753       0.14213314950807218     
  0.28512098070207831        1.6405413347484212        1.0014696540869035        2.0326472005234022       0.80716033554862898        1.1821320966283004       -1.0874577988337535       -1.0889372194444940       0.14577012024431446     
  0.29383403349800452        1.6510923983899368       0.99190015057294212        2.0230601737040783       0.80844570565888307        1.2399975475666898       -1.1089597179987125       -1.1115220091956379       0.14925776868700244     
  0.30243613165036076        1.6620095289907451       0.98227314660695308        2.0134061217659682       0.80974408203941661        1.2984702884497379       -1.1291605175863186       -1.1329056513896512       0.15259928830452238     
  0.31093801004341542        1.6732991680960774       0.97259190781892557        2.0036876842139115       0.81105513267977358        1.3575362781254938       -1.1481039337222618       -1.1531273869144050       0.15579728165849382     
  0.31934985270919247        1.6849685914201198       0.96285896813095939        1.9939068034928049       0.81237860712460808        1.4171824396566282       -1.1658304169525080       -1.1722222398310729       0.15885374991324783     
  0.32768137080874293        1.6970259409800923       0.95307619787206777        1.9840647955411879       0.81371432741298277        1.4773967476093794       -1.1823774018093491       -1.1902212891995145       0.16177011251766085     
  0.33594179855438472        1.7094801505561088       0.94324494982595419        1.9741624991270528       0.81506216798731712        1.5381677398620068       -1.1977794052494555       -1.2071517487148045       0.16454719539842236     
  0.34413998163210907        1.7223410096245320       0.93336608233216634        1.9642003021147914       0.81642205192982087        1.5994847025474792       -1.2120683136232504       -1.2230372428689296       0.16718525014007327     
  0.35228439637491610        1.7356191372928369       0.92344004953008985        1.9541782358594428       0.81779393763679376        1.6613373742638182       -1.2252735238569217       -1.2378979182931724       0.16968394599854969     
  0.36038321381235849        1.7493260339326466       0.91346692589150946        1.9440960040782942       0.81917781409667034        1.7237159993779445       -1.2374221592420005       -1.2517506308443918       0.17204237374418158     
  0.36844436697806759        1.7634741563136609       0.90344641432746975        1.9339529957041635       0.82057369809848402        1.7866114385590237       -1.2485392646008324       -1.2646091063148512       0.17425904485266891     
  0.37647556877801358        1.7780769210433789       0.89337790567997943        1.9237483504964468       0.82198162387700746        1.8500149163905280       -1.2586479132839334       -1.2764839946741671       0.17633187168960629     
  0.38448438772596144        1.7931488204019395       0.88326045839277678        1.9134809448087862       0.82340164339381250        1.9139182330240863       -1.2677693821132918       -1.2873829959456535       0.17825815879303797     
  0.39247828699495485        1.8087054898655974       0.87309281627551938        1.9031494168627794       0.82483382083601009        1.9783137058026647       -1.2759232540908823       -1.2973108964038391       0.18003457730158348     
  0.40046466884295634        1.8247637974035658       0.86287341394250405        1.8927521807481700       0.82627822825134023        2.0431941583770286       -1.2831275145766217       -1.3062695882345776       0.18165713443571760     
  0.40845094891403100        1.8413420090502590       0.85260033898989507        1.8822873977398298       0.82773494665984015        2.1085531570702405       -1.2893986541701157       -1.3142580895749048       0.18312114078614472     
  0.41644459527459943        1.8584599032630589       0.84227133508465746        1.8717529907325583       0.82920406066626662        2.1743849613222470       -1.2947517146274268       -1.3212724843862762       0.18442116020167221     
  0.42445318044474623        1.8761389264552242       0.83188378583999500        1.8611466410547848       0.83068565488785751        2.2406845679517158       -1.2992003313948317       -1.3273058438724419       0.18555095243962960     
  0.43248449018806240        1.8944024969686086       0.82143462289702418        1.8504657100323079       0.83217982017951320        2.3074482109473000       -1.3027567804007762       -1.3323481411998439       0.18650341015188185     
  0.44054653779430314        1.9132761252597152       0.81092035558611075        1.8397072873059748       0.83368664128646819        2.3746730539766987       -1.3054319450803762       -1.3363860408029555       0.18727046672326170     
  0.44864765485617891        1.9327877239128297       0.80033700179877143        1.8288681416101675       0.83520619704566545        2.4423574775023358       -1.3072353082876742       -1.3394026966015715       0.18784299863006140     
  0.45679665054099877        1.9529681236322831       0.78967993024207306        1.8179445845315354       0.83673857152825692        2.5105018924733007       -1.3081749126931439       -1.3413774867401516       0.18821070711976828     
  0.46500284072314163        1.9738513161978115       0.77894387548601807        1.8069325160845953       0.83828383809185658        2.5791083995359498       -1.3082572524714569       -1.3422856089176296       0.18836196227393662     
  0.47327623721392237        1.9954751310041901       0.76812274840728245        1.7958272668564268       0.83984206993718014        2.6481816962016089       -1.3074871556948386       -1.3420976260764195       0.18828362344345398     
  0.48162770035881947        2.0178818880095286       0.75720950118572727        1.7846235037447542       0.84141333918990191        2.7177295589604835       -1.3058675965625126       -1.3407788522381912       0.18796081097353015     
  0.49006916149295265        2.0411193069861957       0.74619591072155744        1.7733150620884588       0.84299772298644249        2.7877637484150837       -1.3033994374453808       -1.3382885662393034       0.18737662104389477     
  0.49861388406120538        2.0652416188604521       0.73507232531470590        1.7618947533505109       0.84459530861672916        2.8583010200721324       -1.3000810786342010       -1.3345789920410656       0.18651176421211585     
  0.50727679966687833        2.0903110056099763       0.72382733271057975        1.7503541098523827       0.84620620165222316        2.9293644651254378       -1.2959079872994348       -1.3295939705836521       0.18534410236315180     
  0.51607504818635530        2.1163997950727116       0.71244719023622505        1.7386829096825325       0.84783055676660291        3.0009861214937130       -1.2908719985194015       -1.3232671278359756       0.18384802723658838     
  0.52502859827194270        2.1435931356851361       0.70091519075354425        1.7268686702058755       0.84946860157433413        3.0732096527753141       -1.2849603775910319       -1.3155194200491795       0.18199363536976090     
  0.53407087761731808        2.1717088582895157       0.68932610618651380        1.7150137988556016       0.85110445409236613        3.1453782160175847       -1.2782254498402055       -1.3063540048056321       0.17976961404197736     
  0.54314681110624541        2.2005815616069602       0.67775847196460937        1.7032042853588960       0.85272451954964090        3.2169445535106953       -1.2707347499818753       -1.2957997901796834       0.17717068989583276     
  0.55226015072447843        2.2302224763910430       0.66621475717736400        1.6914486910336606       0.85432580194305952        3.2878375296173794       -1.2625195335094366       -1.2838378319956960       0.17417970028408600     
  0.56141429265569820        2.2606417139374808       0.65469776249995815        1.6797564923980817       0.85590500907194156        3.3579824875633197       -1.2536113592102081       -1.2704483907170814       0.17077878381022302     
  0.57061265469958433        2.2918494010900337       0.64321014535800192        1.6681376283663365       0.85745860280244657        3.4273042000808198       -1.2440417668105637       -1.2556105326284273       0.16694928519442373     
  0.57985870095178327        2.3238557380725555       0.63175439919309684        1.6566025150295249       0.85898278371488512        3.4957269689006867       -1.2338421952714418       -1.2393020356888624       0.16267173748140010     
  0.58915591690972291        2.3566708859971519       0.62033289451699358        1.6451621254267876       0.86047346626419741        3.5631743441187171       -1.2230439547906979       -1.2214993662699087       0.15792586824096494     
  0.59850786328738215        2.3903051259696144       0.60894782264463043        1.6338279743149580       0.86192626560097474        3.6295694154191138       -1.2116781133607617       -1.2021775032831132       0.15269057211179504     
  0.60791814413750001        2.4247687187340405       0.59760124558431993        1.6226122130216509       0.86333646898316763        3.6948344618693465       -1.1997754810437173       -1.1813099020520430       0.14694392757653463     
  0.61739043995784804        2.4600719913411404       0.58629506629308981        1.6115276482704528       0.86469901615313527        3.7588910631656103       -1.1873665218395333       -1.1588683189062756       0.14066318518636822     
  0.62692851237215397        2.4962253230255249       0.57503103448271176        1.6005878011117718       0.86600847342681664        3.8216599888533862       -1.1744813002795420       -1.1348226685276690       0.13382477402052495     
  0.63653622397596499        2.5332391862241961       0.56381073499369683        1.5898069539035176       0.86725900810099155        3.8830611737918637       -1.1611494110021818       -1.1091408226148505       0.12640430284178211     
  0.64621755905390099        2.5711241923410988       0.55263557658375506        1.5792002042099123       0.86844436058649743        3.9430136719006650       -1.1473999085745887       -1.0817883732198550       0.11837656333659966     
  0.65597665292317076        2.6098911727334215       0.54150677253759161        1.5687835187306731       0.86955781482713301        4.0014356306676682       -1.1332612272761922       -1.0527283339127691       0.10971552892028910     
  0.66581781505173532        2.6495512370420680       0.53042533067974373        1.5585738055221452       0.87059216469189638        4.0582441874739974       -1.1187611126700105       -1.0219208146753300       0.10039436112988988     
  0.67574556126874041        2.6901158680246215       0.51939203536126544        1.5485889895932832       0.87153967777109853        4.1133553781292580       -1.1039265444408290      -0.98932262287119310        9.0385411555522807E-002
  0.68576469911921523        2.7315972384736908       0.50840737447213102        1.5388480535685116       0.87239205908890916        4.1666842708457335       -1.0887835836092110      -0.95488662252884038        7.9660168448542124E-002
  0.69588037434210326        2.7740083793635186       0.49747151607105283        1.5293711435363322       0.87314040372997537        4.2181447773769980       -1.0733572820385442      -0.91856112836521153        6.8189233318564357E-002
  0.70609816094337308        2.8173635335112315       0.48658424347339280        1.5201796615249172       0.87377514498674325        4.2676495883490491       -1.0576715345948717      -0.88028905638308064        5.5942244852591923E-002
  0.71642416972762402        2.8616785977847696       0.47574487988816044        1.5112963812518716       0.87428599218473013        4.3151100407221055       -1.0417489128652777      -0.84000687803971730        4.2887765424201696E-002
  0.72686522709387957        2.9069718803912443       0.46495215176038035        1.5027455568005303       0.87466185631500581        4.3604360943773539       -1.0256104041881680      -0.79764313602982440        2.8993053766503019E-002
  0.73734423758142620        2.9528914012139595       0.45428967846102958        1.4946169979740622       0.87488954163565469        4.4032010869671376       -1.0094062703671443      -0.75348088891238540        1.4345221509211555E-002
  0.74774373605454292        2.9988913457899455       0.44387589265336119        1.4870161094954901       0.87496012640021614        4.4429137170658510      -0.99334744065403280      -0.70802955304613224       -8.8555706430181250E-004
  0.75808029963447365        3.0450081143879943       0.43369038971608170        1.4799378989933845       0.87486979361131401        4.4796701382766253      -0.97743427675881889      -0.66125273217083491       -1.6705536796421290E-002
  0.76836876186762570        3.0912736315656462       0.42371527591088975        1.4733809282941992       0.87461404518264896        4.5135484658996292      -0.96166692570409518      -0.61310989762070311       -3.3120645202831513E-002
  0.77862091258287647        3.1377087260323324       0.41393627396386251        1.4673478657891756       0.87418783294263891        4.5446068193459102      -0.94604779994646016      -0.56356421261978185       -5.0133610755457685E-002
  0.78884623551045097        3.1843256916392697       0.40434180967188899        1.4618445633574519       0.87358570536573343        4.5728888874181415      -0.93058077050993981      -0.51258115856612640       -6.7744170831521941E-002
  0.79905229670470046        3.2311294876616095       0.39492248810403308        1.4568794640571670       0.87280193208048351        4.5984275797377112      -0.91527080490657553      -0.46012825366131199       -8.5948939901117904E-002
  0.80924512338620003        3.2781190452703917       0.38567061535915059        1.4524630918423773       0.87183060745025576        4.6212481039770044      -0.90012355826016255      -0.40617444193518137      -0.10474141978225726     
  0.81942945516278676        3.3252881064012541       0.37657986893584150        1.4486076718309251       0.87066574433014754        4.6413702536740145      -0.88514511656192374      -0.35068983306698759      -0.12411191833387586     
  0.82960886954389401        3.3726255655244484       0.36764510121094723        1.4453268405649999       0.86930137074588776        4.6588101330350131      -0.87034189570608900      -0.29364593275857281      -0.14404732681947466     
  0.83978605801611428        3.4201165775608655       0.35886202641284692        1.4426353368918163       0.86773159878298756        4.6735819049858733      -0.85572030059708692      -0.23501489770423914      -0.16453127115763758     
  0.84996285659781945        3.4677425812928528       0.35022713952092527        1.4405488093212719       0.86595071515536237        4.6856988597952380      -0.84128673157505585      -0.17477003229289317      -0.18554386576565157     
  0.86014024502945829        3.5154812118129319       0.34173766478729040        1.4390836177359263       0.86395328254070347        4.6951744184964754      -0.82704761702937135      -0.11288648588694439      -0.20706143886068229     
  0.87031862154348605        3.5633075418491771       0.33339128142696728        1.4382566004972162       0.86173418530025470        4.7020232878724961      -0.81300905200915918       -4.9340252861549583E-002 -0.22905689494967518     
  0.88049774115589108        3.6111937794170386       0.32518614256519307        1.4380849220718075       0.85928872948035140        4.7062620897282255      -0.79917691149735015        1.5890863826059046E-002 -0.25149944113900807     
  0.89067686883979835        3.6591099983575823       0.31712072123795354        1.4385858980481183       0.85661269633872705        4.7079100853468958      -0.78555666230500198        8.2827607813984586E-002 -0.27435482255822619     
  0.90085471896813285        3.7070238859384084       0.30919383498461989        1.4397768328681104       0.85370244171857945        4.7069897017652744      -0.77215346697693377       0.15148826505969040      -0.29758514418128312     
  0.91102970152088469        3.7549019522280203       0.30140443368527248        1.4416748852208918       0.85055490730865391        4.7035269927597767      -0.75897188134900273       0.22188969165836397      -0.32114943874983304     
  0.92119986275656063        3.8027093148529736       0.29375163561851059        1.4442969330763213       0.84716770329394731        4.6975519338866309      -0.74601596661491165       0.29404635071468765      -0.34500360480589004     
  0.93136304029143557        3.8504105018377186       0.28623460213830537        1.4476594800550147       0.84353911968462147        4.6890985864661898      -0.73328912551434944       0.36797081690459271      -0.36910088597021401     
  0.94151677443701554        3.8979691154517639       0.27885260027109943        1.4517785107887877       0.83966820958733479        4.6782053109342696      -0.72079425442453204       0.44367256417260625      -0.39339182715758952     
  0.95165858502328560        3.9453492133140404       0.27160479991719050        1.4566694859668790       0.83555473019450544        4.6649145706482722      -0.70853344480451441       0.52115944338431774      -0.41782514178304830     
  0.96178591293644056        3.9925151125816667       0.26449032495837016        1.4623472555145798       0.83119918826005812        4.6492728873216871      -0.69650811381900823       0.60043678098953390      -0.44234782413081203     
  0.97189618316832416        4.0394317608787471       0.25750821645563532        1.4688260211888886       0.82660283340126317        4.6313306419652243      -0.68471898557904010       0.68150737744524958      -0.46690557754051598     
  0.98198686717988326        4.0860650958761964       0.25065740030848049        1.4761193234262695       0.82176763811391440        4.6111417839203748      -0.67316607953153607       0.76437155849078442      -0.49144326571539310     
  0.99205560427540851        4.1323826643507102       0.24393661949836570        1.4842401051493384       0.81669623357310073        4.5887633152749627      -0.66184863892062451       0.84902779657463689      -0.51590552345152862     
   1.0021001716018878        4.1783535273696160       0.23734447210296253        1.4932006939252682       0.81139190481611934        4.5642550037469052      -0.65076523716773016       0.93547216339292127      -0.54023700507201056     
   1.0121185733303060        4.2239487021535469       0.23087936986924559        1.5030128907320404       0.80585851865660185        4.5376788133627777      -0.63991374944734980        1.0236988221972405      -0.56438292024194914     
   1.0221090094512264        4.2691410380594785       0.22453957713664710        1.5136879727672665       0.80010050543935518        4.5090985893451503      -0.62929145823847066        1.1136995513599615      -0.58828926976314921     
   1.0319928354887007        4.3135601874589193       0.21837091006569048        1.5251438777271655       0.79416995677878133        4.4788233797051626      -0.61897479060878047        1.2047459925374353      -0.61172148852500885     
   1.0416748649803551        4.3567730712997239       0.21242616351458093        1.5372479059544342       0.78813715903368675        4.4472791001326435      -0.60905094670415683        1.2958852400034511      -0.63441644534319019     
   1.0511722291560774        4.3988565132860815       0.20668732810133475        1.5499874249974899       0.78200730696708465        4.4145622594631657      -0.59948835315117988        1.3871759461696307      -0.65638471031751511     
   1.0605016654492112        4.4398854498056375       0.20113762310703409        1.5633544399843413       0.77578419547443600        4.3807523961418866      -0.59025750456963400        1.4786840164696793      -0.67763899715846432     
   1.0696776726405959        4.4799246398769572       0.19576247911680469        1.5773425913477481       0.76947160643791090        4.3459208661982167      -0.58133261919527379        1.5704634915794338      -0.69818937118428359     
   1.0787129604557575        4.5190307047479932       0.19054911978118630        1.5919469477176136       0.76307327035645178        4.3101320307180551      -0.57269094618114003        1.6625589210037077      -0.71804400428317228     
   1.0876188254930583        4.5572538164436489       0.18548622290666708        1.6071639095241599       0.75659281277949342        4.2734440476365148      -0.56431220365612589        1.7550075299972212      -0.73720980309569550     
   1.0964054065651359        4.5946388393051825       0.18056367842701934        1.6229910902005678       0.75003373643466287        4.2359096330270676      -0.55617817684374760        1.8478405620347018      -0.75569279471972717     
   1.1050819274079453        4.6312263973624601       0.17577237411939128        1.6394273076697883       0.74339937542071433        4.1975764934635622      -0.54827236173815608        1.9410847950566883      -0.77349849913088720     
   1.1136568141209131        4.6670533938082919       0.17110406706219786        1.6564724500758516       0.73669291518588009        4.1584880065422496      -0.54057975019300897        2.0347629624175392      -0.79063204832580325     
   1.1221378400705035        4.7021536392494374       0.16655125102238871        1.6741274600762557       0.72991737246827493        4.1186835763674461      -0.53308660795883733        2.1288946220134890      -0.80709837550732288     
   1.1305322320355859        4.7365583064343895       0.16210705493533084        1.6923943094087299       0.72307558794220361        4.0781989834214833      -0.52578030393254116        2.2234967489650401      -0.82290232918792461     
   1.1388467283349453        4.7702961810348148       0.15776517433088733        1.7112759176469898       0.71617024515041572        4.0370668295559264      -0.51864919352402905        2.3185838922933084      -0.83804870161729950     
   1.1470876744686773        4.8033940611050676       0.15351978885989739        1.7307761904108523       0.70920384887738508        3.9953166945119922      -0.51168247914417286        2.4141688346311065      -0.85254233284442271     
   1.1552610433518282        4.8358768455923293       0.14936552423651253        1.7508999192735462       0.70217875773464689        3.9529755752003171      -0.50487014367826222        2.5102624571544889      -0.86638808055346184     
   1.1633725122831877        4.8677678489285068       0.14529738870501613        1.7716528377676592       0.69509716280280009        3.9100679705391563      -0.49820284216625621        2.6068743072893770      -0.87959089600003737     
   1.1714274899420380        4.8990889106845374       0.14131073883870518        1.7930415836650833       0.68796110264648824        3.8666161563775043      -0.49167184169416289        2.7040126330520589      -0.89215581341531780     
   1.1794311067896803        4.9298603651595760       0.13740126556331975        1.8150735716221629       0.68077250766852948        3.8226406197965397      -0.48526899445410832        2.8016839929545054      -0.90408789280164359     
   1.1873883325382313        4.9601014997119197       0.13356492020226424        1.8377572258774790       0.67353312711509050        3.7781597582207791      -0.47898661266401349        2.8998944365651136      -0.91539235879809477     
   1.1953039168279866        4.9898303270227506       0.12979792960893097        1.8611017495062312       0.66624461039372707        3.7331905042758731      -0.47281748950710789        2.9986485643227758      -0.92607447157357359     
   1.2031824690293231        5.0190638908991909       0.12609674505849677        1.8851172873225013       0.65890846085459831        3.6877481574742013      -0.46675481166227567        3.0979503011269580      -0.93613960811164953     
   1.2110284208103781        5.0478181275050718       0.12245804888747600        1.9098147591542347       0.65152609438544751        3.6418468499607113      -0.46079216651171112        3.1978022306913014      -0.94559318325070829     
   1.2188461039760055        5.0761081549356497       0.11887870805688810        1.9352060488154335       0.64409878911702068        3.5954993294811364      -0.45492346249761911        3.2982063882107386      -0.95444072337265407     
   1.2266397348707117        5.1039482128195290       0.11535577305618049        1.9613039203197238       0.63662771996210199        3.5487172590769238      -0.44914292381200693        3.3991638893021592      -0.96268781961499816     
   1.2344134215547071        5.1313516887909856       0.11188646669483544        1.9881220025999160       0.62911397115056067        3.5015113756536489      -0.44344506862206234        3.5006748433181678      -0.97034011778357332     
   1.2421711936197450        5.1583312237296175       0.10846816372131887        2.0156748582826500       0.62155852551295321        3.4538914972071630      -0.43782467229927896        3.6027385673238963      -0.97740333250133193     
   1.2499170085029585        5.1848987307758785       0.10509838204377858        2.0439779818279953       0.61396227492380540        3.4058666577489309      -0.43227674971889357        3.7053535013422265      -0.98388323634444663     
   1.2576547806556060        5.2110654913401078       0.10177476478771845        2.0730478868886602       0.60632600731116582        3.3574450906546325      -0.42679652249418221        3.8085174280120739      -0.98978566923189970     
   1.2653883525914500        5.2368420522155752        9.8495088141707446E-002   2.1029019826837341       0.59865044999242323        3.3086345661948089      -0.42137942872041723        3.9122269194521628      -0.99511650302320154     
   1.2731215468470831        5.2622383966516866        9.5257234909129546E-002   2.1335587556426887       0.59093623256674221        3.2594422177454265      -0.41602107621298606        4.0164778591738797      -0.99988167136908201     
   1.2808581482164030        5.2872638779452981        9.2059198653050969E-002   2.1650376944310623       0.58318391785483348        3.2098747981624260      -0.41071724617418820        4.1212650331255443       -1.0040871466924755     
   1.2886019206844359        5.3119272694391846        8.8899073451947086E-002   2.1973593487983427       0.57539399800861835        3.1599387149090372      -0.40546387312489168        4.2265821797188110       -1.0077389450131087     
   1.2963566008934655        5.3362367379344562        8.5775053816239510E-002   2.2305452956407574       0.56756691359204348        3.1096402123503464      -0.40025704168008225        4.3324217177050333       -1.0108431195766108     
   1.3041259738628801        5.3602000720888476        8.2685402116924905E-002   2.2646184641424143       0.55970298907634397        3.0589850171750825      -0.39509292906688526        4.4387755926223917       -1.0134057858975147     
   1.3119137841317621        5.3838243940126427        7.9628482726393141E-002   2.2996027593109951       0.55180253411669578        3.0079790506908459      -0.38996785877456325        4.5456338694300733       -1.0154330822477406     
   1.3197238593369545        5.4071165273641979        7.6602711835213236E-002   2.3355236151064194       0.54386572975247094        2.9566277586249039      -0.38487821325556471        4.6529862211897788       -1.0169312047704049     
   1.3275599969878464        5.4300826407356153        7.3606601153179449E-002   2.3724074976805318       0.53589275434435479        2.9049369898134181      -0.37982050372621029        4.7608201623546424       -1.0179063746504518     
   1.3354260411119117        5.4527284689926576        7.0638727157480846E-002   2.4102822577753908       0.52788371681639912        2.8529126349858509      -0.37479131516661818        4.8691218748383207       -1.0183648597388690     
   1.3433258880807732        5.4750593137569528        6.7697729000789061E-002   2.4491771778149629       0.51983866147379298        2.8005607302780060      -0.36978729903698199        4.9778760517341913       -1.0183129721241542     
   1.3512634925864850        5.4970800437013434        6.4782306673260334E-002   2.4891230210779360       0.51175757267914057        2.7478875647105006      -0.36480516629000254        5.0870657277138704       -1.0177570674557350     
   1.3592428737838425        5.5187950946980182        6.1891219413952162E-002   2.5301520829213122       0.50364037939388406        2.6948997923712086      -0.35984168066119832        5.1966720950986698       -1.0167035459337956     
   1.3672681216152021        5.5402084698719083        5.9023284368604240E-002   2.5722982440083353       0.49548695959141609        2.6416045500800509      -0.35489365222113040        5.3066743045016178       -1.0151588548829564     
   1.3753434033350063        5.5613237396261415        5.6177375492162590E-002   2.6155970254750271       0.48729714454823858        2.5880095813593700      -0.34995793117601748        5.4170492488342683       -1.0131294928297916     
   1.3834729955413656        5.5821441058087213        5.3352413970221439E-002   2.6600857857404194       0.47907069746126807        2.5341232000999265      -0.34503138664518224        5.5277716730969004       -1.0106220064990592     
   1.3916612665371664        5.6026723340484921        5.0547376606751425E-002   2.7058036544834496       0.47080734269547608        2.4799545944137371      -0.34011091629524615        5.6388135799560235       -1.0076430004007679     
   1.3999126836530933        5.6229107542299657        4.7761295451580560E-002   2.7527915939318031       0.46250676978499333        2.4255139756583741      -0.33519344076575025        5.7501439537730414       -1.0041991452096719     
   1.4082318990647322        5.6428614468018425        4.4993231851281505E-002   2.8010929200819388       0.45416855909716841        2.3708122244209222      -0.33027585227234435        5.8617295074580511       -1.0002971487110470     
   1.4166236819248508        5.6625260472600676        4.2242303170944989E-002   2.8507529577722721       0.44579226280680367        2.3158615677922652      -0.32535505556740785        5.9735333156926158      -0.99594378862103827     
   1.4250929268895192        5.6819057481872095        3.9507683177118960E-002   2.9018191089187373       0.43737740872446695        2.2606757650512845      -0.32042796285084624        6.0855144584360978      -0.99114592522943690     
   1.4336447710293099        5.7010015404698251        3.6788568627385582E-002   2.9543415910521045       0.42892339753821068        2.2052696099750073      -0.31549142681319037        6.1976290442745210      -0.98591044657355331     
   1.4422844989848669        5.7198139636724186        3.4084215245068786E-002   3.0083729103808912       0.42042961159923237        2.1496598386802033      -0.31054229783634379        6.3098283764400769      -0.98024433060081628     
   1.4510176085593505        5.7383432275929698        3.1393922029179580E-002   3.0639682923478024       0.41189536462622750        2.0938650138224735      -0.30557738802863998        6.4220591977288182      -0.97415462216818127     
   1.4598498805314319        5.7565893247222011        2.8717016433362705E-002   3.1211861736487068       0.40331984987153946        2.0379054234051477      -0.30059343486563256        6.5342638922689584      -0.96764839538273373     
   1.4687873677882981        5.7745519640960845        2.6052865693214734E-002   3.1800881933342215       0.39470216900815930        1.9818035348275309      -0.29558711188852088        6.6463795636217080      -0.96073277005826319     
   1.4778364127653645        5.7922305687134763        2.3400879842778530E-002   3.2407393545143313       0.38604133418953263        1.9255843023627193      -0.29055502376891912        6.7583374087478081      -0.95341491431191883     
   1.4870036662182704        5.8096242758518502        2.0760515136162470E-002   3.3032081915847975       0.37733627011347809        1.8692755073839520      -0.28549370148574960        6.8700620248350868      -0.94570204926631152     
   1.4962962271054894        5.8267321578822981        1.8131244363997809E-002   3.3675677779630937       0.36858570388529122        1.8129074140100063      -0.28039953231366849        6.9814720641192700      -0.93760134981169485     
   1.5057216723139271        5.8435532106959434        1.5512562105848237E-002   3.4338960255388189       0.35978816476816466        1.7565131907447715      -0.27526875342424001        7.0924793458578597      -0.92911993012283278     
   1.5152880892547584        5.8600863467493740        1.2903990537645101E-002   3.5022760004364919       0.35094198393693987        1.7001293868647744      -0.27009744531356022        7.2029878539423482      -0.92026483312810003     
   1.5250042379716737        5.8763306015232279        1.0305052414011591E-002   3.5727971793110025       0.34204517909284377        1.6437957445416189      -0.26488145756883819        7.3128940192263840      -0.91104290270564758     
   1.5348796322484382        5.8922851702902523        7.7152707184271248E-003   3.6455561778743935       0.33309542244632490        1.5875556385588379      -0.25961638238188184        7.4220857347596327      -0.90146072762525431     
   1.5449247281074188        5.9079495983753905        5.1341442747786167E-003   3.7206583009339735       0.32408991946898497        1.5314560659357024      -0.25429747453362606        7.5304422103832476      -0.89152448632261339     
   1.5551512001758903        5.9233240574483874        2.5611083779385172E-003   3.7982198373088956       0.31502522368044567        1.4755474000468356      -0.24891953116248730        7.6378342098554457      -0.88123970365607474     
   1.5655721125222350        5.9384094037030195       -4.4688032326952939E-006   3.8783696548942554       0.30589716344461998        1.4198840464085145      -0.24347683463829831        7.7441224638439738      -0.87061111802596258     
   1.5762024297911148        5.9532076737054007       -2.5633637128969714E-003   3.9612535000149172       0.29670049103896617        1.3645236634888687      -0.23796292608659853        7.8491587210148523      -0.85964221639311744     
   1.5869445594972356        5.9675718611010664       -5.0898372210209600E-003   4.0461242621404798       0.28752610938858325        1.3101010179019528      -0.23242941054110086        7.9517077446013920      -0.84845497665219927     
   1.5977361370777432        5.9814220761454315       -7.5682941057329013E-003   4.1324748098687678       0.27843094604120283        1.2570276742881814      -0.22690863388266669        8.0509789830523690      -0.83713810338177763     
   1.6085066481331523        5.9946830685105139       -9.9827125705716554E-003   4.2197042616364797       0.26947561702113798        1.2057162848530443      -0.22143630205110412        8.1461996850556471      -0.82578977825713851     
   1.6192594031163758        6.0073800631729046       -1.2334556666464148E-002   4.3077918065384422       0.26065716063573274        1.1561994763303880      -0.21601014340651875        8.2373161723399910      -0.81442965532409661     
   1.6299975407748462        6.0195378468983476       -1.4625174219382904E-002   4.3967157776800292       0.25197266364596721        1.1085101222284728      -0.21062815272477869        8.3242746963830001      -0.80307573007149113     
   1.6407237102493135        6.0311804990226472       -1.6855739113513610E-002   4.4864508416860458       0.24341952354760116        1.0626826673770218      -0.20528874346435227        8.4070190060785208      -0.79174480094714861     
   1.6514402662161176        6.0423317263618950       -1.9027306077634743E-002   4.5769693972350227       0.23499528696891936        1.0187520389249431      -0.19999064155240664        8.4854923669409388      -0.78045237590433003     
   1.6621492064532644        6.0530148855001267       -2.1140808784689030E-002   4.6682408821814949       0.22669769789588134       0.97675371404041356      -0.19473290980750263        8.5596374521363252      -0.76921283884392888     
   1.6728523657753627        6.0632532534135413       -2.3197108266814499E-002   4.7602332817799935       0.21852454606753202       0.93672275788868420      -0.18951484696835422        8.6293980533920980      -0.75803933706352744     
   1.6835513848442205        6.0730700423889763       -2.5196993563322841E-002   4.8529127754201093       0.21047369542993757       0.89869383130174230      -0.18433599961706440        8.6947190312048210      -0.74694389986352960     
   1.6942476144326752        6.0824883622600447       -2.7141171649949881E-002   4.9462428145600876       0.20254315699173092       0.86270135900230549      -0.17919620456049495        8.7555460190224075      -0.73593761581472927     
   1.7049423729581494        6.0915314899348738       -2.9030321677692761E-002   5.0401862916362647       0.19473089841913893       0.82877848456405434      -0.17409546137835777        8.8118271853732431      -0.72503043988250004     
   1.7156368182636581        6.1002227740302342       -3.0865076012471931E-002   5.1347043872005926       0.18703494525444236       0.79695742205473241      -0.16903399240670400        8.8635125815954190      -0.71423139733113739     
   1.7263320121588175        6.1085857097974703       -3.2646036735805448E-002   5.2297570986784159       0.17945333741390976       0.76726913227430305      -0.16401220973137728        8.9105546433749669      -0.70354858437868972     
   1.7370289527912643        6.1166439748881247       -3.4373785009320562E-002   5.3253035069520056       0.17198411147884771       0.73974314706603606      -0.15903069843255049        8.9529084213535857      -0.69298920046856283     
   1.7477285748069795        6.1244214343811585       -3.6048884464408203E-002   5.4213017659036957       0.16462530636981190       0.71440749994218244      -0.15409021525527294        8.9905316335167829      -0.68255961050146319     
   1.7584318139629656        6.1319421884671916       -3.7671894170889918E-002   5.5177096767707026       0.15737492507184955       0.69128851950441095      -0.14919165774999665        9.0233849119070033      -0.67226534221069256     
   1.7691395105344740        6.1392305019858409       -3.9243356422903608E-002   5.6144838176331264       0.15023100645586973       0.67041099752347932      -0.14433610759807922        9.0514314990157345      -0.66211123735804311     
   1.7798525384822772        6.1463108920136467       -4.0763818820852823E-002   5.7115807070489097       0.14319154341451687       0.65179786311273180      -0.13952477034324925        9.0746376523567989      -0.65210138260875150     
   1.7905717734259439        6.1532080971186485       -4.2233830880349855E-002   5.8089565222426849       0.13625451175373415       0.63547024700365284      -0.13475898957018365        9.0929724666641611      -0.64223919541745678     
   1.8012980928596023        6.1599470704533275       -4.3653945769669827E-002   5.9065671051176212       0.12941787616777853       0.62144746448509602      -0.13004024592062338        9.1064078226254779      -0.63252747551022759     
   1.8120323763686141        6.1665529728011022       -4.5024722047826898E-002   6.0043679675168908       0.12267959567663576       0.60974699664927190      -0.12537015586715328        9.1149183415585746      -0.62296845359137654     
   1.8227755382992272        6.1730511850251810       -4.6346729321036284E-002   6.1023145917293151       0.11603760864940561       0.60038444519783185      -0.12075045634213399        9.1184813492203958      -0.61356380913571862     
   1.8335284631455249        6.1794672613099184       -4.7620541705724988E-002   6.2003618431894365       0.10948987794980876       0.59337358106266747      -0.11618303116361915        9.1170767905077561      -0.60431477138730005     
   1.8442922008670528        6.1858270382349438       -4.8846762096880381E-002   6.2984657508632900       0.10303427731669033       0.58872622224631754      -0.11166982680237439        9.1106871152421629      -0.59522199418140065     
   1.8550677072938828        6.1921564730663992       -5.0025992415746796E-002   6.3965811368918608        9.6668754585634550E-002  0.58645241392155811      -0.10721296129476107        9.0992972135579446      -0.58628581999795870     
   1.8658560723708204        6.1984817736115474       -5.1158861006743710E-002   6.4946636901936889        9.0391198737950887E-002  0.58656032132474911      -0.10281462651472606        9.0828942246191406      -0.57750612417939717     
   1.8766583904513299        6.2048293169107396       -5.2246008759290523E-002   6.5926687741880494        8.4199522262866811E-002  0.58905630035539436       -9.8477140878909394E-002   9.0614675106445581      -0.56888246083551541     
   1.8874758261728997        6.2112256846767204       -5.3288097100910710E-002   6.6905520121181743        7.8091626689820032E-002  0.59394490341842621       -9.4202920367651141E-002   9.0350084748004882      -0.56041404268745021     
   1.8983095824564633        6.2176976424505801       -5.4285805519364530E-002   6.7882689785023542        7.2065425143047659E-002  0.60122889272686864       -8.9994489452776300E-002   9.0035105110655600      -0.55209979902854112     
   1.9091609998867056        6.2242721991468173       -5.5239841224349155E-002   6.8857760706216657        6.6118791440314365E-002  0.61090933933312030       -8.5854440777694177E-002   8.9669685780872062      -0.54393833064487707     
   1.9199789511956606        6.2309438418555763       -5.6146635410617679E-002   6.9825609358858900        6.0277760679442745E-002  0.62292157907911838       -8.1804933232972596E-002   8.9255921370878948      -0.53596631225405533     
   1.9306838741068353        6.2376860920462240       -5.7001255113539012E-002   7.0778679673624003        5.4581792212210128E-002  0.63711318919637561       -7.7876977796089139E-002   8.8798153560704982      -0.52823743506449794     
   1.9412823398925381        6.2445228826415180       -5.7806377686634977E-002   7.1717194120344185        4.9023150211585556E-002  0.65340386937074268       -7.4068496015575136E-002   8.8297907060686160      -0.52074029198336780     
   1.9517816641075261        6.2514774460926903       -5.8564596721559822E-002   7.2641460252703594        4.3594060445687324E-002  0.67171950702173544       -7.0377231934858203E-002   8.7756551772123252      -0.51346333103754593     
   1.9621884555374922        6.2585715490701253       -5.9278318189476112E-002   7.3551738610068904        3.8287453963085999E-002  0.69198992636645018       -6.6801279359498089E-002   8.7175372639634716      -0.50639589367242410     
   1.9725085243709564        6.2658255183898035       -5.9949773966161780E-002   7.4448233396075354        3.3096970596510698E-002  0.71414790247841298       -6.3339089701648532E-002   8.6555592526848031      -0.49952823144145631     
   1.9827472646824105        6.2732585761892423       -6.0581064335195577E-002   7.5331124830412088        2.8016728005157577E-002  0.73812924694060766       -5.9989320526643193E-002   8.5898365409884256      -0.49285120838641122     
   1.9929094346076577        6.2808887458743605       -6.1174157450808488E-002   7.6200549170842100        2.3041401559993905E-002  0.76387177477498325       -5.6750891344705928E-002   8.5204802001884001      -0.48635641434326288     
   2.0029994688140778        6.2887331265310111       -6.1730920717098917E-002   7.7056625004396651        1.8166042134410323E-002  0.79131553379159447       -5.3622864369983682E-002   8.4475960833519679      -0.48003593070847250     
   2.0130213730319753        6.2968078580284432       -6.2253124266364507E-002   7.7899443555163908        1.3386105678227124E-002  0.82040214687520108       -5.0604464601787962E-002   8.3712864182953979      -0.47388237383976667     
   2.0229787945918276        6.3051282043636521       -6.2742454114335725E-002   7.8729074341438405        8.6973979233449933E-003  0.85107460805054691       -4.7695042923629472E-002   8.2916501806550986      -0.46788882554943023     
   2.0328752635315932        6.3137087874389159       -6.3200531068899085E-002   7.9545584772330082        4.0959441852464907E-003  0.88327773687321065       -4.4893994750999873E-002   8.2087818165967636      -0.46204866918459053     
   2.0427139099477714        6.3225633778802486       -6.3628903046787616E-002   8.0349016195094514       -4.2189240200511766E-004  0.91695705097507740       -4.2200832462409313E-002   8.1227740853320292      -0.45635574247282118     
   2.0524977599309029        6.3317051716082879       -6.4029064499715613E-002   8.1139408049282640       -4.8595623066365343E-003  0.95205948408148933       -3.9615091394155956E-002   8.0337161365684295      -0.45080414589021511     
   2.0622296253122365        6.3411467185053612       -6.4402455708039763E-002   8.1916788363565232       -9.2202893572595219E-003  0.98853284848554568       -3.7136353725996857E-002   7.9416948450177900      -0.44538829481678688     
   2.0719120239134261        6.3508998528512981       -6.4750464536990737E-002   8.2681167367480732       -1.3507046947060973E-002   1.0263253169312327       -3.4764258461834306E-002   7.8467960651053703      -0.44010294791196441     
   2.0815474687821340        6.3609759917407462       -6.5074440927586075E-002   8.3432560299372636       -1.7722696535656883E-002   1.0653863644082071       -3.2498421418331792E-002   7.7491022276397139      -0.43494303511982962     
   2.0911382440956494        6.3713859283133791       -6.5375691600621247E-002   8.4170969369574404       -2.1869895960128637E-002   1.1056657808585444       -3.0338485180761352E-002   7.6486948024238890      -0.42990377076711583     
   2.1006865503355727        6.3821399909178798       -6.5655487964085171E-002   8.4896395010565335       -2.5951171091921788E-002   1.1471141202373814       -2.8284077965855352E-002   7.5456531526867314      -0.42498056457476269     
   2.1101945066096381        6.3932480637143776       -6.5915068203538915E-002   8.5608835701691177       -2.9968922702444133E-002   1.1896826282117667       -2.6334809657852315E-002   7.4400547079367394      -0.42016901301904225     
   2.1196640690784703        6.4047195014435552       -6.6155637165770387E-002   8.6308281689598818       -3.3925398101843925E-002   1.2333227808133189       -2.4490283862955476E-002   7.3319760994370293      -0.41546493211347485     
   2.1290971175598585        6.4165632344636219       -6.6378370798054892E-002   8.6994721452744752       -3.7822733840780186E-002   1.2779865705413016       -2.2750074722476216E-002   7.2214924420579507      -0.41086430459331630     
   2.1384954295963134        6.4287877446814443       -6.6584417112352801E-002   8.7668139664190239       -4.1662949948424038E-002   1.3236263090628069       -2.1113728044796380E-002   7.1086778200392979      -0.40636328540355687     
   2.1478607378451771        6.4414011460109730       -6.6774898907087959E-002   8.8328521211190019       -4.5447978103212452E-002   1.3701948331416760       -1.9580747619934415E-002   6.9936047768018321      -0.40195816712759291     
   2.1571947037326606        6.4544111598426195       -6.6950914324765451E-002   8.8975849109801253       -4.9179654753116114E-002   1.4176453220078944       -1.8150597541928954E-002   6.8763447669687681      -0.39764538680253925     
   2.1664988913977878        6.4678250815630847       -6.7113537561779166E-002   8.9610102663539841       -5.2859714841310829E-002   1.4659311000404585       -1.6822702882006883E-002   6.7569686451795441      -0.39342153138068031     
   2.1757748243204924        6.4816498626814152       -6.7263820956907514E-002   9.0231261340923812       -5.6489818164143703E-002   1.5150058680173824       -1.5596438268399494E-002   6.6355460974132585      -0.38928330556151586     
   2.1850239863364300        6.4958921206849203       -6.7402795751427075E-002   9.0839304660440714       -6.0071552703552362E-002   1.5648236686378900       -1.4471126577479992E-002   6.5121457289223450      -0.38522752660617959     
   2.1942477952308939        6.5105581034776403       -6.7531472419775834E-002   9.1434210346154767       -6.3606427337758523E-002   1.6153387017945560       -1.3446040670521643E-002   6.3868355249228861      -0.38125113099132157     
   2.2034476311969184        6.5256537357797795       -6.7650841781118382E-002   9.2015956147303672       -6.7095885737393002E-002   1.6665054348567581       -1.2520398315043918E-002   6.2596825816642045      -0.37735115696085098     
   2.2126247831412802        6.5411845316587796       -6.7761874917678100E-002   9.2584516435392192       -7.0541288764020299E-002   1.7182782625252606       -1.1693365965416350E-002   6.1307539574467711      -0.37352476240074484     
   2.2217805860016502        6.5571558271955643       -6.7865525373855068E-002   9.3139870708284622       -7.3943968589056122E-002   1.7706122430542901       -1.0964045055537058E-002   6.0001148452387669      -0.36976916294666856     
   2.2309162306310721        6.5735724580582069       -6.7962727325427186E-002   9.3681991828734414       -7.7305159738605772E-002   1.8234619896420547       -1.0331487962601953E-002   5.8678313406710352      -0.36608170678597524     
   2.2400329823689447        6.5904391428009976       -6.8054398437834479E-002   9.4210859226656432       -8.0626082378613698E-002   1.8767828892911174       -9.7946802717443111E-003   5.7339674038727271      -0.36245978108822907     
   2.2491320183740040        6.6077601988953560       -6.8141438380515021E-002   9.4726449029058202       -8.3907883900459598E-002   1.9305301421542884       -9.3525532769768455E-003   5.5985872635537204      -0.35890087476989951     
   2.2582145098005717        6.6255396915694025       -6.8224729999030398E-002   9.5228738894299454       -8.7151670945960769E-002   1.9846592095809774       -9.0039783907375215E-003   5.4617542997369153      -0.35540254173019942     
   2.2672815952001106        6.6437813864603807       -6.8305139293310779E-002   9.5717706405776024       -9.0358501311974135E-002   2.0391256341136565       -8.7477692280328295E-003   5.3235314989067266      -0.35196240810986690     
   2.2763343810862762        6.6624887496607768       -6.8383515654753257E-002   9.6193329109704742       -9.3529385801744622E-002   2.0938850172064076       -8.5826818144388913E-003   5.1839815156488287      -0.34857816862313790     
   2.2853739694610700        6.6816650050475266       -6.8460692295604239E-002   9.6655585925936194       -9.6665299291757434E-002   2.1488931629860435       -8.5074148499833489E-003   5.0431663091233974      -0.34524757315114413     
   2.2944014312383803        6.7013130806891237       -6.8537486184334820E-002   9.7104455689820117       -9.9767172678494123E-002   2.2041058964965727       -8.5206113538333489E-003   4.9011476073186397      -0.34196843379968239     
   2.3034178067260180        6.7214356068788010       -6.8614698199984364E-002   9.7539917221602614      -0.10283589445287715        2.2594790441069472       -8.6208592732593611E-003   4.7579869630912128      -0.33873862157462309     
   2.3124241330185060        6.7420349758992355       -6.8693113491222438E-002   9.7961950649232108      -0.10587232122517994        2.3149685815635390       -8.8066929162380573E-003   4.6137453743461041      -0.33555605372876202     
   2.3214214712843062        6.7631134099863512       -6.8773501847623944E-002   9.8370538502918397      -0.10887728763249963        2.3705307848954842       -9.0765960220822537E-003   4.4684828825735412      -0.33241868200000502     
   2.3304108532250134        6.7846728416678372       -6.8856617370299661E-002   9.8765663087289361      -0.11185158907524397        2.4261218816581964       -9.4290028390072011E-003   4.3222594722096233      -0.32932450924561607     
   2.3393932545672786        6.8067148427017736       -6.8943198306441023E-002   9.9147305461643835      -0.11479597422669915        2.4816978665323055       -9.8622977238113640E-003   4.1751355645528383      -0.32627159554434754     
   2.3483696762107349        6.8292408167048322       -6.9033967890148262E-002   9.9515449005078871      -0.11771117276263554        2.5372149849995704       -1.0374820067700630E-002   4.0271707448472958      -0.32325802782477858     
   2.3573411445287880        6.8522520086098648       -6.9129634525247272E-002   9.9870079138309471      -0.12059789567603438        2.5926297169023336       -1.0964867915863692E-002   3.8784237823226051      -0.32028191822148566     
   2.3663086444061983        6.8757493354767254       -6.9230891223225247E-002   10.021118054111600      -0.12345681421694256        2.6478983433271468       -1.1630696275839571E-002   3.7289537777223982      -0.31734142432872875     
   2.3752731599609120        6.8997334855590111       -6.9338416110496792E-002   10.053873883382662      -0.12628857383495318        2.7029771800517746       -1.2370521400555286E-002   3.5788195374051615      -0.31443473325169607     
   2.3842356748678277        6.9242049188702000       -6.9452872561285808E-002   10.085274051921433      -0.12909379477498112        2.7578225606651974       -1.3182523331172867E-002   3.4280796070674882      -0.31156005950576787     
   2.3931971726826147        6.9491638672569440       -6.9574909337026911E-002   10.115317293084404      -0.13187307263135303        2.8123908193128786       -1.4064848459784772E-002   3.2767923056074930      -0.30871564294581849     
   2.4021586506448513        6.9746103726160884       -6.9705160934643323E-002   10.144002460903515      -0.13462698298436851        2.8666383544230714       -1.5015613585364736E-002   3.1250155304856211      -0.30589974250933055     
   2.4111211065426592        7.0005442502941833       -6.9844247591599323E-002   10.171328475922742      -0.13735607760586951        2.9205215271945830       -1.6032907410220579E-002   2.9728070178228085      -0.30311063856869630     
   2.4200855390467391        7.0269650876383229       -6.9992775453470976E-002   10.197294321897015      -0.14006088489920987        2.9739966426852615       -1.7114793090909339E-002   2.8202243775215496      -0.30034663091775932     
   2.4290529345346434        7.0538722011327186       -7.0151336500569622E-002   10.221899007088890      -0.14274190627927610        3.0270198511256452       -1.8259309011024315E-002   2.6673253589686521      -0.29760604089370496     
   2.4380243350008373        7.0812648384587389       -7.0320509960748345E-002   10.245141742474361      -0.14539963664525518        3.0795475261653613       -1.9464480164315137E-002   2.5141667332578290      -0.29488718884604270     
   2.4470007438206558        7.1091418934436037       -7.0500860867139054E-002   10.267021675643962      -0.14803453633957250        3.1315356835493473       -2.0728308797630983E-002   2.3608059410314546      -0.29218842116453536     
   2.4559832072761316        7.1375021502782827       -7.0692941793653638E-002   10.287538100264182      -0.15064705548968166        3.1829404352588662       -2.2048787743079806E-002   2.2072997437739206      -0.28950808370899750     
   2.4649727743693899        7.1663441586840415       -7.0897292379558052E-002   10.306690341487856      -0.15323762209065905        3.2337177265419594       -2.3423897743013483E-002   2.0537049528649471      -0.28684453227707196     
   2.4739705107880425        7.1956662737541777       -7.1114439889559095E-002   10.324477782226474      -0.15580664609342204        3.2838233888462005       -2.4851611970998912E-002   1.9000782356643187      -0.28419612665015281     
   2.4829774925484673        7.2254666314909901       -7.1344899362696723E-002   10.340899842056855      -0.15835451751712071        3.3332130749299003       -2.6329897558030987E-002   1.7464762698869905      -0.28156123072203992     
   2.4919948268855072        7.2557432137607716       -7.1589174471560893E-002   10.355956006405826      -0.16088161223103353        3.3818423422046999       -2.7856721499801326E-002   1.5929554349217991      -0.27893820464122815     
   2.5010236391656528        7.2864938018938492       -7.1847757582317873E-002   10.369645788639872      -0.16338828798801119        3.4296665450457988       -2.9430051080035078E-002   1.4395720854961613      -0.27632540693270158     
   2.5100650870988348        7.3177160203986320       -7.2121130551644180E-002   10.381968740424062      -0.16587488810441614        3.4766408736869194       -3.1047858715601513E-002   1.2863823628758904      -0.27372118861842515     
   2.5191203407994083        7.3494072633212033       -7.2409764553718822E-002   10.392924411470620      -0.16834173562618648        3.5227202110501814       -3.2708120716077663E-002   1.1334425882804593      -0.27112389718444335     
   2.5281906176896101        7.3815648096642548       -7.2714121603359119E-002   10.402512382580390      -0.17078914249872515        3.5678592711862307       -3.4408825781641325E-002  0.98080873056814033      -0.26853186472602836     
   2.5372771661023994        7.4141857617850357       -7.3034654587475656E-002   10.410732225492586      -0.17321740451543260        3.6120124662112101       -3.6147974281449238E-002  0.82853674781260545      -0.26594341084588113     
   2.5463812591051798        7.4472670153784337       -7.3371807525980673E-002   10.417583486040028      -0.17562679917640697        3.6551338304892047       -3.7923578970138219E-002  0.67668275556160395      -0.26335684249215152     
   2.5555042194694382        7.4808053417094316       -7.3726017007773745E-002   10.423065690706263      -0.17801759172588330        3.6971770897132021       -3.9733671652034661E-002  0.52530267905298356      -0.26077044489844348     
   2.5646474171993008        7.5147973721051793       -7.4097712761263521E-002   10.427178321756488      -0.18039003367618986        3.7380955878783504       -4.1576304588574815E-002  0.37445237341610571      -0.25818248030065649     
   2.5738122670813213        7.5492395801620562       -7.4487318207145908E-002   10.429920796326671      -0.18274436133160499        3.7778422137795551       -4.3449551643506674E-002  0.22418774671711056      -0.25559118654540092     
   2.5830002402449157        7.5841283150395888       -7.4895251623347661E-002   10.431292450565445      -0.18508079784785261        3.8163693850596228       -4.5351512098357423E-002   7.4564658308594017E-002 -0.25299477164465906     
   2.5922128636757344        7.6194597890605174       -7.5321926874855782E-002   10.431292516228842      -0.18739955204429065        3.8536289719722148       -4.7280311892851166E-002  -7.4360976368731346E-002 -0.25039141164193179     
   2.6014517321218622        7.6552301112460599       -7.5767754750237934E-002   10.429920097068916      -0.18970082023931137        3.8895722661281655       -4.9234107262204972E-002 -0.22253327412782964      -0.24777924485874156     
   2.6107185114430038        7.6914352874867680       -7.6233143999855521E-002   10.427174140100357      -0.19198478574132358        3.9241499039594108       -5.1211086446935596E-002 -0.36989632196853195      -0.24515636842381289     
   2.6200149456638719        7.7280712334254922       -7.6718502610599953E-002   10.423053404533979      -0.19425161911926819        3.9573117965087810       -5.3209471979502862E-002 -0.51639416389071857      -0.24252083359890747     
   2.6293428660491309        7.7651337939304126       -7.7224239274109430E-002   10.417556425937187      -0.19650147877394339        3.9890070553653567       -5.5227523210787673E-002 -0.66197080602148917      -0.23987064035099873     
   2.6387041986891346        7.8026187551113422       -7.7750764875039902E-002   10.410681476718951      -0.19873451093133995        4.0191839007073158       -5.7263538304166438E-002 -0.80657018278135728      -0.23720373213725682     
   2.6481009741827237        7.8405218626421274       -7.8298494189723386E-002   10.402426521411932      -0.20095084991684703        4.0477895632161749       -5.9315856444349543E-002 -0.95013613902148941      -0.23451798985641889     
   2.6575353413112164        7.8788388540660446       -7.8867847939730715E-002   10.392789162975253      -0.20315061909875437        4.0747701818182938       -6.1382860665511282E-002  -1.0926124528415222      -0.23181122437946533     
   2.6670095739426154        7.9175654611289037       -7.9459254573548715E-002   10.381766589914534      -0.20533392994638561        4.1000706634578936       -6.3462978917399493E-002  -1.2339427328983688      -0.22908117069793929     
   2.6765261075828128        7.9566975304671672       -8.0073154062915819E-002   10.369355481427998      -0.20750088755841525        4.1236345996816706       -6.5554691326978623E-002  -1.3740707300662529      -0.22632547314131204     
   2.6860875219590352        7.9962309200274202       -8.0709998488961862E-002   10.355551968746823      -0.20965158337684073        4.1454040158653269       -6.7656525255320260E-002  -1.5129398142266806      -0.22354168570979421     
   2.6956965826408843        8.0361616326828624       -8.1370256506056032E-002   10.340351519457759      -0.21178610105711512        4.1653192502357124       -6.9767062925058992E-002  -1.6504932962523315      -0.22072725488239539     
   2.7053562618635549        8.0764858608249703       -8.2054416809936540E-002   10.323748831085842      -0.21390451691864112        4.1833187371423257       -7.1884944037313048E-002  -1.7866743904317739      -0.21787950775248896     
   2.7150697604183844        8.1172000293208590       -8.2762991918530662E-002   10.305737713197207      -0.21600690004893139        4.1993387559207189       -7.4008868105489636E-002  -1.9214261447047649      -0.21499563914283540     
   2.7248405383209309        8.1583008680487801       -8.3496522863045250E-002   10.286310942348750      -0.21809331363661735        4.2133131521896914       -7.6137598125331982E-002  -2.0546914379086689      -0.21207269529075962     
   2.7346723547682741        8.1997855153675108       -8.4255584954078491E-002   10.265460081971291      -0.22016381741415705        4.2251730164876289       -7.8269965576643882E-002  -2.1864130322667590      -0.20910755371228543     
   2.7445692949249754        8.2416515559682004       -8.5040792948766736E-002   10.243175312461364      -0.22221846632747194        4.2348462832485074       -8.0404871766296085E-002  -2.3165333671574597      -0.20609690581716691     
   2.7545358684693557        8.2838973500467006       -8.5852812424338662E-002   10.219445077848393      -0.22425732288347866        4.2422573214658250       -8.2541303683587697E-002  -2.4449951951961237      -0.20303721619026333     
   2.7645770116282433        8.3265219393671348       -8.6692364172585246E-002   10.194255920022819      -0.22628044789877128        4.2473263291241823       -8.4678327832670985E-002  -2.5717408189712163      -0.19992470931098955     
   2.7746981856180386        8.3695253421956508       -8.7560236908514694E-002   10.167592069456681      -0.22828790958190323        4.2499687146932388       -8.6815103505757760E-002  -2.6967124548375483      -0.19675532479448529     
   2.7849054975760374        8.4129089214177597       -8.8457303146290064E-002   10.139434919214150      -0.23027979439470259        4.2500943049800046       -8.8950898842903872E-002  -2.8198526480485429      -0.19352466232977306     
   2.7952057490889226        8.4566754153112118       -8.9384529918774575E-002   10.109762647698233      -0.23225620091260826        4.2476063643327100       -9.1085089512718390E-002  -2.9411035715924632      -0.19022794587530534     
   2.8056066707865086        8.5008297210511738       -9.0343007333399492E-002   10.078549266459918      -0.23421726641072180        4.2424003821227156       -9.3217193530099357E-002  -3.0604082658444365      -0.18685992434623394     
   2.8161170253955956        8.5453790698434009       -9.1333967436041580E-002   10.045763954032736      -0.23616316322753739        4.2343625614664502       -9.5346874997143657E-002  -3.1777099045705133      -0.18341480802247853     
   2.8267468748606319        8.5903338342594981       -9.2358820207552664E-002   10.011369821540939      -0.23809412076800013        4.2233678878183945       -9.7473977258979869E-002  -3.2929524952230125      -0.17988614478705089     
   2.8375079082333730        8.6357085051124773       -9.3419198819049434E-002   9.9753223404569944      -0.24001045036180041        4.2092775957728303       -9.9598561850423581E-002  -3.4060815381029292      -0.17626666547979011     
   2.8484138232759615        8.6815227764931588       -9.4517014296972818E-002   9.9375674270963490      -0.24191256934755348        4.1919358928554802      -0.10172094991029113       -3.5170443679820891      -0.17254809744810060     
   2.8594809349558723        8.7278034212539843       -9.5654538344981291E-002   9.8980385367154256      -0.24380105102893168        4.1711654379062280      -0.10384179693449619       -3.6257916375655133      -0.16872088238245714     
   2.8707289387452799        8.7745865779209922       -9.6834510025670700E-002   9.8566528938725959      -0.24567668084907374        4.1467612157130036      -0.10596218124019682       -3.7322785949219113      -0.16477381349553746     
   2.8820039781325049        8.8211878356947366       -9.8041048747471923E-002   9.8139889640709246      -0.24751192676476083        4.1189480592270202      -0.10805105023157009       -3.8348806514348848      -0.16075742604473586     
   2.8932561358182713        8.8673629840289081       -9.9268409021178394E-002   9.7702818091305375      -0.24929795638185923        4.0878328592721882      -0.11009817089887321       -3.9330892911462145      -0.15668767774108527     
   2.9044877335081574        8.9130857510107262      -0.10051628405307825        9.7255761392562317      -0.25103470218810620        4.0534172940019033      -0.11210332785174570       -4.0269011219669375      -0.15256238478015380     
   2.9157010157268943        8.9583295508066829      -0.10178437297124862        9.6799160754319580      -0.25272203586000574        4.0157036240406905      -0.11406637064882476       -4.1163130473175897      -0.14837944794218880     
   2.9268982851933183        9.0030679946821337      -0.10307239604791402        9.6333446651532650      -0.25435978942703025        3.9746942463897699      -0.11598723049833971       -4.2013232967599583      -0.14413680568591355     
   2.9380817702733029        9.0472743163741054      -0.10438007982568176        9.5859044762015735      -0.25594773552415728        3.9303921154724799      -0.11786589004047812       -4.2819302789720473      -0.13983248697826628     
   2.9492536264614686        9.0909213525183858      -0.10570715670611845        9.5376376719677420      -0.25748558920746889        3.8828008192802757      -0.11970237820464040       -4.3581326409038388      -0.13546461669708365     
   2.9604158708634971        9.1339812693327431      -0.10705335638469263        9.4885863790829763      -0.25897300101946769        3.8319249759655833      -0.12149675484484308       -4.4299289195834293      -0.13103144853323645     
   2.9715705171989413        9.1764260715745980      -0.10841842128718862        9.4387921758195876      -0.26040957727596681        3.7777697509579351      -0.12324912837146969       -4.4973185331550507      -0.12653131958127659     
   2.9827195768888166        9.2182275735409362      -0.10980210668110073        9.3882961317698346      -0.26179488048106625        3.7203408497649781      -0.12495965050401792       -4.5603017373325514      -0.12196265587065193     
   2.9938649931940664        9.2593571248855451      -0.11120417226411708        9.3371391567534179      -0.26312842189385266        3.6596448904016317      -0.12662850143457619       -4.6188792508503340      -0.11732400659504753     
   3.0050087091626492        9.2997858431091593      -0.11262439021949980        9.2853617461504854      -0.26440967107079266        3.5956891109921578      -0.12825589606392745       -4.6730526712182536      -0.11261402459963524     
   3.0161526015928306        9.3394843494635005      -0.11406253651498620        9.2330043345510671      -0.26563804913875289        3.5284817915838400      -0.12984207020613675       -4.7228241681705274      -0.10783150288928706     
   3.0272985489538926        9.3784229963398111      -0.11551839914521353        9.1801070288253044      -0.26681293785318660        3.4580319311081440      -0.13138728685701662       -4.7681968625681321      -0.10297535563873293     
   3.0384484323394223        9.4165718416266149      -0.11699177808741307        9.1267096422420195      -0.26793368023320985        3.3843492642052566      -0.13289183229578103       -4.8091748211698038       -9.8044627111269864E-002
   3.0496040691311270        9.4539004004963338      -0.11848247618589597        9.0728520544845157      -0.26899957499673444        3.3074447563072340      -0.13435600369320513       -4.8457628514225997       -9.3038531692896762E-002
   3.0607672810029900        9.4903778631128191      -0.11999030767412583        9.0185739291414748      -0.27000988493488620        3.2273302342646035      -0.13578011529164816       -4.8779668241696248       -8.7956435669955507E-002
   3.0719399623250707        9.5259732833528830      -0.12151510732242803        8.9639144133554893      -0.27096384340413393        3.1440179038600702      -0.13716450332961710       -4.9057938456634798       -8.2797836917209378E-002
   3.0831239462479489        9.5606551140012659      -0.12305671208200487        8.9089128249345855      -0.27186064310271091        3.0575213530042045      -0.13850950569316905       -4.9292518935061427       -7.7562438087509164E-002
   3.0943211407265996        9.5943916125482485      -0.12461497935086549        8.8536080231941323      -0.27269944867887214        2.9678545850347979      -0.13981547565885777       -4.9483501858812113       -7.2250096792266141E-002
   3.1055333941428835        9.6271503977081849      -0.12618976813502997        8.7980391050237152      -0.27347938709076436        2.8750331105152034      -0.14108276275841605       -4.9630989386635136       -6.6860902246973164E-002
   3.1167626318667607        9.6588988338201496      -0.12778095770916828        8.7422447657897919      -0.27419955909538590        2.7790729118473840      -0.14231172585416574       -4.9735096459782993       -6.1395125001142324E-002
   3.1278926156452642        9.6892870258917352      -0.12937148054496983        8.6868521182338494      -0.27485243124310271        2.6810472007358350      -0.14349041661908879       -4.9795535229351104       -5.5911827512779989E-002
   3.1388526243445320        9.7181295812819322      -0.13095032337899007        8.6322624366256679      -0.27543535072817360        2.5817318832127434      -0.14461310474277375       -4.9813800651550979       -5.0450157713519010E-002
   3.1496599844749449        9.7454900803151734      -0.13251902629874590        8.5784350650955545      -0.27595121803250078        2.4811406112219414      -0.14568357016779551       -4.9792089146673852       -4.5006312979537617E-002
   3.1603305635657706        9.7714240589196635      -0.13407903599283019        8.5253325364078858      -0.27640254101198858        2.3792806857513971      -0.14670518153068851       -4.9732332087470352       -3.9576898300764357E-002
   3.1708776094043531        9.7959767744497004      -0.13563151702820117        8.4729270727566046      -0.27679143527985289        2.2761673412493644      -0.14768082436391261       -4.9636244662208249       -3.4159587036299364E-002
   3.1813123732319308        9.8191856237872113      -0.13717742356357066        8.4211980268206688      -0.27711971318129208        2.1718213346316468      -0.14861300584814022       -4.9505371139002134       -2.8752880981995126E-002
   3.1916444311999745        9.8410816109590282      -0.13871753159890507        8.3701306920340688      -0.27738894513446455        2.0662685527606994      -0.14950391967917739       -4.9341119976230710       -2.3356004676667333E-002
   3.2018821032316529        9.8616908517162010      -0.14025248920167563        8.3197145381869824      -0.27760051212542458        1.9595379779960407      -0.15035551104560918       -4.9144788447272303       -1.7968734327400725E-002
   3.2120326762618290        9.8810354874622526      -0.14178284053794399        8.2699423541156829      -0.27775564211310561        1.8516610752379781      -0.15116951717528668       -4.8917582214521822       -1.2591316269756979E-002
   3.2221025868745934        9.8991344150187590      -0.14330904575043055        8.2208095432461974      -0.27785543891428316        1.7426712365655934      -0.15194749977405780       -4.8660630581389439       -7.2243986395312629E-003
   3.2320974793081914        9.9160037188488559      -0.14483148338966018        8.1723139902549882      -0.27790090497817777        1.6326043042120899      -0.15269086435505944       -4.8375001167537288       -1.8690233026409193E-003
   3.2420224897231300        9.9316574305770118      -0.14635048841166731        8.1244548005914918      -0.27789296152235859        1.5214963962452233      -0.15340089376408539       -4.8061705273090070        3.4735082558857398E-003
   3.2518822053928229        9.9461076583288914      -0.14786634177638724        8.0772326048680707      -0.27783246243667975        1.4093850873638147      -0.15407875447598679       -4.7721709259817526        8.8015995674765053E-003
   3.2616807662668363        9.9593649419302324      -0.14937928227400629        8.0306491498852424      -0.27772020751022275        1.2963089295074319      -0.15472551237500143       -4.7355940662044116        1.4113402635430254E-002
   3.2714219912959619        9.9714385810740485      -0.15088952292293764        7.9847067675593948      -0.27755695195101121        1.1823065336804717      -0.15534214804261937       -4.6965291107815705        1.9406877923464603E-002
   3.2811092742356616        9.9823366411421812      -0.15239723214761433        7.9394089244850461      -0.27734341759884468        1.0674182473842662      -0.15592955605828684       -4.6550627000150619        2.4679731321298932E-002
   3.2907458196876513        9.9920663635422677      -0.15390256805688360        7.8947591573137421      -0.27708029725412675       0.95168378545261390      -0.15648856500379779       -4.6112785657310678        2.9929537727511231E-002
   3.3003345360576071        10.000634133471058      -0.15540565984013074        7.8507616193557563      -0.27676826362580875       0.83514381797798265      -0.15701993498441177       -4.5652584393243298        3.5153679728936266E-002
   3.3098781263890737        10.008045670612216      -0.15690662013567591        7.8074206912053876      -0.27640797365718550       0.71783918418291826      -0.15752436685962010       -4.5170820804563716        4.0349395160506576E-002
   3.3193791211586912        10.014306127027623      -0.15840554864976755        7.7647408641122455      -0.27600007264087872       0.59981073588470957      -0.15800250707898822       -4.4668274640752097        4.5513794206102000E-002
   3.3288398265783874        10.019420125924112      -0.15990252259208981        7.7227269963801426      -0.27554520158718471       0.48110020548907206      -0.15845494796611223       -4.4145713817223315        5.0643831579653936E-002
   3.3382624123307352        10.023391892077077      -0.16139760922894400        7.6813839362986434      -0.27504399838515792       0.36174932186747494      -0.15888223481054517       -4.3603892810139220        5.5736355531766070E-002
   3.3476489422214919        10.026225309655254      -0.16289086966634828        7.6407164106812662      -0.27449709971196318       0.24179958238127211      -0.15928486917571100       -4.3043553184078105        6.0788126320507410E-002
   3.3570013213098364        10.027923950985896      -0.16438234944003183        7.6007292720947239      -0.27390514748971079       0.12129307566089836      -0.15966330839983836       -4.2465428877053135        6.5795790405700438E-002
   3.3663213813917299        10.028491146501437      -0.16587209118980609        7.5614271424712687      -0.27326878710782393        2.7152392700800776E-004 -0.16001797088677988       -4.1870243069264026        7.0755929825318628E-002
   3.3756108277086980        10.027930012130875      -0.16736012532473263        7.5228146542084868      -0.27258867355823663      -0.12122291303524056      -0.16034923530847139       -4.1258713186071683        7.5665037597890089E-002
   3.3848712684977573        10.026243497653290      -0.16884647393896798        7.4848963306034779      -0.27186547243499465      -0.24314790632010558      -0.16065744316782329       -4.0631550756232118        8.0519538322491618E-002
   3.3941042987677275        10.023434395843477      -0.17033116356167954        7.4476762558169138      -0.27109985538531123      -0.36546197098129829      -0.16094290249031856       -3.9989457019589776        8.5315836876820969E-002
   3.4033113782072495        10.019505392383502      -0.17181420489550131        7.4111585835256655      -0.27029251165994234      -0.48812277296407541      -0.16120588464018046       -3.9333132441856589        9.0050259814005634E-002
   3.4124939147845237        10.014459081545100      -0.17329560560035573        7.3753471991386199      -0.26944414361212843      -0.61108814901964181      -0.16144662796071951       -3.8663272256744223        9.4719105254020247E-002
   3.4216532793472605        10.008297972561380      -0.17477537208464877        7.3402456739193580      -0.26855546662567020      -0.73431623758031395      -0.16166533861981328       -3.7980566290377986        9.9318656150202758E-002
   3.4307907928716790        10.001024509987328      -0.17625350690971814        7.3058573246344709      -0.26762721144434204      -0.85776524782966834      -0.16186219064857710       -3.7285700713715655       0.10384517992618408     
   3.4399077137836547        9.9926411046618870      -0.17773000620956245        7.2721852653768186      -0.26666012680175172      -0.98139322864527401      -0.16203732611556027       -3.6579359867381944       0.10829492905493812     
   3.4490052794866415        9.9831501153525579      -0.17920486591065046        7.2392322572684940      -0.26565497622403778       -1.1051585767178334      -0.16219085628577484       -3.5862223832403637       0.11266416848925362     
   3.4580847069515559        9.9725538509609404      -0.18067808136226074        7.2070007177863262      -0.26461253847756599       -1.2290199991601525      -0.16232286160701520       -3.5134968934838433       0.11694918232952882     
   3.4671471662760793        9.9608546098355966      -0.18214964258485178        7.1754928217375271      -0.26353361124792202       -1.3529361074784734      -0.16243339134539347       -3.4398270443398586       0.12114626825809481     
   3.4761938083479160        9.9480546597774708      -0.18361953830452785        7.1447104068063290      -0.26241900866295653       -1.4768657510048004      -0.16252246401759446       -3.3652800933448330       0.12525175796394308     
   3.4852257653516294        9.9341562418390446      -0.18508775559800833        7.1146549791561169      -0.26126956158916820       -1.6007679840394169      -0.16259006721676497       -3.2899230715292838       0.12926202434434650     
   3.4942441512561193        9.9191615746220076      -0.18655427953937856        7.0853277179545548      -0.26008611788216507       -1.7246020340350172      -0.16263615738397696       -3.2138228242844304       0.13317348881348690     
   3.5032500891889460        9.9030728093257263      -0.18801909722403651        7.0567293944631979      -0.25886953890435926       -1.8483276405018096      -0.16266065956511958       -3.1370458197459765       0.13698263993179888     
   3.5122446580233193        9.8858921245802858      -0.18948218865456035        7.0288605497583845      -0.25762070675953141       -1.9719042850437152      -0.16266346679343890       -3.0596586409609490       0.14068601746756498     
   3.5212289466507287        9.8676216360123696      -0.19094353513986737        7.0017213253983011      -0.25634051714405381       -2.0952919013520646      -0.16264443983448670       -2.9817275629574826       0.14428024261754901     
   3.5302040409025652        9.8482634157675708      -0.19240311673878191        6.9753115137768749      -0.25502988092844897       -2.2184506606090859      -0.16260340647515314       -2.9033186957551811       0.14776201875142037     
   3.5391710507955150        9.8278194280624174      -0.19386091625323698        6.9496304874544501      -0.25368971990988903       -2.3413413095929063      -0.16254016060816329       -2.8244977769816018       0.15112814791140561     
   3.5481310437641382        9.8062916770846993      -0.19531690792836312        6.9246773984978160      -0.25232097652533519       -2.4639242196747486      -0.16245446185814508       -2.7453307896796919       0.15437551165646890     
   3.5570851524936082        9.7836819531977834      -0.19677107452498235        6.9004508796289423      -0.25092459734425154       -2.5861608272523529      -0.16234603381495122       -2.6658830441110113       0.15750111686765425     
   3.5660344678781177        9.7599920827121167      -0.19822338945627638        6.8769493514625299      -0.24950154901175206       -2.7080121315643568      -0.16221456397252187       -2.5862201531157805       0.16050206214001581     
   3.5749801065794617        9.7352237627689746      -0.19967382728599958        6.8541708400458328      -0.24805280761747547       -2.8294395814166515      -0.16205970199630060       -2.5064074665370222       0.16337556771353209     
   3.5839231980114672        9.7093785854053269      -0.20112236111334578        6.8321130212016810      -0.24657936023965252       -2.9504048574228943      -0.16188105856583646       -2.4265102167596599       0.16611897545315063     
   3.5928648847744391        9.6824580306588608      -0.20256896212544667        6.8107732260931249      -0.24508220445592205       -3.0708698373247385      -0.16167820400568814       -2.3465935466024539       0.16872975356004863     
   3.6018063500021276        9.6544633743503052      -0.20401360347455325        6.7901483849740796      -0.24356234324762502       -3.1907969203174615      -0.16145066608763917       -2.2667222978507451       0.17120550828922537     
   3.6107487775235212        9.6253957995556867      -0.20545625326199690        6.7702351299163954      -0.24202079118868414       -3.3101484448205745      -0.16119792925563908       -2.1869614021288220       0.17354397586816864     
   3.6196933523342434        9.5952563993908608      -0.20689687404128382        6.7510297924284464      -0.24045857414209498       -3.4288866543962118      -0.16091943309448142       -2.1073759116889512       0.17574302746266765     
   3.6286413284907222        9.5640459411255279      -0.20833543312860092        6.7325282634827719      -0.23887671694637500       -3.5469745508033785      -0.16061456828354886       -2.0280304327387340       0.17780068890361980     
   3.6375939623588347        9.5317650766794948      -0.20977189117394593        6.7147261470873003      -0.23727625450359471       -3.6643749523292541      -0.16028267639562724       -1.9489897610790716       0.17971512593637920     
   3.6465525401851724        9.4984142447647226      -0.21120620590763536        6.6976187044841069      -0.23565822658824781       -3.7810508075953821      -0.15992304681201902       -1.8703186789456809       0.18148465352332244     
   3.6555183787771179        9.4639936595285103      -0.21263833150418271        6.6812008583151767      -0.23402367729789247       -3.8969651471267315      -0.15953491418301319       -1.7920819945971769       0.18310773759405943     
   3.6644928330089401        9.4285032725577551      -0.21406821898782483        6.6654671840301321      -0.23237365328396425       -4.0120811196887241      -0.15911745537034486       -1.7143445257064620       0.18458299755859428     
   3.6734772898429457        9.3919427866472756      -0.21549581443183552        6.6504119254049767      -0.23070920447741999       -4.1263618508935460      -0.15866978674391125       -1.6371712038978254       0.18590920596388535     
   3.6824731691537536        9.3543116462013600      -0.21692105819771285        6.6360289951202303      -0.22903138364792142       -4.2397703887594735      -0.15819096101515503       -1.5606271218569294       0.18708528937153238     
   3.6914819518977198        9.3156089094467411      -0.21834388842886956        6.6223119335146094      -0.22734124086416896       -4.3522699864950676      -0.15767996223306960       -1.4847773542972280       0.18811033183995621     
   3.7005051470779553        9.2758333764378946      -0.21976423477551127        6.6092539646317672      -0.22563982942428501       -4.4638236090011976      -0.15713570373050464       -1.4096873046116942       0.18898356995203444     
   3.7095443132623185        9.2349834913389888      -0.22118202069625631        6.5968479625967626      -0.22392820169425640       -4.5743941251387961      -0.15655702291955115       -1.3354225902042023       0.18970439494093558     
   3.7186010597834009        9.1930573272216218      -0.22259716244481564        6.5850864513118079      -0.22220740877621598       -4.6839442362965187      -0.15594267673755499       -1.2620491078772138       0.19027235138794649     
   3.7276770618215695        9.1500525054291728      -0.22400957012350092        6.5739615859884477      -0.22047849761094063       -4.7924365656965602      -0.15529133571503570       -1.1896329941287114       0.19068713620956632     
   3.7367740481045186        9.1059662413772209      -0.22541914434891930        6.5634651694588735      -0.21874251337054465       -4.8998334096736569      -0.15460157945104619       -1.1182408145344307       0.19094859548337345     
   3.7458938023942951        9.0607953314965872      -0.22682577498470272        6.5535886461802493      -0.21700049934193474       -5.0060966557060089      -0.15387189085965353       -1.0479396427362750       0.19105672254031014     
   3.7550381929558054        9.0145359984335940      -0.22822934404173914        6.5443230668532237      -0.21525349155130596       -5.1111880150823588      -0.15310064753798269      -0.97879693504964216       0.19101165553369176     
   3.7642091536620161        8.9671839724373665      -0.22962972094973072        6.5356591063281098      -0.21350252273709497       -5.2150686788754221      -0.15228611628231875      -0.91088079120301324       0.19081367354981868     
   3.7734087140501305        8.9187343270670532      -0.23102676518919862        6.5275870291460265      -0.21174861710806681       -5.3176995297962311      -0.15142644288892088      -0.84425985263894332       0.19046319244581805     
   3.7826389806943914        8.8691815632152604      -0.23242032128315041        6.5200967014609530      -0.20999279453980788       -5.4190407876222917      -0.15051964541827625      -0.77900357672481979       0.18996076093327996     
   3.7919021679613185        8.8185194352681719      -0.23381022109747404        6.5131775563803274      -0.20823606551221985       -5.5190521975383513      -0.14956360211833936      -0.71518216233318133       0.18930705483192695     
   3.8012005975356109        8.7667409377998542      -0.23519628113024652        6.5068185872308621      -0.20647943219575210       -5.6176928502598384      -0.14855604115570953      -0.65286672208232321       0.18850287160266815     
   3.8105367160292851        8.7138381933119025      -0.23657830224413984        6.5010083250407513      -0.20472388631883945       -5.7149211820893067      -0.14749452741745267      -0.59212934639487236       0.18754912333905485     
   3.8199131024329800        8.6598023931981079      -0.23795606754638896        6.4957348224892417      -0.20297040921125231       -5.8106948438494515      -0.14637644904424343      -0.53304326013852521       0.18644682987306682     
   3.8293324796239294        8.6046237154848217      -0.23932934051919277        6.4909856325376163      -0.20121997134693859       -5.9049705923100424      -0.14519900213149001      -0.47568297386541131       0.18519711122865024     
   3.8387977428676652        8.5482911396337364      -0.24069786519095737        6.4867477772362498      -0.19947352905990698       -5.9977043226202342      -0.14395917155918136      -0.42012436214740745       0.18380117711313301     
   3.8483119748074484        8.4907923339961364      -0.24206136379468979        6.4830077234169297      -0.19773202419917019       -6.0888509254273240      -0.14265371131158724      -0.36644486635063872       0.18226031704216622     
   3.8578784668505088        8.4321135026988383      -0.24341953477947037        6.4797513524899211      -0.19599638304046463       -6.1783641707476340      -0.14127912170614335      -0.31472369788329879       0.18057588904685451     
   3.8675007510190267        8.3722391634820958      -0.24477205161297683        6.4769639242975643      -0.19426751383797852       -6.2661966431592475      -0.13983162236074378      -0.26504203408532839       0.17874930574464265     
   3.8771826259527140        8.3111519550575998      -0.24611855992246365        6.4746300404779591      -0.19254630608924064       -6.3522995652489005      -0.13830712269731424      -0.21748330601242069       0.17678202047900057     
   3.8869282062893329        8.2488322910600864      -0.24745867692152620        6.4727335982503869      -0.19083362639464824       -6.4366227647324052      -0.13670118495159039      -0.17213343932078248       0.17467550789744243     
   3.8967419576158338        8.1852580952201173      -0.24879198762271373        6.4712577444276276      -0.18913031785007894       -6.5191144281129922      -0.13500898465406602      -0.12908125623283428       0.17243124614498750     
   3.9066287579612395        8.1204043582239045      -0.25011804329455029        6.4701848184417070      -0.18743719588038693       -6.5997209892340640      -0.13322526119493128       -8.8418854356940149E-002  0.17005069231158129     
   3.9165939627766888        8.0542426579772268      -0.25143635860839647        6.4694962895684203      -0.18575504491267861       -6.6783869205043471      -0.13134426070726432       -5.0242104598645851E-002  0.16753525539806477     
   3.9266434895775548        7.9867405358322472      -0.25274640925832625        6.4691726841845352      -0.18408461342624460       -6.7550545332444560      -0.12935966684418237       -1.4651228683312652E-002  0.16488626289537928     
   3.9367839173583961        7.9178607560794054      -0.25404762883383902        6.4691935020190936      -0.18242660869730257       -6.8296637050276177      -0.12726451808600320        1.8248478485234816E-002  0.16210492168583832     
   3.9470226124335022        7.8475603662326527      -0.25533940576551956        6.4695371178736085      -0.18078168987567364       -6.9021515736447876      -0.12505110652109067        4.8345770424845391E-002  0.15919226988356178     
   3.9573678896267150        7.7757894895535582      -0.25662108048961907        6.4701806656290364      -0.17915045878778521       -6.9724521888978499      -0.12271085228309048        7.5522364029943140E-002  0.15614911642150486     
   3.9678292176050638        7.7024897796721961      -0.25789194259396897        6.4710998998127112      -0.17753344819677314       -7.0404960855098606      -0.12023414639675008        9.9651567971827157E-002  0.15297596503390462     
   3.9784174847369580        7.6275924118716638      -0.25915122814446206        6.4722690278667594      -0.17593110647097268       -7.1062097566166953      -0.11761015108368612       0.12059652680346153       0.14967291689165504     
   3.9891453525436318        7.5510154049456828      -0.26039811787990613        6.4736605040120505      -0.17434377665809955       -7.1695150167427366      -0.11482654082651247       0.13820794332700753       0.14623954242553769     
   4.0000277314938648        7.4726600048507619      -0.26163173663520889        6.4752447712005958      -0.17277166786567486       -7.2303281995102218      -0.11186916065118313       0.15232105916195188       0.14267470982218708     
   4.0110552783993922        7.3926036308442598      -0.26284820232147921        6.4769855115459904      -0.17121858953741342       -7.2884204844061360      -0.10872947926028917       0.16273079429258111       0.13898552455231436     
   4.0220636931689047        7.3120668836313998      -0.26402720829077564        6.4788160558661403      -0.16970917300276150       -7.3428327676413927      -0.10544604426555884       0.16918243558126703       0.13523308308608464     
   4.0330550748661018        7.2310769036585576      -0.26516748336350182        6.4806928988307702      -0.16824365269651151       -7.3935626883357521      -0.10201298470647270       0.17166844390309408       0.13142434379696033     
   4.0440318756439479        7.1496577104180963      -0.26626771156401702        6.4825727531717705      -0.16682216377533346       -7.4406094198700092       -9.8424044971955491E-002  0.17018299532418388       0.12756588696695317     
   4.0549963766350778        7.0678340941466820      -0.26732647136172305        6.4844124235809240      -0.16544481769910543       -7.4839710159978781       -9.4672730675077463E-002  0.16472158844071691       0.12366409535439789     
   4.0659508208735486        6.9856307094607857      -0.26834224574758253        6.4861687898972438      -0.16411168679386062       -7.5236450736409770       -9.0752261252180125E-002  0.15528111838685291       0.11972511262960128     
   4.0768973490766696        6.9030726219985734      -0.26931341212817328        6.4877987606664389      -0.16282281450918401       -7.5596285239143430       -8.6655585998083040E-002  0.14185995306054563       0.11575487075064153     
   4.0878380665833216        6.8201848704612251      -0.27023824450579348        6.4892592510374216      -0.16157820927100663       -7.5919179246573885       -8.2375354528474151E-002  0.12445793033285839       0.11175907071995027     
   4.0987749788661647        6.7369930137702836      -0.27111490363992552        6.4905071438539803      -0.16037785388797257       -7.6205093035400688       -7.7903935896387236E-002  0.10307650217338767       0.10774321095959521     
   4.1097100254053656        6.6535229345590805      -0.27194143605300419        6.4914992697134206      -0.15922170301125987       -7.6453983452743630       -7.3233402406946368E-002   7.7718785236230575E-002  0.10371258025887473     
   4.1206451464082532        6.5698003816205715      -0.27271577432573973        6.4921923881772701      -0.15810967795328157       -7.6665805742167121       -6.8355495763202601E-002   4.8389454084248912E-002   9.9672238310951067E-002
   4.1315821850504806        6.4858517661242390      -0.27343572489639606        6.4925431568304841      -0.15704167868618471       -7.6840511714147901       -6.3261664514137214E-002   1.5095030015069025E-002   9.5627057128756687E-002
   4.1425230200025736        6.4017031937752664      -0.27409897206145972        6.4925081169351966      -0.15601757222122664       -7.6978052460274293       -5.7942999834534499E-002  -2.2156433844877657E-002   9.1581677691617888E-002
   4.1534694344616376        6.3173815150406210      -0.27470306383422799        6.4920436688154108      -0.15503720711873600       -7.7078376439258731       -5.2390292489081364E-002  -6.3354905343273205E-002   8.7540564175615454E-002
   4.1644232819313425        6.2329130935924502      -0.27524541580897838        6.4911060486095833      -0.15410039989822710       -7.7141431482632754       -4.6593947448669105E-002 -0.10848891088511868        8.3507948806597745E-002
   4.1753863550137824        6.1483248590234014      -0.27572329707739990        6.4896513089892247      -0.15320694892502201       -7.7167163257995313       -4.0544045127918669E-002 -0.15754503634722844        7.9487886752458270E-002
   4.1863604522913205        6.0636438345708195      -0.27613382738862363        6.4876352962371726      -0.15235663003733213       -7.7155515904887464       -3.4230305613704728E-002 -0.21050813041913005        7.5484238072747276E-002
   4.1973474124652776        5.9788969161920544      -0.27647397077386693        6.4850136174802513      -0.15154919599030622       -7.7106431541463323       -2.7642065407401228E-002 -0.26736146499582769        7.1500662368602266E-002
   4.2083490488804198        5.8941114212665209      -0.27674052545423972        6.4817416286152563      -0.15078438330273466       -7.7019850064111930       -2.0768314343529770E-002 -0.32808638911591115        6.7540649965340205E-002
   4.2193672503698121        5.8093143560059319      -0.27693011844663890        6.4777743809343944      -0.15006190683074078       -7.6895708163954604       -1.3597634250380342E-002 -0.39266284066902341        6.3607493127949943E-002
   4.2304038823458949        5.7245332242397877      -0.27703919434646612        6.4730666210499139      -0.14938146850821848       -7.6733939594697924       -6.1182622444897177E-003 -0.46106878123073686        5.9704329663531126E-002
   4.2414608546032593        5.6397955529044328      -0.27706400793197444        6.4675727417445659      -0.14874275431674383       -7.6534474203497052        1.6819470302054367E-003 -0.53328053633895633        5.5834126688519628E-002
   4.2525401563119347        5.5551286763512868      -0.27700061374559531        6.4612467247147300      -0.14814543440423833       -7.6297236386321510        9.8155424472243617E-003 -0.60927302963444441        5.1999677281809209E-002
   4.2636437902599154        5.4705602950074343      -0.27684485539564574        6.4540421351420969      -0.14758916870605493       -7.6022145552412264        1.8295421626411408E-002 -0.68901933139063043        4.8203632488703810E-002
   4.2747693281425576        5.3861521789953297      -0.27659247665152387        6.4459155292432797      -0.14707380555196981       -7.5709248434680188        2.7131214334814163E-002 -0.77245653876069154        4.4449999032273466E-002
   4.2857332246443649        5.3033309779685744      -0.27624572199077624        6.4369800987699612      -0.14660650420233257       -7.5364639748676749        3.6179906890658232E-002 -0.85807193975037066        4.0802389952448823E-002
   4.2965496943136818        5.2220127289651650      -0.27580457023010480        6.4272273909333055      -0.14618439260257429       -7.4989638503941913        4.5447565796036871E-002 -0.94576328828217604        3.7256266582895249E-002
   4.3072340520355734        5.1421041256459219      -0.27526857398115401        6.4166460360201985      -0.14580480956812786       -7.4585313469391732        5.4942361744134492E-002  -1.0354590415570193        3.3806689794347873E-002
   4.3177991134486353        5.0635299854958271      -0.27463701168963800        6.4052248565558756      -0.14546542206073484       -7.4152626481355872        6.4671420664090304E-002  -1.1270869642179757        3.0449535273652597E-002
   4.3282557070873633        4.9862294327809202      -0.27390894331079535        6.3929529824312601      -0.14516415877853570       -7.3692454632030406        7.4640956936262381E-002  -1.2205742049594945        2.7181315309214284E-002
   4.3386130968825380        4.9101527546555079      -0.27308325041418385        6.3798198916657851      -0.14489915916609533       -7.3205605324032916        8.4856400833037790E-002  -1.3158476932498724        2.3999034463930528E-002
   4.3488792786580115        4.8352592009320867      -0.27215866851953630        6.3658154611818398      -0.14466873554323367       -7.2692828656138371        9.5322465686445298E-002  -1.4128342368829649        2.0900089283049560E-002
   4.3590612464893468        4.7615150183323269      -0.27113380903127254        6.3509299478991617      -0.14447134311432883       -7.2154825047786053       0.10604323104485439       -1.5114609604732268        1.7882180995292870E-002
   4.3691651151201416        4.6888925429461041      -0.27000718504327653        6.3351540893929341      -0.14430555835456099       -7.1592255586219018       0.11702211147543742       -1.6116548327469908        1.4943274188021842E-002
   4.3791963156377456        4.6173687671107464      -0.26877722320467601        6.3184790417056522      -0.14417005977205877       -7.1005745211994817       0.12826192581631454       -1.7133432353212794        1.2081535496059410E-002
   4.3891596530437917        4.5469249090202073      -0.26744228474932580        6.3008964783215795      -0.14406361420550265       -7.0395890732504398       0.13976483792679417       -1.8164534448200091        9.2953143986213398E-003
   4.3990594397654199        4.4775454425299790      -0.26600067365135738        6.2823985317130848      -0.14398506429185756       -6.9763262501120478       0.15153239521411802       -1.9209130781865842        6.5831032023126778E-003
   4.4088995382766623        4.4092177794788201      -0.26445065255823719        6.2629778555999236      -0.14393331905896234       -6.9108409761135592       0.16356547703503202       -2.0266497821515830        3.9435239190630193E-003
   4.4186834158857495        4.3419318639305153      -0.26279045552169578        6.2426276507513148      -0.14390734565191793       -6.8431864176820456       0.17586426326195367       -2.1335911625506179        1.3753119858401757E-003
   4.4284142258542873        4.2756795914342129      -0.26101829359905598        6.2213416108293389      -0.14390616234984721       -6.7734140351123395       0.18842824505440395       -2.2416651187476124       -1.1227060302134825E-003
   4.4380948080197218        4.2104547858804970      -0.25913237219351976        6.1991140167141046      -0.14392883285411309       -6.7015740990172734       0.20125614125546737       -2.3507993901748074       -3.5516129649582513E-003
   4.4477277241626494        4.1462529328496824      -0.25713090238742259        6.1759397549096660      -0.14397446107725889       -6.6277159194072972       0.21434586032648836       -2.4609215396765212       -5.9124108384508278E-003
   4.4573153062558610        4.0830708318323010      -0.25501210801621493        6.1518142883175830      -0.14404218680692810       -6.5518879049637464       0.22769448576805329       -2.5719591543372484       -8.2060331706440316E-003
   4.4668596753219250        4.0209064500647198      -0.25277423727510601        6.1267336812216495      -0.14413118195170052       -6.4741377841246335       0.24129822750457980       -2.6838397714512996       -1.0433349443872956E-002
   4.4763627736142908        3.9597586908845219      -0.25041557055558322        6.1006945806432835      -0.14424064739294182       -6.3945126771932301       0.25515239581251831       -2.7964910038196602       -1.2595172411460446E-002
   4.4858263401995044        3.8996275267732092      -0.24793444192186448        6.0736943460376116      -0.14436980958362303       -6.3130596098621705       0.26925129596926189       -2.9098400306709236       -1.4692252335322845E-002
   4.4952519701146461        3.8405135924252418      -0.24532923998220002        6.0457309476190435      -0.14451791838836361       -6.2298253055263633       0.28358824704873098       -3.0238141075171665       -1.6725290242113187E-002
   4.5046411030722071        3.7824182334467262      -0.24259842565864445        6.0168030494985807      -0.14468424446904821       -6.1448565376298161       0.29815550235660426       -3.1383402725010776       -1.8694934830733270E-002
   4.5139950674380636        3.7253432087074541      -0.23974053449276070        5.9869099241796384      -0.14486807778614588       -6.0581999741127825       0.31294425753125660       -3.2533457444070510       -2.0601791151477887E-002
   4.5233150407803713        3.6692909083892311      -0.23675420319046667        5.9560516207202241      -0.14506872483028921       -5.9699027607195108       0.32794453302597815       -3.3687573238045374       -2.2446411680550584E-002
   4.5326020932864974        3.6142640591211577      -0.23363817198856657        5.9242288739745002      -0.14528550751423139       -5.8800123391661510       0.34314518960145790       -3.4845018241622450       -2.4229304649155646E-002
   4.5418572030430058        3.5602656106915544      -0.23039129383121348        5.8914430872163939      -0.14551776189364482       -5.7885764886238000       0.35853390749994846       -3.6005061840141157       -2.5950935828615986E-002
   4.5510812573729851        3.5072987067875552      -0.22701254788315783        5.8576963577110988      -0.14576483672508539       -5.6956434880659677       0.37409714844586500       -3.7166974201759735       -2.7611727423178155E-002
   4.5602750404961547        3.4553667296931034      -0.22350105869794840        5.8229915552529770      -0.14602609169284278       -5.6012624161518882       0.38982009918811561       -3.8330024178972080       -2.9212054671364996E-002
   4.5694392891449631        3.4044729605253754      -0.21985608937380111        5.7873321421725166      -0.14630089766559087       -5.5054827451166712       0.40568673766732311       -3.9493485918904954       -3.0752254182645444E-002
   4.5785746255969970        3.3546209315122089      -0.21607708139393139        5.7507224539128865      -0.14658863356053239       -5.4083551847015645       0.42167969670024863       -4.0656630069884159       -3.2232610825561468E-002
   4.5876816534978522        3.3058138722221249      -0.21216362981593812        5.7131673463567800      -0.14688868812952463       -5.3099308209925393       0.43778041665418865       -4.1818735727479579       -3.3653371973683371E-002
   4.5967609177861508        3.2580549178940221      -0.20811551101363121        5.6746723610477305      -0.14720045784337360       -5.2102616549172573       0.45396907236531947       -4.2979085222130502       -3.5014738323601004E-002
   4.6058129054123835        3.2113470837354456      -0.20393269509054485        5.6352437388025054      -0.14752334593262043       -5.1094007214607933       0.47022457789813210       -4.4136964118144082       -3.6316861902624634E-002
   4.6148380460315055        3.1656932377977616      -0.19961535814435544        5.5948884333114748      -0.14785676145614543       -5.0074022040160342       0.48652460058833857       -4.5291661269686099       -3.7559844024696164E-002
   4.6238367660253088        3.1210958108702442      -0.19516386745350600        5.5536138768136887      -0.14820012046324355       -4.9043209278218196       0.50284568206277358       -4.6442475753341705       -3.8743740036573451E-002
   4.6328094885607234        3.0775567974331239      -0.19057878908881032        5.5114279655228851      -0.14855284539009281       -4.8002124301358435       0.51916327295695508       -4.7588716912661955       -3.9868555402360312E-002
   4.6417565805803349        3.0350780050042827      -0.18586092354071754        5.4683393039998158      -0.14891436225718566       -4.6951336547031390       0.53545168010426414       -4.8729697634622147       -4.0934235534523009E-002
   4.6506784063563362        2.9936607799736428      -0.18101128725491047        5.4243569546349582      -0.14928410198816303       -4.5891424119540103       0.55168421773436016       -4.9864741266800783       -4.1940669204565045E-002
   4.6595753539264768        2.9533058879180305      -0.17603110377267991        5.3794902890109624      -0.14966150088847860       -4.4822971167008898       0.56783331995244357       -5.0993185022413945       -4.2887687012075071E-002
   4.6684478085340233        2.9140136422246989      -0.17092182262855385        5.3337490979786786      -0.15004599891495371       -4.3746571476646929       0.58387056625756184       -5.2114376614895788       -4.3775053549347721E-002
   4.6772961264178239        2.8757840136948891      -0.16568513990981101        5.2871437182335823      -0.15043703777426071       -4.2662832171121048       0.59976671847753926       -5.3227670992233307       -4.4602460439218714E-002
   4.6861207660919222        2.8386160677606491      -0.16032292357883873        5.2396843209243205      -0.15083406601358551       -4.1572357957280648       0.61549204964790993       -5.4332446834212051       -4.5369533387039231E-002
   4.6949221044356362        2.8025087631435910      -0.15483732452892532        5.1913818609687983      -0.15123653013495533       -4.0475773915334790       0.63101611582711947       -5.5428083371851748       -4.6075809526722009E-002
   4.7037006721335706        2.7674599782942098      -0.14923063291527863        5.1422467781114971      -0.15164388445820626       -3.9373696486833807       0.64630828330904722       -5.6513989687263688       -4.6720751278192182E-002
   4.7124569441737050        2.7334673958846154      -0.14350540626434652        5.0922901076348737      -0.15205558079483850       -3.8266759530318395       0.66133747321067426       -5.7589578377540667       -4.7303722177242484E-002
   4.7211914442205654        2.7005280821905928      -0.13766440354702864        5.0415228867657200      -0.15247107229163551       -3.7155601363278796       0.67607246966715628       -5.8654278370660906       -4.7823988597820839E-002
   4.7299048219140536        2.6686382332580778      -0.13171052765921587        4.9899556563523886      -0.15288981625891004       -3.6040854684105308       0.69048217273845702       -5.9707543883278316       -4.8280715396944146E-002
   4.7385976967977248        2.6377937879760220      -0.12564692499023758        4.9375993332856467      -0.15331126572527870       -3.4923166240697556       0.70453546482598683       -6.0748834975157013       -4.8672947990921207E-002
   4.7472707618473349        2.6079900590452092      -0.11947691099351625        4.8844645783830805      -0.15373487322916188       -3.3803183439451101       0.71820151954151146       -6.1777629724709602       -4.8999609554652247E-002
   4.7559248087512174        2.5792216890667881      -0.11320394353716118        4.8305615925691763      -0.15416009088677421       -3.2681550694589334       0.73144997058895322       -6.2793426510549439       -4.9259490968400661E-002
   4.7645606502119486        2.5514829486767789      -0.10683167036768548        4.7759005568913873      -0.15458636525717240       -3.1558919108974517       0.74425092297449902       -6.3795734126807622       -4.9451236941938995E-002
   4.7731791969883810        2.5247675113194954      -0.10036386489856786        4.7204911188629426      -0.15501313964648261       -3.0435936109406052       0.75657520409111212       -6.4784080091607432       -4.9573336578620703E-002
   4.7817814062241295        2.4990686570686882       -9.3804454590268538E-002   4.6643426813701110      -0.15543984994488280       -2.9313251728407761       0.76839441586299495       -6.5758003771032802       -4.9624109089140347E-002
   4.7903682814449882        2.4743792957813420       -8.7157512328382050E-002   4.6074643795202661      -0.15586592283705231       -2.8191518180471467       0.77968106784853652       -6.6717055619744041       -4.9601690694679408E-002
   4.7989409493431650        2.4506917821271506       -8.0427186555054167E-002   4.5498645398226447      -0.15629077766105040       -2.7071379362214159       0.79040880131265334       -6.7660804770205507       -4.9504019254884062E-002
   4.8074774782024123        2.4280581488592925       -7.3636245451586174E-002   4.4917096220361357      -0.15671268070677505       -2.5956496479620039       0.80052581029612713       -6.8586344054375772       -4.9329397208385896E-002
   4.8159451552379551        2.4065468048313852       -6.6817218909859810E-002   4.4332493670727438      -0.15712937469500046       -2.4851923914575349       0.80997638904246561       -6.9489791761420996       -4.9077148749426015E-002
   4.8243488372785404        2.3861219515681769       -5.9973123508321187E-002   4.3744808397263713      -0.15754046966336521       -2.3757783497253340       0.81875430898642687       -7.0371430837779476       -4.8746059324901926E-002
   4.8326937748015304        2.3667486061803547       -5.3106436022107725E-002   4.3153963447458414      -0.15794559409966705       -2.2674125244556889       0.82685487704032723       -7.1231579180990243       -4.8334600762895814E-002
   4.8409853093917796        2.3483934543577054       -4.6219340176400926E-002   4.2559855178857990      -0.15834437502430423       -2.1600970146854688       0.83427444101362458       -7.2070552365849458       -4.7840914317016439E-002
   4.8492288924361864        2.3310248411734564       -3.9313720743149407E-002   4.1962352373989606      -0.15873643367315193       -2.0538311129012903       0.84101027910397586       -7.2888661332317017       -4.7262784646082343E-002
   4.8574299844429714        2.3146130017767184       -3.2391260145861321E-002   4.1361304097209564      -0.15912137523526765       -1.9486129460838766       0.84706039980053083       -7.3686198414848523       -4.6597619697864100E-002
   4.8655941065901125        2.2991299437739547       -2.5453410670642208E-002   4.0756536724809038      -0.15949878563830458       -1.8444391472473507       0.85242348880199070       -7.4463438985664450       -4.5842418921876273E-002
   4.8737267964339077        2.2845495255575825       -1.8501448335267758E-002   4.0147857957983746      -0.15986822345032134       -1.7413057621877412       0.85709878672926088       -7.5220633713175484       -4.4993744848611093E-002
   4.8818336124997090        2.2708474238848644       -1.1536487084981424E-002   3.9535057342437621      -0.16022921374403001       -1.6392085231054025       0.86108601865523260       -7.5958005829893702       -4.4047687719739499E-002
   4.8899201332669131        2.2580011101814761       -4.5594985152900124E-003   3.8917907209241265      -0.16058124124437276       -1.5381431931290073       0.86438532848941396       -7.6675747907078238       -4.2999826061468183E-002
   4.8979919685368172        2.2459898057561736        2.4286784319001989E-003   3.8296162675788628      -0.16092374347317412       -1.4381057559434103       0.86699722722468464       -7.7374019742615401       -4.1845180432196614E-002
   4.9060547470486391        2.2347944729641642        9.4273067051790817E-003   3.7669563469898550      -0.16125610223316628       -1.3390929016808715       0.86892254118342327       -7.8052944147836962       -4.0578164405393823E-002
   4.9141141647069997        2.2243977210893999        1.6435772473775135E-002   3.7037831053269463      -0.16157763684530455       -1.2411017693521103       0.87016238422808745       -7.8712607808213351       -3.9192519247672794E-002
   4.9221759486604633        2.2147838339536476        2.3453533037661446E-002   3.6400672257599167      -0.16188759296626207       -1.1441307315475606       0.87071811449633507       -7.9353054863095309       -3.7681253159911131E-002
   4.9302459125427252        2.2059386778802361        3.0480143442338993E-002   3.5757775801723501      -0.16218513401576387       -1.0481790735345846       0.87059131584033200       -7.9974287880267356       -3.6036555906715124E-002
   4.9383299455454024        2.1978497012375948        3.7515225071405867E-002   3.5108813972194164      -0.16246932863893523      -0.95324749181559354       0.86978377277958818       -8.0576263115660272       -3.4249713150829357E-002
   4.9464340477896025        2.1905058840946046        4.4558473890304366E-002   3.4453440636377044      -0.16273913839522924      -0.85933805318939760       0.86829745315106632       -8.1158889124193472       -3.2310998651366302E-002
   4.9545643482857322        2.1838977169730094        5.1609652736781642E-002   3.3791290612964016      -0.16299340289612479      -0.76645438854430226       0.86613449154193067       -8.1722023531654102       -3.0209553492468438E-002
   4.9627271269357296        2.1780171820335568        5.8668586150028589E-002   3.3121978721850764      -0.16323082290034838      -0.67460186586396342       0.86329717609398648       -8.2265469640140285       -2.7933245764193995E-002
   4.9709288345331091        2.1728577421161837        6.5735152322071069E-002   3.2445099013650016      -0.16344994077882452      -0.58378781635465948       0.85978794007060144       -8.2788972372156167       -2.5468508924690079E-002
   4.9791761298983674        2.1684143260886661        7.2809288436426492E-002   3.1760222609571653      -0.16364911837741464      -0.49402160750763541       0.85560934985860038       -8.3292214687027499       -2.2800149029895876E-002
   4.9874759046214114        2.1646833322454899        7.9890983563062012E-002   3.1066896585955028      -0.16382651082514410      -0.40531490230419243       0.85076409966640254       -8.3774812399955021       -1.9911124053518560E-002
   4.9958353160587947        2.1616626342534158        8.6980276686764085E-002   3.0364642232097121      -0.16398003620512058      -0.31768187757273630       0.84525500680768095       -8.4236308695702427       -1.6782283736175536E-002
   5.0042618226568161        2.1593515948380930        9.4077254374955815E-002   2.9652953182969259      -0.16410734004204774      -0.23113947746574717       0.83908500944620823       -8.4676167797138202       -1.3392064111344111E-002
   5.0127632194378524        2.1577510874211088       0.10118204591725651        2.8931293635693160      -0.16420575355231906      -0.14570773173101159       0.83225716944750583       -8.5093767553035971       -9.7161287488979273E-003
   5.0213476780675732        2.1568635238214080       0.10829481930784089        2.8199096308076173      -0.16427224448877084       -6.1410101011508456E-002  0.82477467849115438       -8.5488391043446530       -5.7269441693934397E-003
   5.0300237851560077        2.1566928886431662       0.11541577238953565        2.7455760713177249      -0.16430335899099671        2.1726078264842200E-002  0.81664087389325868       -8.5859216732388717       -1.3932788335542364E-003
   5.0388005853348758        2.1572447777695785       0.12254512428814227        2.6700651238738540      -0.16429515268739905       0.10366910730294361       0.80785926088699245       -8.6205307331639567        3.3203933853035708E-003
   5.0476876096597412        2.1585264376004609       0.12968309108997278        2.5933096757902496      -0.16424310886689394       0.18438220885385720       0.79843356330434467       -8.6525596456315448        8.4545945941032589E-003
   5.0566713159624026        2.1605405771767621       0.13681126176988681        2.5154438470981710      -0.16414237273697813       0.26361784072526884       0.78839479652747957       -8.6818147245080386        1.4040463449348261E-002
   5.0657043420960068        2.1632725513964512       0.14388544149185736        2.4368999685145196      -0.16398857031473171       0.34085843164814478       0.77782033102157055       -8.7080267055110436        2.0087394967917463E-002
   5.0747893194915381        2.1667126934718728       0.15090190168741235        2.3576803789138094      -0.16377669469742404       0.41604663894116145       0.76673709669016410       -8.7311110824704574        2.6636672418101588E-002
   5.0839284716575337        2.1708508979594021       0.15785668962011137        2.2777920645735819      -0.16350123021911475       0.48912163234769884       0.75517354814804916       -8.7509783323467829        3.3733817141145601E-002
   5.0931239461887223        2.1756766143946216       0.16474590639608966        2.1972438900948150      -0.16315609220330574       0.56002220126609981       0.74315920387807777       -8.7675350333501036        4.1429332548181597E-002
   5.1023775259181443        2.1811785995265014       0.17156550915810193        2.1160492391832735      -0.16273457660376373       0.62868479128168075       0.73072493086465051       -8.7806834772443949        4.9779055864190999E-002
   5.1116910241567313        2.1873450315690546       0.17831162681800403        2.0342226597592181      -0.16222927674336929       0.69504682949492491       0.71790232194929737       -8.7903225151277358        5.8845162578665317E-002
   5.1210658776978839        2.1941631792293812       0.18498028079679382        1.9517835369878871      -0.16163202561138248       0.75904399860444560       0.70472412167914766       -8.7963471156244459        6.8696562026565502E-002
   5.1305034884571521        2.2016195330543367       0.19156765543315163        1.8687531916072688      -0.16093379291130136       0.82061301627647731       0.69122362789868663       -8.7986488996596428        7.9410089844255766E-002
   5.1400049267893539        2.2096995097870247       0.19806990867110902        1.7851575806946482      -0.16012460825404751       0.87968992541185187       0.67743496256893698       -8.7971160667197505        9.1071184420705206E-002
   5.1495712792787582        2.2183876606063833       0.20448343444225250        1.7010243259655058      -0.15919342576914938       0.93621263794409570       0.66339241584880448       -8.7916335100122591       0.10377542736369787     
   5.1589826468035742        2.2274489745698629       0.21066137423904874        1.6183236885676415      -0.15815394918140990       0.98891789690413079       0.64945858949569057       -8.7823471880770310       0.11729943762835761     
   5.1681227795796998        2.2367112107676084       0.21653535459362414        1.5381073151851747      -0.15701778328688626        1.0373474547323964       0.63584730459144378       -8.7695996240357079       0.13149210924641658     
   5.1770023599625565        2.2461216589466413       0.22212252616150852        1.4603050940100659      -0.15578498084904482        1.0817961121964716       0.62257908887645663       -8.7536655863636774       0.14636477301049272     
   5.1856336679179797        2.2556365875511668       0.22744046937678805        1.3848285420941993      -0.15445529624102419        1.1225490444322666       0.60966525968645990       -8.7347946748962517       0.16193254419641900     
   5.1940281575253415        2.2652180506315833       0.23250559926767445        1.3115927375327612      -0.15302844746596211        1.1598693244978528       0.59711258208777129       -8.7132153487067665       0.17821084651899943     
   5.2021965302196707        2.2748331547750649       0.23733323351655475        1.2405162111528782      -0.15150411799814803        1.1939997206224040       0.58492408416461894       -8.6891367888692024       0.19521539906996865     
   5.2101488230975646        2.2844534518223774       0.24193767315109529        1.1715206324221714      -0.14988195359028994        1.2251644426018962       0.57309971178917063       -8.6627504954545138       0.21296225738854713     
   5.2178944842883563        2.2940544116889541       0.24633227670737801        1.1045305472568387      -0.14816155778562853        1.2535707011713526       0.56163688502089226       -8.6342316930092817       0.23146786267576458     
   5.2254424263168202        2.3036149484696775       0.25052952232189341        1.0394732549416335      -0.14634248906827640        1.2794100687041607       0.55053098679517387       -8.6037406220691999       0.25074906940289898     
   5.2328010742848985        2.3131170074487510       0.25454106728182285       0.97627868478711144      -0.14442425724533847        1.3028597269865678       0.53977577328050996       -8.5714236996678679       0.27082317977888765     
   5.2399783980801216        2.3225451895493432       0.25837779867520311       0.91487937121812735      -0.14240632233843631        1.3240835772749036       0.52936373404883763       -8.5374146181401347       0.29170795133363525     
   5.2469819521513132        2.3318864354616271       0.26204988771264848       0.85521032983870005      -0.14028809045440666        1.3432332981918402       0.51928637816299372       -8.5018353002234619       0.31342163624556973     
   5.2538189017876400        2.3411297359211245       0.26556683580542872       0.79720902010079964      -0.13806891218233838        1.3604492881694883       0.50953448624270548       -8.4647968127344573       0.33598299421071348     
   5.2604960509193148        2.3502658818873461       0.26893752036960528       0.74081526935757680      -0.13574807983566900        1.3758615463180184       0.50009831444286013       -8.4264001845855532       0.35941131752535915     
   5.2670198656944454        2.3592872424140658       0.27217023705961629       0.68597121091857471      -0.13332482520534716        1.3895904785682287       0.49096776552548793       -8.3867371638448951       0.38372645098410296     
   5.2733964921377350        2.3681875635186938       0.27527273762343635       0.63262125263010960      -0.13079831893332861        1.4017476333165193       0.48213253502544112       -8.3458909371228991       0.40894879570192655     
   5.2796317842678562        2.3769618073398964       0.27825227130250618       0.58071194133098070      -0.12816766519357936        1.4124364025638698       0.47358221477462437       -8.3039367140900069       0.43509935979952957     
   5.2857313197752953        2.3856059968447316       0.28111561836763777       0.53019191809516952      -0.12543190010771368        1.4217526435952685       0.46530639019062026       -8.2609423208427710       0.46219977118971795     
   5.2917004187782188        2.3941170847239395       0.28386912355396826       0.48101183545515819      -0.12258998833246923        1.4297852591729243       0.45729471317263831       -8.2169687154461695       0.49027230831211038     
   5.2975441583330927        2.4024928338852640       0.28651872587884730       0.43312429941957103      -0.11964082082884610        1.4366167262928842       0.44953696382701669       -8.1720704781051587       0.51933991866220042     
   5.3032673918676014        2.4107317205393608       0.28906998911357634       0.38648376226472397      -0.11658320942420514        1.4423235891142419       0.44202309138614349       -8.1262962124115212       0.54942626833338859     
   5.3088747662834184        2.4188328478005530       0.29152812950572393       0.34104642786581724      -0.11341588113453535        1.4469769068265201       0.43474324654297575       -8.0796889099431652       0.58055579300557936     
   5.3143707257364614        2.4267958521328241       0.29389803621087029       0.29677025856424727      -0.11013747921378171        1.4506426550042066       0.42768782099274705       -8.0322863814663332       0.61275368202988001     
   5.3197595383935941        2.4346208537041938       0.29618430039568577       0.25361479054412794      -0.10674655032313687        1.4533821128023294       0.42084744872112934       -7.9841214551680180       0.64604599798632512     
   5.3250453013016461        2.4423083846213172       0.29839123336198814       0.21154112252990342      -0.10324154284773222        1.4552521999828809       0.41421302878049665       -7.9352223148903747       0.68045968559812253     
   5.3302319522328956        2.4498593355819516       0.30052288655632703       0.17051184377640716       -9.9620800622753553E-002   1.4563057931645642       0.40777573296811537       -7.8856127468329120       0.71602262462213806     
   5.3353232860340745        2.4572749165270573       0.30258307218733771       0.13049092393428802       -9.5882552122693324E-002   1.4565920152781977       0.40152700315761730       -7.8353123051852887       0.75276372599508212     
   5.3403229612873622        2.4645566097569431       0.30457537870138068        9.1443677641410731E-002  -9.2024904946539532E-002   1.4561564975570438       0.39545855671238894       -7.7843365344606621       0.79071297457930578     
   5.3452345134243355        2.4717061382405010       0.30650318787658160        5.3336676284883276E-002  -8.8045834537802486E-002   1.4550416204659631       0.38956238052804115       -7.7326970983271641       0.82990152699764341     
   5.3500613653546480        2.4787254354356087       0.30836968988316210        1.6137678505095551E-002  -8.3943173003818816E-002   1.4532867323736955       0.38383072548660335       -7.6804018993539049       0.87036180685330833     
   5.3548068342024617        2.4856166139853078       0.31017789593553091       -2.0184410152788386E-002  -7.9714599773526879E-002   1.4509283504905963       0.37825610325404546       -7.6274552114342704       0.91212757988432891     
   5.3594741458082931        2.4923819497106505       0.31193065308136947       -5.5659637679910279E-002  -7.5357623912233912E-002   1.4480003407166562       0.37283127204254923       -7.5738576981508254       0.95523410927688002     
   5.3640664403976714        2.4990238562939027       0.31363065477784557       -9.0317037952475587E-002  -7.0869572145816531E-002   1.4445340840197600       0.36754923136530937       -7.5196064981336965       0.99971825226919409     
   5.3685867843212449        2.5055448718876101       0.31528045303449065      -0.12418470914710686       -6.6247569484841506E-002   1.4405586242438557       0.36240320845466367       -7.4646952140482776        1.0456186271255015     
   5.3730381811763301        2.5119476475106457       0.31688246955077798      -0.15728988594769128       -6.1488517628214050E-002   1.4361008000449917       0.35738664460084923       -7.4091138753789849        1.0929757992022215     
   5.3774235777980461        2.5182349304267730       0.31843900432634969      -0.18965897220253494       -5.6589076190437883E-002   1.4311853677999848       0.35249318656142359       -7.3528489343781720        1.1418324353135190     
   5.3817458791486104        2.5244095623739913       0.31995224683596057      -0.22131763804150240       -5.1545631513911630E-002   1.4258351023765627       0.34771666738335671       -7.2958831194419718        1.1922335774578279     
   5.3860079595273600        2.5304744741746084       0.32142428519148741      -0.25229088652089332       -4.6354265300301796E-002   1.4200708870159995       0.34305109113363758       -7.2381952954441795        1.2442269139425677     
   5.3902126704283173        2.5364326770450600       0.32285711356503721      -0.28260309321559290       -4.1010723521756970E-002   1.4139117956702754       0.33849062098961202       -7.1797603337596536        1.2978630419037178     
   5.3943628541015602        2.5422872632605773       0.32425264103689422      -0.31227808425256942       -3.5510374249582526E-002   1.4073751563281580       0.33402956083319973       -7.1205488678672522        1.3531958338431376     
   5.3984613625177005        2.5480414152811917       0.32561270161910705      -0.34133924793127957       -2.9848152229017034E-002   1.4004765921058955       0.32966233109570464       -7.0605269219821922        1.4102829296672357     
   5.4025110643147300        2.5536983985711483       0.32693905965729481      -0.36980955524245079       -2.4018513006965940E-002   1.3932300689345893       0.32538345751455233       -6.9996556600859554        1.4691861229179863     
   5.4065148746713474        2.5592615869267372       0.32823342222570562      -0.39771173634123003       -1.8015347439752943E-002   1.3856478914320547       0.32118753555693563       -6.9378907381643735        1.5299721348491253     
   5.4104757675457211        2.5647344630178566       0.32949744500741140      -0.42506832365153591       -1.1831910706502941E-002   1.3777407140127882       0.31706921382713843       -6.8751818413070680        1.5927132283526508     
   5.4143968022259710        2.5701206386219968       0.33073274220550669      -0.45190178615901250       -5.4607194502696464E-003   1.3695175121025802       0.31302316248563550       -6.8114719231481295        1.6574881262665873     
   5.4182811582449046        2.5754238854442839       0.33194089826171169      -0.47823470764341663        1.1065801870820714E-003   1.3609855173432086       0.30904403342208098       -6.7466961988368936        1.7243832036625399     
   5.4221321676792256        2.5806481609157244       0.33312347783091500      -0.50408993058227280        7.8793595268237364E-003   1.3521501376213301       0.30512642352869884       -6.6807810452286986        1.7934938050892055     
   5.4259533592939890        2.5857976482657290       0.33428203846898108      -0.52949076116297278        1.4868197093542422E-002   1.3430148293330424       0.30126482611004074       -6.6136425445549190        1.8649259613989400     
   5.4297485204540274        2.5908768177075427       0.33541814749579218      -0.55446126688645592        2.2085130989763405E-002   1.3335808997528378       0.29745356472864504       -6.5451845074299859        1.9387986995668609     
   5.4335217693010183        2.5958904972360708       0.33653340037911827      -0.57902660726005684        2.9543971480250567E-002   1.3238472484582162       0.29368671726101425       -6.4752960314977619        2.0152469069072696     
   5.4372776579906672        2.6008439791453308       0.33762944641701825      -0.60321352236257886        3.7260727679843092E-002   1.3138099856999952       0.28995800936349897       -6.4038481241211374        2.0944252807881099     
   5.4410212982762403        2.6057431480609901       0.33870801842031445      -0.62705090391707963        4.5254153220675795E-002   1.3034619332931934       0.28626068626592743       -6.3306894020075344        2.1765133841553888     
   5.4447585494574398        2.6105946796838038       0.33977097711522991      -0.65057068099768378        5.3546523764234459E-002   1.2927918788939767       0.28258732326364994       -6.2556398996947102        2.2617229194238648     
   5.4484962984790029        2.6154063424660330       0.34082037692304767      -0.67380916167715843        6.2164767294717684E-002   1.2817834561606722       0.27892954619077859       -6.1784820206174818        2.3503083937133815     
   5.4522428262215819        2.6201873855020841       0.34185854900950119      -0.69680872851727027        7.1142011696196272E-002   1.2704136120855132       0.27527766784580177       -6.0989482254004370        2.4425817231790790     
   5.4560084330578569        2.6249492204316387       0.34288824617164737      -0.71962085581908031        8.0520078949082183E-002   1.2586500589974225       0.27162007107625180       -6.0167010038753119        2.5389360225568964     
   5.4596648681190816        2.6295300212580877       0.34387493080713499      -0.74147101269119831        8.9980002324740543E-002   1.2469080916337019       0.26807913938571776       -5.9345295241917819        2.6360519795530326     
   5.4631923931995523        2.6339081043251196       0.34481457395567328      -0.76226209326452821        9.9448992876525782E-002   1.2352843658970116       0.26467131406245431       -5.8530090349512278        2.7331411126588976     
   5.4666028378695506        2.6381014195747339       0.34571161161274455      -0.78208596096215266       0.10893488757497302        1.2237727565309111       0.26138276199648630       -5.7720123146361653        2.8302428976838665     
   5.4699068576421102        2.6421260136225233       0.34656996840005988      -0.80102424736939970       0.11844572561034623        1.2123660942316186       0.25820114824076795       -5.6914175761889654        2.9273979355563831     
   5.4731136901053503        2.6459957988825877       0.34739302860723548      -0.81914747244086039       0.12798853402168914        1.2010578606717996       0.25511580109459703       -5.6111177752559964        3.0246352722246153     
   5.4762314302211621        2.6497229576379069       0.34818373909958111      -0.83651714293360535       0.13756957955052362        1.1898420136484529       0.25211739063887856       -5.5310174391181963        3.1219748016359428     
   5.4792672318569995        2.6533182407307527       0.34894468585187260      -0.85318730805803100       0.14719453277503650        1.1787128900005699       0.24919769084847726       -5.4510304741000057        3.2194287845634149     
   5.4822274618964668        2.6567911975114722       0.34967815299586924      -0.86920575841669678       0.15686858320453825        1.1676651453310078       0.24634939656959756       -5.3710785541730512        3.3170028760790231     
   5.4851178444698334        2.6601503842115073       0.35038617509199615      -0.88461509546292427       0.16659660253773581        1.1566936249000110       0.24356595691937308       -5.2910892451620182        3.4146976371983349     
   5.4879435670535743        2.6634035191906378       0.35107057647147216      -0.89945353110377546       0.17638325131338867        1.1457932922020120       0.24084145054613251       -5.2109947082039945        3.5125094593602895     
   5.4907093607091886        2.6665576019551320       0.35173300165015037      -0.91375550257217730       0.18623304820459091        1.1349591926979183       0.23817048973223301       -5.1307307895974743        3.6104310994361968     
   5.4934195649627320        2.6696190097448045       0.35237494002244324      -0.92755217060069894       0.19615042403673597        1.1241864282543246       0.23554814237098506       -5.0502362947947006        3.7084520485896793     
   5.4960781719338954        2.6725935668610319       0.35299774404681955      -0.94087178303424346       0.20613973017488818        1.1134701754574128       0.23296987643977890       -4.9694526780941004        3.8065584382706246     
   5.4986889163873167        2.6754866618271591       0.35360265679999775      -0.95374024169924898       0.21620544794816074        1.1028054855668874       0.23043146176315843       -4.8883221468939801        3.9047348976147234     
   5.5012552808706712        2.6783032660728954       0.35419081837924377      -0.96618121753091180       0.22635210743155282        1.0921873971330389       0.22792895540834729       -4.8067881543445035        4.0029635145521114     
   5.5037805349264852        2.6810479891758412       0.35476327956730808      -0.97821642443652512       0.23658434560499647        1.0816108938395692       0.22545865534125573       -4.7247947830790888        4.1012241536502820     
   5.5062677990716242        2.6837251581528325       0.35532102014730826      -0.98986598922964553       0.24690708853522805        1.0710707366273564       0.22301703049801117       -4.6422851631008033        4.1994959101070144     
   5.5087200223969761        2.6863388011079761       0.35586494698797033       -1.0011483963027079       0.25732539718151282        1.0605616427792612       0.22060073600757560       -4.5592026024351924        4.2977552928119778     
   5.5111400563525246        2.6888927333038457       0.35639591324369368       -1.0120808741119249       0.26784472014751359        1.0500780470529902       0.21820653460351172       -4.4754884759862055        4.3959782471071369     
   5.5135306572343010        2.6913905644648999       0.35691472093402704       -1.0226794316639676       0.27847086694165962        1.0396141515366655       0.21583128811843508       -4.3910823653985052        4.4941394367439740     
   5.5158945221393134        2.6938357403652904       0.35742213049119287       -1.0329590376520685       0.28921013390641648        1.0291638227739726       0.21347191609921268       -4.3059209921969543        4.5922128884171469     
   5.5182343036044301        2.6962315604299962       0.35791886517310806       -1.0429336909303375       0.30006934885964298        1.0187205723604367       0.21112537541478604       -4.2199378084035422        4.6901717810208607     
   5.5205526439696913        2.6985812142774015       0.35840561927854664       -1.0526165643129035       0.31105601626508156        1.0082774425577150       0.20878861992264164       -4.1330617989489911        4.7879890376712435     
   5.5228521893207692        2.7008877956856714       0.35888306156387328       -1.0620200468796293       0.32217838018119804       0.99782697528791897       0.20645858012093216       -4.0452169441838022        4.8856370294699270     
   5.5251356501404061        2.7031543617349891       0.35935184790529379       -1.0711559623067262       0.33344572533386024       0.98736096204164880       0.20413209480095396       -3.9563198092777587        4.9830891935362720     
   5.5274058024468040        2.7053839299027631       0.35981262101128375       -1.0800355226608835       0.34486840822122466       0.97687045588279653       0.20180590181171898       -3.8662792750375909        5.0803190282673745     
   5.5296655599446014        2.7075795435635128       0.36026602418796072       -1.0886695466985736       0.35645825305628531       0.96634545184368714       0.19947655522236055       -3.7749933966766926        5.1773019589279565     
   5.5319180147681317        2.7097443027057322       0.36071270779669246       -1.0970685190868643       0.36822882006997953       0.95577470096883033       0.19714037217811609       -3.6823472800488144        5.2740156553407056     
   5.5341665080745566        2.7118814199708554       0.36115334082745298       -1.1052427284274060       0.38019585303020154       0.94514537661920306       0.19479334634880519       -3.5882095544601889        5.3704413193599345     
   5.5364147157990109        2.7139942859178725       0.36158862423541333       -1.1132024106580056       0.39237784482402632       0.93444265743548960       0.19243104169602362       -3.4924279268587397        5.4665651873969825     
   5.5386667866549875        2.7160865763898490       0.36201931277830407       -1.1209580096864968       0.40479693616522577       0.92364904705138573       0.19004842591770651       -3.3948221284735247        5.5623816351304969     
   5.5409274975546570        2.7181623658647518       0.36244623785055913       -1.1285203988983785       0.41747998351479315       0.91274359002093597       0.18763967736625578       -3.2951755464346144        5.6578960817408372     
   5.5432025148283106        2.7202263245287535       0.36287034722665468       -1.1359013243972598       0.43046031371992394       0.90170055340778554       0.18519786817302081       -3.1932214772250758        5.7531309660028507     
   5.5454987817018280        2.7222840080926982       0.36329276337736222       -1.1431140433843092       0.44378035214625644       0.89048745651467087       0.18271449380786350       -3.0886225447950304        5.8481347760283349     
   5.5478251457334364        2.7243423285275994       0.36371487816653919       -1.1501743788507459       0.45749587939854852       0.87906187068593966       0.18017871443641523       -2.9809373662807603        5.9429973497938073     
   5.5501934215596549        2.7264103524649510       0.36413851345426307       -1.1571025245398605       0.47168324985698418       0.86736598638724183       0.17757607291625668       -2.8695640211776858        6.0378765652473882     
   5.5526203924972179        2.7285008151741543       0.36456622591145765       -1.1639265574302931       0.48645294416954554       0.85531637744176514       0.17488609160292903       -2.7536338978851602        6.1330507438053621     
   5.5551320348879329        2.7306333367874913       0.36500195519894774       -1.1706900778742568       0.50197808103733943       0.84278240013479644       0.17207722215971374       -2.6317883195902190        6.2290333740015180     
   5.5577740276440517        2.7328424728958378       0.36545264804329985       -1.1774717403905592       0.51856513025780870       0.82953247076406200       0.16909432975573971       -2.5016244254334619        6.3268676645128430     
   5.5606469320313385        2.7352048599935723       0.36593374065634993       -1.1844526859429765       0.53688961690087667       0.81505438177698686       0.16581698183407023       -2.3578477383617766        6.4291452304963492     
   5.5639397275923690        2.7378612358305916       0.36647349771877424       -1.1919415715763442       0.55824456187011451       0.79837916985484747       0.16201624060176029       -2.1903293518132152        6.5404481347878347     
   5.5639397275923690        2.7378612358305916       0.36647349771877424       -1.1919415715763442       0.55824456187011451       0.79837916985484747       0.16201624060176029       -2.1903293518132152        6.5404481347878347     
   5.5666564835119141        2.7400114809364231       0.36690935456878110       -1.1977020179102345       0.57613205104917808       0.78456321758366643       0.15884385810340426       -2.0500501990469409        6.6269829064253303     
   5.5693967608753017        2.7421422545685430       0.36734020767374326       -1.2031238315137451       0.59440538710043578       0.77058136619403350       0.15560986331502991       -1.9067930257398218        6.7089403423685665     
   5.5718781782534696        2.7440386431088530       0.36772267594458929       -1.2076929405256724       0.61113998344732068       0.75788561058300685       0.15265131544338226       -1.7756526953964156        6.7781760651545850     
   5.5741988547463839        2.7457836482306979       0.36807369427334241       -1.2116702477780945       0.62694064640038738       0.74598689775423943       0.14985824271540263       -1.6518888810289556        6.8383563908150338     
   5.5764130462056496        2.7474228194875310       0.36840253674878048       -1.2151962551602828       0.64214163365582277       0.73461511050318218       0.14716951973086698       -1.5328854165868850        6.8914264982302775     
   5.5785490648381808        2.7489802416391442       0.36871410357046869       -1.2183472249118681       0.65691277655925018       0.72363054946607686       0.14455352495073159       -1.4173164401044311        6.9384058570788403     
   5.5806244163201395        2.7504709454708500       0.36901144728967572       -1.2211715737342499       0.67135620328296453       0.71294763151517226       0.14199083714789645       -1.3043875288286952        6.9799203337105098     
   5.5826511971574044        2.7519053553153663       0.36929667841202957       -1.2237030594501512       0.68554062354355916       0.70250774177057418       0.13946808300842736       -1.1935667182343208        7.0163930812212758     
   5.5846383882540529        2.7532911984695376       0.36957135452632461       -1.2259665739003083       0.69951573781445175       0.69226773937301644       0.13697533890379174       -1.0844714515995610        7.0481273168139040     
   5.5865930068593190        2.7546344729352437       0.36983667763134587       -1.2279811367690250       0.71331939493926533       0.68219420610333792       0.13450483320777140      -0.97681242645927990        7.0753485652166876     
   5.5885207616342703        2.7559400005370067       0.37009360689092874       -1.2297616239427729       0.72698162491459895       0.67226018705568269       0.13205021065906405      -0.87036196502782726        7.0982287447462928     
   5.5904264476594152        2.7572117626578119       0.37034292704347016       -1.2313198306530091       0.74052704010736514       0.66244323410561112       0.12960609072495877      -0.76493518903963209        7.1169007987413782     
   5.5923142083921533        2.7584531222636706       0.37058529353795738       -1.2326651692191102       0.75397641518241632       0.65272411309291822       0.12716777425990580      -0.66037764593520742        7.1314681734765584     
   5.5941877131085498        2.7596669740419819       0.37082126296009937       -1.2338051385644664       0.76734774256042149       0.64308593302929273       0.12473104476222718      -0.55655705507736408        7.1420111069735759     
   5.5960502836617501        2.7608558506911551       0.37105131445464240       -1.2347456495841258       0.78065697586616689       0.63351352792581350       0.12229202578890183      -0.45335750804360764        7.1485909227208042     
   5.5979049914151870        2.7620220023121416       0.37127586557717451       -1.2354912546399428       0.79391859284901112       0.62399298691594995       0.11984707052670733      -0.35067509405684721        7.1512529976652228     
   5.5997547338884743        2.7631674570852196       0.37149528424104639       -1.2360453076923930       0.80714603461523926       0.61451128569250801       0.11739267294849459      -0.24841450566788076        7.1500287727047986     
   5.6016022962611141        2.7642940679034962       0.37170989771491947       -1.2364100720828266       0.82035205002338385       0.60505599427401879       0.11492539510587932      -0.14648639847019707        7.1449370502003919     
   5.6034504049174156        2.7654035503758045       0.37191999974294787       -1.2365867882150479       0.83354899077953692       0.59561502536651190       0.11244180194452341       -4.4805151244125860E-002   7.1359847387265347     
   5.6053017784820902        2.7664975159966749       0.37212585651864238       -1.2365757072089945       0.84674909149178390       0.58617639650082509       0.10993839685480050        5.6713236761768385E-002   7.1231671096065030     
   5.6071591773817619        2.7675775012839576       0.37232771165269724       -1.2363760925891036       0.85996473778930471       0.57672800177842909       0.10741155681330297       0.15815313234962106        7.1064675926258154     
   5.6090254546691893        2.7686449945381932       0.37252579042392320       -1.2359861905726044       0.87320873778626829       0.56725738043535667       0.10485746356267829       0.25960125238977216        7.0858571097374918     
   5.6109036133223693        2.7697014630185932       0.37272030378988574       -1.2354031662105867       0.88649462922971467       0.55775145717302133       0.10227202368480910       0.36114888710846399        7.0612928752081539     
   5.6127968736900540        2.7707483820523042       0.37291145235871626       -1.2346229989037929       0.89983704239775530       0.54819623763801106        9.9650772242234634E-002  0.46289450579975272        7.0327165422621540     
   5.6147087549643366        2.7717872673750468       0.37309943044551425       -1.2336403274336487       0.91325213840189556       0.53857644208007160        9.6988754168251021E-002  0.56494688053995812        7.0000515290196370     
   5.6166431802280012        2.7728197146274653       0.37328443075720896       -1.2324482272976518       0.92675817938818728       0.52887503275590120        9.4280369430421965E-002  0.66742913737451481        6.9631992021397497     
   5.6186046174624176        2.7738474505534749       0.37346665025496523       -1.2310378924925889       0.94037630148188056       0.51907257844213350        9.1519163459339706E-002  0.77048424037356322        6.9220334139752326     
   5.6205982770426592        2.7748724034381049       0.37364629811311345       -1.2293981754782441       0.95413160909969630       0.50914636186336848        8.8697532122276573E-002  0.87428275618686990        6.8763925481372956     
   5.6226303956856709        2.7758968030910181       0.37382360690829153       -1.2275149108411771       0.96805475950416098       0.49906909410270756        8.5806295960802081E-002  0.97903409358150650        6.8260677423480614     
   5.6247086670607844        2.7769233324941442       0.37399884975536929       -1.2253698866872307       0.98218438808569097       0.48880695900725768        8.2834053470154143E-002   1.0850037245671178        6.7707847856267085     
   5.6268429367946879        2.7779553747654573       0.37417236884563432       -1.2229392012275251       0.99657106503602599       0.47831644435721093        7.9766137062501019E-002   1.1925413348181719        6.7101747956883715     
   5.6290463941719047        2.7789974406596287       0.37434462589462669       -1.2201904768994893        1.0112841417401475       0.46753888973612212        7.6582823026420846E-002   1.3021296165770835        6.6437238436738655     
   5.6313377919256737        2.7800559736034267       0.37451629919813356       -1.2170777438867726        1.0264246122362291       0.45639029729386543        7.3255998708545489E-002   1.4144760888044372        6.5706791970396701     
   5.6337461511244680        2.7811410819142401       0.37468849805985871       -1.2135308238555778        1.0421526417903400       0.44473964995786730        6.9742106489300043E-002   1.5307100848515849        6.4898517726885476     
   5.6363225782126518        2.7822709485543755       0.37486332107333969       -1.2094291861795083        1.0587573003409021       0.43235426532301646        6.5964440185736592E-002   1.6528827567276210        6.3991226990388537     
   5.6391807781177361        2.7834871822178404       0.37504584650754730       -1.2045144155878182        1.0768978279025629       0.41871173791212685        6.1752536196415006E-002   1.7857010188665017        6.2937658938574144     
   5.6425334346136022        2.7848643370812840       0.37524456321287941       -1.1982715529824772        1.0977836525408347       0.40284325266821935        5.6785775382953436E-002   1.9377434999237095        6.1645529947552555     
   5.6425334346136022        2.7848643370812840       0.37524456321287941       -1.1982715529824772        1.0977836525408347       0.40284325266821935        5.6785775382953436E-002   1.9377434999237095        6.1645529947552555     
   5.6453445554452699        2.7859782126367838       0.37539831733297280       -1.1926489431071832        1.1149557136035928       0.38965220898692660        5.2601224985386261E-002   2.0620265017916926        6.0521026653481469     
   5.6481699438872415        2.7870605278565317       0.37554097479252557       -1.1866499743505661        1.1318917022093076       0.37650135950595837        4.8378643173291096E-002   2.1839426768402261        5.9358255463970222     
   5.6507842788758937        2.7880290287590417       0.37566233032166785       -1.1807959285465244        1.1472665209848336       0.36442999095169804        4.4457820332994384E-002   2.2940416174946732        5.8257429072032698     
   5.6532774618840920        2.7889233604727233       0.37576849895094494       -1.1749481267457960        1.1616582967541407       0.35300603558745924        4.0707601765028231E-002   2.3965921876982028        5.7188789275865473     
   5.6556963907170399        2.7897639353053569       0.37586255752841025       -1.1690329203844427        1.1753649555001744       0.34200519251233802        3.7059729020457642E-002   2.4937962146543056        5.6137383847395848     
   5.6580658265792581        2.7905616072303903       0.37594612689511736       -1.1630133953229878        1.1885431932840875       0.33130912284726399        3.3478487800453746E-002   2.5868197978796497        5.5096198774598424     
   5.6604012634702423        2.7913231235686631       0.37602018511453672       -1.1568670404963062        1.2012898717613423       0.32084410999008228        2.9941739416382330E-002   2.6763888646248666        5.4061414058137300     
   5.6627134950191245        2.7920530843133449       0.37608536329445191       -1.1505780796254934        1.2136710645712405       0.31055923370798594        2.6434207050122761E-002   2.7630021718817401        5.3030760333841362     
   5.6650105950761791        2.7927548065731407       0.37614207818582585       -1.1441342982410108        1.2257347558172045       0.30041686856507105        2.2944574475438510E-002   2.8470247134810660        5.2002829110106914     
   5.6672989288344704        2.7934307715271030       0.37619060142104466       -1.1375254870890159        1.2375173584867232       0.29038782048303713        1.9464010000209173E-002   2.9287357945346582        5.0976731565330970     
   5.6695837253156141        2.7940828798839288       0.37623109928402054       -1.1307425916301506        1.2490474186253049       0.28044856835876214        1.5985333816605590E-002   3.0083564196790413        4.9951911603482850     
   5.6718694285257056        2.7947126091543359       0.37626365712054238       -1.1237772031551065        1.2603478883386539       0.27057957188291532        1.2502509256901915E-002   3.0860661379279026        4.8928034910038649     
   5.6741599252071504        2.7953211155216380       0.37628829497396898       -1.1166212344507134        1.2714375966262688       0.26076417545140290        9.0103143833283293E-003   3.1620139698173872        4.7904919604167802     
   5.6764586985256988        2.7959093022122152       0.37630497787154021       -1.1092667041908979        1.2823322377479434       0.25098787037249964        5.5041217542998264E-003   3.2363257735825739        4.6882491509698205     
   5.6787689395275400        2.7964778676960171       0.37631362270208879       -1.1017055742230284        1.2930450757654168       0.24123776441382255        1.9797395859233818E-003   3.3091095041341037        4.5860752765043298     
   5.6810936235438287        2.7970273386000000       0.37631410273849458       -1.0939296439738162        1.3035874272222936       0.23150221905669272       -1.5666955602477058E-003   3.3804588459839024        4.4839762343250582     
   5.6834355764745883        2.7975580954556580       0.37630625055119238       -1.0859304380709778        1.3139690558837784       0.22177054328713686       -5.1388118994972693E-003   3.4504561683744268        4.3819618564550753     
   5.6857975165925376        2.7980703890477558       0.37628985968613043       -1.0776991458143139        1.3241984249941794       0.21203280062911553       -8.7400589820695509E-003   3.5191744572502039        4.2800450675046084     
   5.6881821008889162        2.7985643549772643       0.37626468535362778       -1.0692265224727200        1.3342829455459688       0.20227960566879799       -1.2373771617345654E-002   3.5866791776349172        4.1782407298816775     
   5.6905919502225615        2.7990400212152555       0.37623044441240117       -1.0605028458897876        1.3442291122294467       0.19250201519602148       -1.6043201658195980E-002   3.6530293485020064        4.0765653316482453     
   5.6930296790363100        2.7994973148250017       0.37618681466654080       -1.0515178437541555        1.3540426444630107       0.18269140592119815       -1.9751556742740459E-002   3.7182786298201931        3.9750364230746746     
   5.6954979224914206        2.7999360663106794       0.37613343351051060       -1.0422606173524918        1.3637286014993346       0.17283936831968777       -2.3502034898401962E-002   3.7824762175499274        3.8736721431017762     
   5.6979993530082469        2.8003560104580885       0.37606989618792919       -1.0327195945908403        1.3732914432151635       0.16293764768755034       -2.7297842692708310E-002   3.8456673649616668        3.7724911754672923     
   5.7005367098878938        2.8007567880090791       0.37599575318813455       -1.0228824250736177        1.3827351310440155       0.15297803751576614       -3.1142232762363702E-002   3.9078941607873015        3.6715121742163332     
   5.7031128060125704        2.8011379420893867       0.37591050766857831       -1.0127359549462660        1.3920631313214453       0.14295236785264823       -3.5038505933463679E-002   3.9691956565312561        3.5707541310787345     
   5.7057305645432752        2.8014989179981447       0.37581361143948899       -1.0022660785805522        1.4012785209657066       0.13285238012448553       -3.8990058010198142E-002   4.0296086650668261        3.4702355738907897     
   5.7083930283457338        2.8018390571804779       0.37570446112030925      -0.99145768893936670        1.4103839815259451       0.12266971366322331       -4.3000384273465135E-002   4.0891678224247823        3.3699748917906081     
   5.7111033788899022        2.8021575914002677       0.37558239346481725      -0.98029458608993725        1.4193818211215790       0.11239585900506688       -4.7073097266168408E-002   4.1479058358185572        3.2699903143925115     
   5.7138649704507749        2.8024536369868374       0.37544667926228814      -0.96875931567525220        1.4282740363042494       0.10202205857299117       -5.1211966203677996E-002   4.2058539943695576        3.1702993903366323     
   5.7166813257295699        2.8027261830433443       0.37529651831516769      -0.95683316122643614        1.4370622379907199        9.1539358257308800E-002  -5.5420896943098444E-002   4.2630417979230941        3.0709199360189978     
   5.7195561974905731        2.8029740848430604       0.37513103034327866      -0.94449585429382621        1.4457477794607947        8.0938416941925814E-002  -5.9704009066269541E-002   4.3194979093608614        2.9718686754460513     
   5.7224935586484014        2.8031960477828770       0.37494924860693490      -0.93172557843995829        1.4543316457359832        7.0209590361465193E-002  -6.4065603736980017E-002   4.3752495611385793        2.8731625226134367     
   5.7254976510322653        2.8033906148645618       0.37475010943518616      -0.91849871862355137        1.4628145156477896        5.9342803374140336E-002  -6.8510216839411817E-002   4.4303230964177898        2.7748178752319066     
   5.7285729983790956        2.8035561486060501       0.37453244269566688      -0.90478975704281195        1.4711967037486133        4.8327562095652560E-002  -7.3042616007306868E-002   4.4847437410076791        2.6768512381830458     
   5.7317244416153015        2.8036908121425950       0.37429495974418903      -0.89057106606279923        1.4794781569738258        3.7152892663393992E-002  -7.7667827610749668E-002   4.5385357449416404        2.5792791828582913     
   5.7349571671268995        2.8037925468989942       0.37403624048242162      -0.87581272464062954        1.4876584186670792        2.5807315063763717E-002  -8.2391149650315632E-002   4.5917223274372834        2.4821186429133633     
   5.7382767379486479        2.8038590473598619       0.37375471879571703      -0.86048231517580553        1.4957365891583689        1.4278816612284754E-002  -8.7218164795508840E-002   4.6443256161622530        2.3853872110559644     
   5.7416891164282653        2.8038877325005780       0.37344866723425862      -0.84454475385012640        1.5037112555024514        2.5548657079996363E-003  -9.2154736388872616E-002   4.6963664029421546        2.2891037642736807     
   5.7452007007460821        2.8038757141886936       0.37311617896044014      -0.82796205170417247        1.5115804460670372       -9.3776111256764130E-003  -9.7207019412960255E-002   4.7478640781413155        2.1932887508080787     
   5.7488183020887984        2.8038197627887542       0.37275515386814817      -0.81069335314968760        1.5193414480467011       -2.1532039700823249E-002 -0.10238138062079880        4.7988356814836788        2.0979661108026217     
   5.7525491802084243        2.8037162708881254       0.37236327827320209      -0.79269470252008745        1.5269907642620111       -3.3922199806420618E-002 -0.10768439765605313        4.8492958679184266        2.0031634892112957     
   5.7562997234040649        2.8035659153462680       0.37194946099922160      -0.77441530601294428        1.5343304576051278       -4.6231572218983684E-002 -0.11298023272230161        4.8979690737725852        1.9113462978217606     
   5.7600494746474604        2.8033697106287843       0.37151594264804788      -0.75596097725501832        1.5413307300516357       -5.8393999118869541E-002 -0.11823879112787403        4.9446743628834895        1.8229354847720964     
   5.7638053244818366        2.8031277378358639       0.37106202224119306      -0.73730460683855670        1.5480162624692086       -7.0433513896257058E-002 -0.12346876247474463        4.9895886238988023        1.7376673555458610     
   5.7675730769224165        2.8028398314585199       0.37058699849126675      -0.71842300882479582        1.5544072504638051       -8.2369592587280702E-002 -0.12867710643284858        5.0328585650324005        1.6553238009074611     
   5.7713577711415542        2.8025056214321853       0.37009015656222699      -0.69929564438944514        1.5605205416535908       -9.4218383315068363E-002 -0.13386952991957918        5.0746082544865194        1.5757201986547051     
   5.7751638845806292        2.8021245623824789       0.36957076069879363      -0.67990383620035844        1.5663703865483445      -0.10599348913513974      -0.13905078718097497        5.1149441136610339        1.4986975502873399     
   5.7789954590581596        2.8016959559815362       0.36902805129540406      -0.66023030648266323        1.5719689483177248      -0.11770646507049307      -0.14422486601881007        5.1539583083234835        1.4241172589938558     
   5.7828562047017869        2.8012189662437779       0.36846124115231998      -0.64025878350791421        1.5773266991809043      -0.12936721595965434      -0.14939513819558461        5.1917313911390233        1.3518570445307012     
   5.7867495696295475        2.8006926316536269       0.36786951367791881      -0.61997375091170881        1.5824527077966513      -0.14098426637104616      -0.15456445910328326        5.2283342149229233        1.2818080373590284     
   5.7906788081039542        2.8001158721775838       0.36725201910734334      -0.59936018027339322        1.5873548804501034      -0.15256500809575668      -0.15973526178422057        5.2638295468212704        1.2138722842818670     
   5.7946470133638313        2.7994874970078487       0.36660787440360032      -0.57840342916932108        1.5920401224234861      -0.16411582844004433      -0.16490960114017914        5.2982731354970740        1.1479611781362224     
   5.7986571638212734        2.7988062074700060       0.36593615986496952      -0.55708905573805456        1.5965144920273926      -0.17564226778250872      -0.17008921356428183        5.3317147420708721        1.0839938613316900     
   5.8027121454047510        2.7980706010708034       0.36523591849644610      -0.53540274770227381        1.6007833055155287      -0.18714909829032078      -0.17527554321694228        5.3641988293344003        1.0218962074754698     
   5.8068147745474832        2.7972791738129752       0.36450615460337532      -0.51333024034748564        1.6048512288594241      -0.19864039823814425      -0.18046976767904219        5.3957651636429409       0.96159990858410627     
   5.8109678303803785        2.7964303189797111       0.36374583000675870      -0.49085717768606352        1.6087223650927021      -0.21011964536803188      -0.18567283342636332        5.4264494000512036       0.90304154430001971     
   5.8151740650988639        2.7955223285710864       0.36295386347778236      -0.46796908493183925        1.6124003084498990      -0.22158974289736694      -0.19088546182900260        5.4562834251444592       0.84616207228157048     
   5.8194362129169752        2.7945533944271026       0.36212913019313331      -0.44465134556420555        1.6158881912417604      -0.23305303836879993      -0.19610815245340563        5.4852956460964597       0.79090638500705823     
   5.8237570166889947        2.7935216045185878       0.36127045743202291      -0.42088907844290613        1.6191887385799488      -0.24451138596904767      -0.20134120668414951        5.5135113547882035       0.73722269275876573     
   5.8281392350627845        2.7924249425267651       0.36037662354946753      -0.39666711767603680        1.6223042994864554      -0.25596615123971955      -0.20658472559034582        5.5409529100266912       0.68506222630175928     
   5.8325856517002830        2.7912612865456943       0.35944635638776123      -0.37196997956186895        1.6252368758955669      -0.26741821832974261      -0.21183860915317626        5.5676399051703660       0.63437894256790461     
   5.8370990849768996        2.7900284072162269       0.35847833140797475      -0.34678182536225716        1.6279881481847560      -0.27886799519288064      -0.21710255470043455        5.5935893106629138       0.58512925560349172     
   5.8416824038213040        2.7887239636424344       0.35747116827888104      -0.32108638828372954        1.6305595004332256      -0.29031543056222908      -0.22237606085251582        5.6188156232301907       0.53727173414728313     
   5.8463385352097168        2.7873455010048787       0.35642342900970242      -0.29486694563256338        1.6329520366069989      -0.30176000558533733      -0.22765841984151811        5.6433309389103439       0.49076692400815880     
   5.8510704749766012        2.7858904469248253       0.35533361523571710      -0.26810627180327462        1.6351665959604753      -0.31320073027627399      -0.23294871193632744        5.6671450230739753       0.44557715681503046     
   5.8558812944526721        2.7843561087864761       0.35420016633861368      -0.24078661441205076        1.6372037638233026      -0.32463612609088821      -0.23824579327187972        5.6902653380978396       0.40166642008247128     
   5.8607741524782782        2.7827396691883077       0.35302145625409243      -0.21288963997131138        1.6390638827153590      -0.33606421780047441      -0.24354828769786560        5.7126970790374694       0.35900019305191483     
   5.8657523083010501        2.7810381807050000       0.35179578991156846      -0.18439637427421146        1.6407470609471904      -0.34748252276488145      -0.24885457708813449        5.7344431906826605       0.31754529826744299     
   5.8708191260905149        2.7792485632728900       0.35052140165885565      -0.15528719101810792        1.6422531761530583      -0.35888801649389995      -0.25416278017657712        5.7555043281021838       0.27726984051209502     
   5.8759780923558331        2.7773675970508491       0.34919645049533776      -0.12554172726473256        1.6435818813899850      -0.37027712337881402      -0.25947074251158769        5.7758788554397587       0.23814305171899108     
   5.8812328256077251        2.7753919176847015       0.34781901714483093       -9.5138843934882172E-002   1.6447326062872298      -0.38164568424572975      -0.26477601496094522        5.7955627893782085       0.20013521868039463     
   5.8865870883461229        2.7733180107144664       0.34638710058027877       -6.4056574204029271E-002   1.6457045572387221      -0.39298892401438790      -0.27007583142931474        5.8145497336093221       0.16321760399758770     
   5.8920448005135020        2.7711422053810231       0.34489861420497397       -3.2272064887599740E-002   1.6464967160902793      -0.40430141675625603      -0.27536708438754698        5.8328307983798586       0.12736236959919253     
   5.8976100580341715        2.7688606663188966       0.34335138068276044        2.3851010772388270E-004   1.6471078374835910      -0.41557705467942441      -0.28064630110441713        5.8503945142805565        9.2542482003886442E-002
   5.9032871443941204        2.7664693879989972       0.34174312874652479        3.3499993695348861E-002   1.6475364431466299      -0.42680899551216556      -0.28590960843888846        5.8672266989297572        5.8731677722560320E-002
   5.9090805538833377        2.7639641844547729       0.34007148690496636        6.7538355034416769E-002   1.6477808155020681      -0.43798962576893435      -0.29115270350400724        5.8833103357064713        2.5904368930689564E-002
   5.9149950086160965        2.7613406815737633       0.33833397901931156       0.10238075965616494        1.6478389882261919      -0.44911050237354561      -0.29637081237939922        5.8986254042503106       -5.9643956516909971E-003
   5.9210354832370378        2.7585943062315419       0.33652801790118286       0.13805568107421445        1.6477087349367825      -0.46016229944335008      -0.30155864912173647        5.9131487027401510       -3.6898999291865187E-002
   5.9272072305835533        2.7557202750634113       0.33465089885360599       0.17459301392985010        1.6473875550431158      -0.47113474523936127      -0.30671036769821391        5.9268536371446707       -6.6923311881374431E-002
   5.9335158106805528        2.7527135819158923       0.33269979254365689       0.21202420184468332        1.6468726566578713      -0.48201655237487806      -0.31181950787889512        5.9397099802170681       -9.6060743317592776E-002
   5.9399671251650137        2.7495689829948615       0.33067173661664750       0.25038239158268627        1.6461609359634466      -0.49279534282554222      -0.31687893532949896        5.9516835988119112      -0.12433430264034719     
   5.9465674547235032        2.7462809808777666       0.32856362686905799       0.28970259817016220        1.6452489527003338      -0.50345756104319561      -0.32188077218736127        5.9627361376806816      -0.15176664853428032     
   5.9533235070196291        2.7428438037506413       0.32637220570918873       0.33002192421011173        1.6441329002876912      -0.51398838450200202      -0.32681632181342124        5.9728246650081216      -0.17838015991806058     
   5.9602424670967622        2.7392513838131194       0.32409405053756435       0.37137978421144496        1.6428085707346745      -0.52437161455513503      -0.33167597886070016        5.9819012548067976      -0.20419698728221150     
   5.9673320595159876        2.7354973303441144       0.32172555925773283       0.41381818715543245        1.6412713123332503      -0.53458955826454957      -0.33644912866826732        5.9899125104007584      -0.22923911941264463     
   5.9746006247508054        2.7315748959641621       0.31926293216343832       0.45738209022668191        1.6395159780310740      -0.54462289804927799      -0.34112403326151591        5.9967990133651696      -0.25352846447189331     
   5.9820572044649465        2.7274769390002027       0.31670215221344028       0.50211978858947304        1.6375368642796806      -0.55445053400550526      -0.34568769536068106        6.0024946724210606      -0.27708691870144286     
   5.9897116525319287        2.7231958729798800       0.31403895827959211       0.54808343845339536        1.6353276346802532      -0.56404941297060074      -0.35012570504756474        6.0069259643986364      -0.29993647030947529     
   5.9974915045635617        2.7187713439086951       0.31129832144540404       0.59482927284688092        1.6329080360981931      -0.57329810492023003      -0.35437796567931024        6.0099860600578392      -0.32187124867111599     
   6.0053813099632860        2.7142128448470699       0.30848621704414392       0.64225432851117392        1.6302848633232885      -0.58215603872481547      -0.35842183162068408        6.0116273908959794      -0.34288142961474238     
   6.0133845864657376        2.7095195159181462       0.30560218043000725       0.69036876868940322        1.6274593654275289      -0.59060610723958118      -0.36224515664464213        6.0118114903769797      -0.36301275560734297     
   6.0215043831611990        2.7046909650730462       0.30264605189579874       0.73917913312397365        1.6244326991777371      -0.59862982589574865      -0.36583475838195212        6.0104964422521281      -0.38230742492264536     
   6.0297435957774974        2.6997271192490255       0.29961788570596121       0.78869016002096926        1.6212058629894370      -0.60620778238001083      -0.36917659935955333        6.0076372555210922      -0.40080529243790836     
   6.0381048194921023        2.6946283435534584       0.29651802481481870       0.83890383156020654        1.6177797837357037      -0.61331958348242521      -0.37225574156100583        6.0031861806421531      -0.41854382025305731     
   6.0465903557017890        2.6893954706853238       0.29334712078814557       0.88981934930083351        1.6141553484957818      -0.61994398073100410      -0.37505638589567436        5.9970930702375975      -0.43555839948604497     
   6.0552021642179890        2.6840298628915078       0.29010617400625477       0.94143278761869220        1.6103334560079641      -0.62605895921142263      -0.37756190059268513        5.9893057952458388      -0.45188252679163399     
   6.0639417561328077        2.6785335114583639       0.28679659669239693       0.99373640071942282        1.6063150965294217      -0.63164181307060141      -0.37975485325456199        5.9797707959624944      -0.46754787077143950     
   6.0728101087516047        2.6729091232341085       0.28342026798607362        1.0467180761886947        1.6021014267969400      -0.63666928045864668      -0.38161708059402805        5.9684337368509564      -0.48258439931833375     
   6.0818076926457918        2.6671601342034905       0.27997954532828701        1.1003614743001853        1.5976937921321914      -0.64111776791232011      -0.38312980514150807        5.9552400985239151      -0.49702068586725168     
   6.0909342079590711        2.6612909055130989       0.27647738510861741        1.1546444526043360        1.5930938900650831      -0.64496345095696350      -0.38427372534996679        5.9401362654359131      -0.51088372888513256     
   6.1001886940114067        2.6553066780288108       0.27291731826889154        1.2095397438402651        1.5883037553034327      -0.64818260538276185      -0.38502920839910998        5.9230702073322119      -0.52419938032445890     
   6.1095691967128687        2.6492138054273036       0.26930359157420630        1.2650130350294919        1.5833259680926217      -0.65075178252585975      -0.38537646146182586        5.9039929959484425      -0.53699208705123791     
   6.1190729089911633        2.6430196753819759       0.26564112207075080        1.3210238940676491        1.5781636231127247      -0.65264820439088100      -0.38529579282608306        5.8828596203527583      -0.54928532535605190     
   6.1286960475813022        2.6367327912509619       0.26193554626802196        1.3775251663837713        1.5728204303281519      -0.65385006611502849      -0.38476787139890950        5.8596303168701009      -0.56110161015882842     
   6.1384337916499501        2.6303628036963755       0.25819323793206111        1.4344627827014489        1.5673007845434757      -0.65433688468477658      -0.38377402827942614        5.8342718798757289      -0.57246257741185669     
   6.1482802570669284        2.6239205071513045       0.25442130326147561        1.4917758206625278        1.5616098137149590      -0.65408986100981148      -0.38229658497623314        5.8067589391367251      -0.58338908194113293     
   6.1582285721188885        2.6174177570472144       0.25062752761542340        1.5493971967029447        1.5557533644696790      -0.65309222534952949      -0.38031918056785924        5.7770749437875377      -0.59390136623947654     
   6.1682709639469868        2.6108673674213723       0.24682030894837417        1.6072544459582434        1.5497379729222467      -0.65132953015958572      -0.37782708530245329        5.7452130035535909      -0.60401918070421656     
   6.1783988232543372        2.6042830112145601       0.24300859066789560        1.6652703986355009        1.5435708412438887      -0.64878989297860890      -0.37480750351154002        5.7111766740581906      -0.61376183230552539     
   6.1886028412862508        2.5976790635155451       0.23920175911180683        1.7233642870236570        1.5372597640578705      -0.64546416665940032      -0.37124983421939056        5.6749803617402481      -0.62314826285203873     
   6.1988733469392816        2.5910703090898246       0.23540946136690638        1.7814539800039786        1.5308129201885499      -0.64134594411367096      -0.36714580514357587        5.6366487559249618      -0.63219725611627098     
   6.2092003007068239        2.5844718694469488       0.23164154850611227        1.8394562398643981        1.5242388670530549      -0.63643157411574502      -0.36248966237663049        5.5962172034668436      -0.64092728725922765     
   6.2195737057975018        2.5778988622297581       0.22790786422316375        1.8972893090722573        1.5175462666024397      -0.63071992490494644      -0.35727813316530121        5.5537302818776890      -0.64935671796691830     
   6.2299837022022855        2.5713662706040643       0.22421815410841095        1.9548736498923416        1.5107438017473200      -0.62421216851590300      -0.35151043402010690        5.5092412516396045      -0.65750368867899700     
   6.2404207862869328        2.5648887407132439       0.22058193403144061        2.0121333381584909        1.5038400085433419      -0.61691143078022825      -0.34518815685436988        5.4628107874405805      -0.66538611598363551     
   6.2508760583814800        2.5584803755925831       0.21700835826880321        2.0689975350904923        1.4968430832600033      -0.60882232589041507      -0.33831505365541215        5.4145053050933036      -0.67302170633437508     
   6.2613412113020512        2.5521547033586556       0.21350618684264344        2.1254004775191353        1.4897608589113620      -0.59995061995727628      -0.33089692093652212        5.3643962692393172      -0.68042778909216006     
   6.2718087352867338        2.5459245256265750       0.21008368732444649        2.1812825967391509        1.4826006379692711      -0.59030270589394951      -0.32294130508569219        5.3125584084129702      -0.68762133335070941     
   6.2822719274451417        2.5398019005308416       0.20674861366543473        2.2365905192504831        1.4753691561257267      -0.57988520557081535      -0.31445729769306996        5.2590687427902436      -0.69461884491341741     
   6.2927248967020688        2.5337981395528462       0.20350819386418093        2.2912770122019173        1.4680725526922582      -0.56870459070122215      -0.30545532390736746        5.2040056402663311      -0.70143629150942888     
   6.3031625648630030        2.5279238172898908       0.20036912616082492        2.3453008794707082        1.4607163468110713      -0.55676682447482007      -0.29594692723027655        5.1474479114366503      -0.70808905268500433     
   6.3135806333832614        2.5221888101140624       0.19733759221636551        2.3986266564768890        1.4533054408324433      -0.54407706366267350      -0.28594458447612359        5.0894741272144906      -0.71459187179827544     
   6.3239755480688125        2.5166023430584685       0.19441927579032120        2.4512242817443024        1.4458441286336865      -0.53063939502177204      -0.27546153157137165        5.0301620136114620      -0.72095882854622895     
   6.3343443699258710        2.5111730912654369       0.19161941053414611        2.5030682926766077        1.4383361751625883      -0.51645673447511520      -0.26451170174412425        4.9695884707898879      -0.72720327302909438     
   6.3446847695323916        2.5059092163121646       0.18894279383358462        2.5541376556704174        1.4307848113466850      -0.50153061497425488      -0.25310956328799716        4.9078289901046901      -0.73333785117435335     
   6.3549949592918056        2.5008184388802652       0.18639382028523094        2.6044152816057990        1.4231927758036391      -0.48586108525784388      -0.24127003454073423        4.8449574964816424      -0.73937450178819986     
   6.3652735652314281        2.4959081395532259       0.18397652881724999        2.6538872640744335        1.4155624044473121      -0.46944674810709558      -0.22900849477448521        4.7810466596664574      -0.74532442710769753     
   6.3755196522814819        2.4911853824980210       0.18169461097552367        2.7025428796343993        1.4078956094501618      -0.45228460325519065      -0.21634064002579401        4.7161673501886074      -0.75119815834249959     
   6.3857325674271195        2.4866570249217976       0.17955146133150110        2.7503737224618088        1.4001939950452480      -0.43437021186489011      -0.20328257327358673        4.6503892927446229      -0.75700551808007133     
   6.3959119661541148        2.4823297369169195       0.17755018351769319        2.7973737338922966        1.3924588387112045      -0.41569759780690346      -0.18985069255700282        4.5837806400816454      -0.76275568956103235     
   6.4060577182775100        2.4782100745120523       0.17569362169061800        2.8435386713966833        1.3846911637234316      -0.39625937722637861      -0.17606174256133494        4.5164083613002752      -0.76845721605638850     
   6.4161699350115287        2.4743044983140288       0.17398436637257306        2.8888661506206881        1.3768917206213054      -0.37604669107144489      -0.16193272030455130        4.4483378846967536      -0.77411806738145528     
   6.4262488166711753        2.4706194607518071       0.17242479046510115        2.9333548876003870        1.3690611071226955      -0.35504950879407071      -0.14748103854338995        4.3796339759084608      -0.77974560345807153     
   6.4362947704251559        2.4671613852469121       0.17101703731211448        2.9770051654720131        1.3611996805865481      -0.33325641559239888      -0.13272432347618057        4.3103598349938546      -0.78534668647696437     
   6.4463082298490750        2.4639367540217672       0.16976305506399944        3.0198179862272099        1.3533077018544022      -0.31065502783810728      -0.11768064319343524        4.2405782408667534      -0.79092762325504584     
   6.4562897432572415        2.4609520948237456       0.16866458795461728        3.0617954177151510        1.3453852705649201      -0.28723186403758005      -0.10236835723685918        4.1703508848836144      -0.79649425450941858     
   6.4662400018106689        2.4582139956215951       0.16772318125545030        3.1029406561329020        1.3374323053376296      -0.26297232112863445       -8.6806045467669429E-002   4.0997381060973161      -0.80205200739315452     
   6.4761596322138653        2.4557291799229617       0.16694020610616436        3.1432571275812311        1.3294487126991608      -0.23786124352974558       -7.1012812389782465E-002   4.0288003186848993      -0.80760581357598427     
   6.4860493440347122        2.4535044754372297       0.16631684544445224        3.1827490812342920        1.3214342741366409      -0.21188266347368134       -5.5008047571534595E-002   3.9575969489372476      -0.81316022204569938     
   6.4959099434740679        2.4515468293046507       0.16585409925999339        3.2214216009297441        1.3133886371954588      -0.18501983064787611       -3.8811383426692547E-002   3.8861863022802257      -0.81871943510510292     
   6.5057422012414010        2.4498633486153540       0.16555279472963902        3.2592800544058909        1.3053114260213832      -0.15725565385096399       -2.2442896920338372E-002   3.8146265003639384      -0.82428725946805570     
   6.5155469257517025        2.4484612920750424       0.16541358227457537        3.2963303680985954        1.2972021856038241      -0.12857261293751809       -5.9229802600006300E-003   3.7429749461285846      -0.82986717006596611     
   6.5253249628723857        2.4473480804282390       0.16543693805499504        3.3325790013115770        1.2890603846448110       -9.8952855031097117E-002   1.0727672667039518E-002   3.6712883165966979      -0.83546233061176445     
   6.5350771667548697        2.4465313083154858       0.16562316571186453        3.3680328168804885        1.2808854424882714       -6.8378384389777072E-002   2.7488030230952244E-002   3.5996227726442851      -0.84107559545509725     
   6.5448044143606516        2.4460187485213880       0.16597239714594897        3.4026991190662499        1.2726767197941258       -3.6831128232738077E-002   4.4336761170906763E-002   3.5280338525952564      -0.84670953431047791     
   6.5545076054283093        2.4458183582321515       0.16648459388131037        3.4365856354559337        1.2644335209163278       -4.2930440919457039E-003   6.1252249630697669E-002   3.4565764742321550      -0.85236644698524855     
   6.5641876624652662        2.4459382846243392       0.16715954844462921        3.4697004995769074        1.2561550960652292        2.9253772082040996E-002   7.8212611360150425E-002   3.3853049392135732      -0.85804837647216226     
   6.5738455451260567        2.4463868707231984       0.16799688712597369        3.5020522818511908        1.2478406308681727        6.3827029612712152E-002   9.5195736488414603E-002   3.3142728342352648      -0.86375712903746349     
   6.5834822071406940        2.4471726579905835       0.16899606776934703        3.5336498288009990        1.2394892852305115        9.9443980940005894E-002  0.11217923256595219        3.2435333572148366      -0.86949425891317955     
   6.5930986681592838        2.4483043946930638       0.17015638802235447        3.5645024858970205        1.2311001329593279       0.13612157428847568       0.12914057115768546        3.1731388011365942      -0.87526111968799902     
   6.6026959849790607        2.4497910419959963       0.17147698620031424        3.5946199786122492        1.2226721874278657       0.17387625597241907       0.14605705883470077        3.1031407824123720      -0.88105885529663530     
   6.6122752087853502        2.4516417705009843       0.17295683693086111        3.6240122641281753        1.2142044405227643       0.21272369562763876       0.16290578445794332        3.0335905702357531      -0.88688838051445906     
   6.6218374852834092        2.4538659823251581       0.17459476814416744        3.6526898253277027        1.2056957754293289       0.25267908664763372       0.17966381942941576        2.9645383793732898      -0.89275044705895668     
   6.6313839548598734        2.4564732981068009       0.17638944884240745        3.6806633451776092        1.1971450555129226       0.29375664913834160       0.19630806708895451        2.8960341210067502      -0.89864558733269695     
   6.6409158525812106        2.4594735865594735       0.17833940936409198        3.7079439884952099        1.1885510358838376       0.33596995734138707       0.21281546364371814        2.8281267106891343      -0.90457417914708005     
   6.6504344513533482        2.4628769595706168       0.18044303555462657        3.7345432110688588        1.1799124141550592       0.37933161973946888       0.22916290461670147        2.7608645147920163      -0.91053641345868530     
   6.6599410622624715        2.4666937771127078       0.18269857124384539        3.7604727472796267        1.1712278307622168       0.42385318929436155       0.24532727331762616        2.6942953831704646      -0.91653229573207085     
   6.6694371201971547        2.4709346920884281       0.18510414295304717        3.7857448229909383        1.1624957905616264       0.46954549133608936       0.26128561304471842        2.6284660959855897      -0.92256170059971387     
   6.6789240705614450        2.4756106163474039       0.18765773748841991        3.8103718264249813        1.1537147660065894       0.51641802382042989       0.27701496104207912        2.5634232088094984      -0.92862430005922836     
   6.6884034693139665        2.4807327757962963       0.19035723098765284        3.8343665582304269        1.1448831050194048       0.56447936690984934       0.29249254389195706        2.4992124132477613      -0.93471962539002107     
   6.6978769552013242        2.4863127159695395       0.19320038773774659        3.8577421332980930        1.1359990554539749       0.61373699871679166       0.30769575468745924        2.4358787996259390      -0.94084704740582747     
   6.7073462363739234        2.4923623098706864       0.19618486069319116        3.8805119295681063        1.1270607769539587       0.66419716821332730       0.32260215648436458        2.3734670167818983      -0.94700576422916949     
   6.7168131482360902        2.4988938132815353       0.19930821446030925        3.9026897086678840        1.1180662854274368       0.71586515184901744       0.33718959676507576        2.3120209694336471      -0.95319483423977880     
   6.7262796120033084        2.5059198624603538       0.20256791798305393        3.9242894941044524        1.1090134906691884       0.76874499395091422       0.35143616171555353        2.2515841848246327      -0.95941314344229378     
   6.7357476645908712        2.5134535184774838       0.20596135914948288        3.9453256236843068        1.0999001666912440       0.82283962679041678       0.36532024168055038        2.1921997150727384      -0.96565941777389108     
   6.7452194888813022        2.5215083224091099       0.20948586145163262        3.9658127948578636        1.0907239206360382       0.87815101443031873       0.37882058938732588        2.1339100623307039      -0.97193223464045841     
   6.7546973872960310        2.5300983089098272       0.21313868008104461        3.9857659851183449        1.0814822160937074       0.93467997518429291       0.39191629179380622        2.0767574707392376      -0.97822999541940303     
   6.7641838128087883        2.5392380692334879       0.21691701829084220        4.0052005012061231        1.0721723409687500       0.99242633392174739       0.40458682268415430        2.0207838697808458      -0.98455093407010141     
   6.7736813718662070        2.5489427967296798       0.22081803346896611        4.0241319664451307        1.0627914021431297        1.0513889162802224       0.41681204967872043        1.9660310079142909      -0.99089310526826413     
   6.7831928926002156        2.5592284074837406       0.22483887028582958        4.0425764362981349        1.0533362550770877        1.1115659554166437       0.42857231764609510        1.9125402327451584      -0.99725441398588011     
   6.7927213788103797        2.5701115535478949       0.22897664701807238        4.0605502845846937        1.0438035456420014        1.1729547953300610       0.43984837644922048        1.8603529553541145       -1.0036325662857795     
   6.8022700654389450        2.5816097468436099       0.23322848286664905        4.0780702934903648        1.0341896514314788        1.2355522220538060       0.45062143264206644        1.8095105499733211       -1.0100250849531116     
   6.8118424464924079        2.5937414700561576       0.23759151448820803        4.0951536840604632        1.0244906492299355        1.2993546335775730       0.46087315192315254        1.7600544530409814       -1.0164293034260308     
   6.8214423043311463        2.6065263026553671       0.24206291279107806        4.1118181478554980        1.0147022803360648        1.3643582197905144       0.47058565066234098        1.7120262925415182       -1.0228423566702818     
   6.8310737479377694        2.6199850740417929       0.24663990332399297        4.1280818931840715        1.0048199059082681        1.4305592015143374       0.47974148264453287        1.6654680149699639       -1.0292611733640635     
   6.8407412681043240        2.6341400604204739       0.25131979422914441        4.1439637172559634       0.99483844378017594        1.4979541851655283       0.48832362373725036        1.6204219865223370       -1.0356824737140196     
   6.8504497881219812        2.6490152006283587       0.25610000150238565        4.1594830670202301       0.98475230839516747        1.5665404849316975       0.49631542967947290        1.5769311866200755       -1.0421027573820554     
   6.8602047553602032        2.6646364040118828       0.26097809337463584        4.1746601620506505       0.97455530658607636        1.6363167272229975       0.50370060158812358        1.5350393013190142       -1.0485183100071380     
   6.8700122003849113        2.6810318462953049       0.26595181751214209        4.1895160607027631       0.96424056488583543        1.7072832171068890       0.51046309181509686        1.4947910690101138       -1.0549251777034205     
   6.8798788623008837        2.6982324144715721       0.27101915924573755        4.2040728260282503       0.95380038526854116        1.7794427596174935       0.51658702334159634        1.4562324647690454       -1.0613191720591448     
   6.8898123307771222        2.7162722438858560       0.27617840649859715        4.2183537071975064       0.94322607947938431        1.8528015870135848       0.52205656554096069        1.4194109995257673       -1.0676958688089666     
   6.8998212309009999        2.7351894091829689       0.28142823376909926        4.2323833744169184       0.93250775342850345        1.9273705714691043       0.52685576976074588        1.3843760795099709       -1.0740506120325610     
   6.9099154481132548        2.7550267893121432       0.28676780261492463        4.2461882006966238       0.92163404310748165        2.0031666906431838       0.53096834287955375        1.3511795098630663       -1.0803785149241263     
   6.9201064396907546        2.7758332289771936       0.29219690133069176        4.2597966523702224       0.91059175028435857        2.0802150739080076       0.53437735349246884        1.3198760811939116       -1.0866744765284686     
   6.9304076613137466        2.7976651108858870       0.29771613687497006        4.2732398193014065       0.89936534368349552        2.1585518222989450       0.53706483461451027        1.2905243155922486       -1.0929332166881138     
   6.9408351108538202        2.8205884157358740       0.30332717624647876        4.2865520822390168       0.88793631924738659        2.2382275750755709       0.53901122628411924        1.2631875795295398       -1.0991493086474164     
   6.9514081930148368        2.8446818207232507       0.30903314047961650        4.2997721723861249       0.87628219068267554        2.3193133073291716       0.54019461608584385        1.2379353348335549       -1.1053172981397130     
   6.9621508875819655        2.8700409975965755       0.31483913237132527        4.3129445823094716       0.86437511759722274        2.4019081241745686       0.54058961495799951        1.2148451597886412       -1.1114318411621940     
   6.9730306515167682        2.8966287768897550       0.32071908176676206        4.3260466232595904       0.85225008109236922        2.4856670276283026       0.54017048668277290        1.1941176027546312       -1.1174536780625699     
   6.9840167495389904        2.9244012161562551       0.32664735052327065        4.3390628195441563       0.83994108269247614        2.5702486679966112       0.53892382463228738        1.1759162723102490       -1.1233450452240634     
   6.9951289895831472        2.9534373283173165       0.33262516774613027        4.3520405389600709       0.82742605465130870        2.6556928166995788       0.53683698982309314        1.1603057607807881       -1.1290947052036160     
   7.0063897353494777        2.9838289046287683       0.33865455442117881        4.3650308607466677       0.81467987757635618        2.7420499276464860       0.53389381992043272        1.1473637714367413       -1.1346897139916960     
   7.0178253011716478        3.0156855881223463       0.34473887568760619        4.3780905624873325       0.80167278111583662        2.8293893797192871       0.53007348446021341        1.1371831977938627       -1.1401154086890091     
   7.0293781661876302        3.0488805175498008       0.35083646493561926        4.3911834165916321       0.78847085971493569        2.9171317141706674       0.52538816141502165        1.1299206346851689       -1.1453160779209792     
   7.0409157399119442        3.0830397108793619       0.35686731161677315        4.4041926274731953       0.77522816458056865        3.0041367934134016       0.51990800076924482        1.1256832847677298       -1.1502094178932869     
   7.0524453218236705        3.1181738502932310       0.36282634711950790        4.4171612375449376       0.76194006440679662        3.0903364581822510       0.51366112604583014        1.1244356061064802       -1.1547804506372961     
   7.0639749128777440        3.1542969793223565       0.36870906994978098        4.4301325379453429       0.74860118049166946        3.1756684419013737       0.50667470834534534        1.1261423339684604       -1.1590137239736216     
   7.0755127160617475        3.1914251414393577       0.37451122989196212        4.4431496504648544       0.73520597666315124        3.2600720666304421       0.49897504847187663        1.1307688657267545       -1.1628930023066810     
   7.0870674013533348        3.2295773049673189       0.38022890652378338        4.4562559818290932       0.72174847361764105        3.3434896114719859       0.49058729889352737        1.1382814013715556       -1.1664012624749569     
   7.0986481322169004        3.2687755888889436       0.38585845840758493        4.4694954224630576       0.70822224025400271        3.4258657949301590       0.48153531501974300        1.1486471538913796       -1.1695205726329492     
   7.1102647735559144        3.3090461200118866       0.39139655393339190        4.4829127703376050       0.69462017675698595        3.5071484355359814       0.47184137478893201        1.1618347274479175       -1.1722319974230098     
   7.1219278960124051        3.3504192401100252       0.39684009302453832        4.4965539468274462       0.68093453947760230        3.5872875046443196       0.46152605467875035        1.1778143740476927       -1.1745154127632673     
   7.1332999969985122        3.3916513751140189       0.40202890218511145        4.5100489966664599       0.66756725571012665        3.6639088303317884       0.45094066506309460        1.1959623163044282       -1.1763015712100373     
   7.1443222452784427        3.4324382032973433       0.40694058301827596        4.5233389547098728       0.65459420086854103        3.7366529918474560       0.44021594895956712        1.2158939633013046       -1.1776028635914042     
   7.1550638660533998        3.4729498810716652       0.41161122469960343        4.5365135948919857       0.64193990749474616        3.8060267783510717       0.42935323949302906        1.2374597207730504       -1.1784505645345649     
   7.1655768296139133        3.5133127535671660       0.41606749794048331        4.5496425954779953       0.62954834956500316        3.8724028303095031       0.41835590528844724        1.2605370099035176       -1.1788665663565190     
   7.1758993887020441        3.5536156898426645       0.42032884935815978        4.5627793918145700       0.61737907808919701        3.9360503766958130       0.40723067553138370        1.2850167406730217       -1.1788663955277170     
   7.1860610081644287        3.5939241955830572       0.42441007585489615        4.5759668602478349       0.60540160026535927        3.9971722996450616       0.39598575440090483        1.3108000770215029       -1.1784613930707311     
   7.1960852067450212        3.6342884249789811       0.42832280811510459        4.5892406248727022       0.59359214923971404        4.0559264721907491       0.38462985164441782        1.3377962044438896       -1.1776599950131250     
   7.2059913177329440        3.6747480816670164       0.43207642646054539        4.6026311303183718       0.58193168931218764        4.1124389216198196       0.37317164937313735        1.3659207568965765       -1.1764685315745489     
   7.2157956141185400        3.7153354804510674       0.43567864605534407        4.6161649809809751       0.57040464713074301        4.1668122284155373       0.36161952723535007        1.3950946009997001       -1.1748917523446731     
   7.2255120983466607        3.7560777023575800       0.43913592109785260        4.6298658995242903       0.55899802390918785        4.2191313297849344       0.34998138040375121        1.4252429915120794       -1.1729331796632190     
   7.2351529865838939        3.7969977914871387       0.44245370104345999        4.6437553119802866       0.54770085800651491        4.2694671762667635       0.33826460214526133        1.4562946897145006       -1.1705953701116969     
   7.2447291396123612        3.8381159382627934       0.44563664326053798        4.6578528908691998       0.53650374438669568        4.3178797890691465       0.32647599613008060        1.4881815115011470       -1.1678800895169279     
   7.2542503292900804        3.8794501226189744       0.44868874955432309        4.6721768905225707       0.52539854328045110        4.3644202079107899       0.31462179029959952        1.5208377859653048       -1.1647884513310063     
   7.2637254582803363        3.9210166645763080       0.45161347432695703        4.6867444310889370       0.51437814093478307        4.4091320393654225       0.30270763905325970        1.5541999606270120       -1.1613210174626465     
   7.2731627364247897        3.9628306708917291       0.45441380819406391        4.7015717331355491       0.50343625948199244        4.4520526564244607       0.29073862661549704        1.5882062894961384       -1.1574778716269194     
   7.2825697883875051        4.0049062416062942       0.45709233281028949        4.7166742570045272       0.49256734569319494        4.4932139772598800       0.27871931737378858        1.6227964480993879       -1.1532586881798750     
   7.2919538127028503        4.0472569545490380       0.45965128411247280        4.7320669335640639       0.48176639983008451        4.5326433894343792       0.26665370988794351        1.6579114674649025       -1.1486627539069070     
   7.3013216051865957        4.0898957819132482       0.46209257155692052        4.7477641853378181       0.47102896116023529        4.5703640113973671       0.25454533987938682        1.6934932716620656       -1.1436890303179541     
   7.3106796917923642        4.1328355274462671       0.46441782387060337        4.7637801306016128       0.46035096732793085        4.6063953729423259       0.24239722406253975        1.7294846974833693       -1.1383361497375379     
   7.3200343550705158        4.1760888077101574       0.46662840204570843        4.7801286184370628       0.44972873661480611        4.6407536009392514       0.23021192534622381        1.7658291775402379       -1.1326024500497645     
   7.3293917015074292        4.2196682364229918       0.46872542049684762        4.7968233347410782       0.43915890367898497        4.6734517395414770       0.21799155317058552        1.8024706229091407       -1.1264859790659840     
   7.3387576930145091        4.2635864586668779       0.47070975691797284        4.8138778494262162       0.42863839676912330        4.7044999033899035       0.20573780034609454        1.8393532040671352       -1.1199845114834217     
   7.3481382204513404        4.3078563937902752       0.47258206881639475        4.8313057425047505       0.41816436852118893        4.7339055433908239       0.19345191670203327        1.8764213250359942       -1.1130955297542293     
   7.3575391062757047        4.3524911563337501       0.47434279252210132        4.8491206044516737       0.40773420757520878        4.7616734466579977       0.18113476865871572        1.9136193399842389       -1.1058162467510300     
   7.3669661712391008        4.3975042853420216       0.47599215343414314        4.8673361560208548       0.39734547963432115        4.7878059205988048       0.16878680949391536        1.9508915371361959       -1.0981435776197090     
   7.3764252588603041        4.4429097814642580       0.47753016525633812        4.8859662931295542       0.38699591743120060        4.8123028130790706       0.15640810041438991        1.9881819659189313       -1.0900741359299819     
   7.3859222311137263        4.4887220076670609       0.47895662371664838        4.9050250731160858       0.37668344310908664        4.8351614526589968       0.14399836561621535        2.0254341568430809       -1.0816042537406778     
   7.3954630810978017        4.5349561562329130       0.48027111638068554        4.9245269354953676       0.36640606505885959        4.8563768561941467       0.13155689148934471        2.0625913032810446       -1.0727298950810960     
   7.4050538645083579        4.5816278442238936       0.48147300279031341        4.9444865614246405       0.35616197385918225        4.8759414723778205       0.11908266040877212        2.0995957304665795       -1.0634467262285372     
   7.4147008226069495        4.6287536345526945       0.48256142038793426        4.9649191208640922       0.34594943326236943        4.8938453515829243       0.10657423291992693        2.1363891080140491       -1.0537500094656587     
   7.4244103821622529        4.6763509623443174       0.48353526984528894        4.9858402730481091       0.33576680743000281        4.9100759988546407        9.4029789726022217E-002   2.1729121702114882       -1.0436346041998172     
   7.4341891404186642        4.7244379816967239       0.48439319930096159        5.0072661267743293       0.32561260479288218        4.9246182197593216        8.1447191639341818E-002   2.2091043777249557       -1.0330949894717762     
   7.4440440189431891        4.7730342390441240       0.48513360144423484        5.0292135690400954       0.31548534947277185        4.9374542018528391        6.8823821971317853E-002   2.2449041923643867       -1.0221251038334880     
   7.4539821765293111        4.8221601585457075       0.48575458543509126        5.0517000689939477       0.30538370783036761        4.9485631941991057        5.6156740040947950E-002   2.2802484350358041       -1.0107184393956503     
   7.4640111544607155        4.8718376644278099       0.48625396548387118        5.0747439920719888       0.29530637881562166        4.9579214957317852        4.3442537204172571E-002   2.3150724761238175      -0.99886788199269705     
   7.4741388550379417        4.9220899737619188       0.48662923313317274        5.0983645426624697       0.28525216107066154        4.9655021919328091        3.0677408326847719E-002   2.3493097914604388      -0.98656573446234841     
   7.4843736816626478        4.9729421791425494       0.48687753386983718        5.1225820757599436       0.27521986360211187        4.9712750123730052        1.7857020898340327E-002   2.3828920460738532      -0.97380354844045403     
   7.4947244752407931        5.0244208088950177       0.48699563166267551        5.1474179317609075       0.26520842565399877        4.9752059981413135        4.9766440924478815E-003   2.4157484509581022      -0.96057220222954121     
   7.5052007312696585        5.0765547666487718       0.48697987579165980        5.1728949309903971       0.25521676904544632        4.9772572954361491       -7.9690699718480904E-003   2.4478059994617856      -0.94686162951455244     
   7.5158125795030175        5.1293750735350585       0.48682615529951245        5.1990373046367155       0.24524389350982978        4.9773867591842933       -2.0986001955618207E-002   2.4789888655304697      -0.93266084205705180     
   7.5265709018769771        5.1829152756155858       0.48652984962793039        5.2258709489279109       0.23528884806907344        4.9755475784222378       -3.4080647646546447E-002   2.5092181910276050      -0.91795777937621947     
   7.5374874796692906        5.2372119705039282       0.48608576778626844        5.2534237525959995       0.22535069149877776        4.9716878005387439       -4.7260226226132615E-002   2.5384118582345239      -0.90273911324857592     
   7.5485751019493597        5.2923051082751043       0.48548807714625175        5.2817258243279941       0.21542850679036418        4.9657497675329010       -6.0532730283559266E-002   2.5664840473900883      -0.88699010274458490     
   7.5598477235087351        5.3482384979785573       0.48473021855997189        5.3108098355830595       0.20552139024934674        4.9576694520726345       -7.3907023329775598E-002   2.5933448200388227      -0.87069438257798892     
   7.5713206792456180        5.4050605437436348       0.48380480213980426        5.3407115000730263       0.19562841662301389        4.9473756355476919       -8.7392988004581826E-002   2.6188996939227440      -0.85383367047243397     
   7.5830108865967363        5.4628248580211709       0.48270348467828800        5.3714700106968225       0.18574864657953871        4.9347889519780841      -0.10100163958191932        2.6430490129152635      -0.83638749346749097     
   7.5949371742679608        5.5215914197653806       0.48141681320386182        5.4031287898301565       0.17588106499041056        4.9198206463266736      -0.11474536205172450        2.6656873808170056      -0.81833273216775004     
   7.6070659046260296        5.5811594356053220       0.47994107338455250        5.4355892432528687       0.16606831859062526        4.9024542412660486      -0.12857606360061244        2.6866132462297636      -0.79972761130960179     
   7.6192224923445320        5.6406400500781970       0.47829452292792429        5.4683659481379037       0.15646085705205345        4.8829414958678230      -0.14228914696234415        2.7054472341834304      -0.78085481166555448     
   7.6314165526782993        5.7000531351909718       0.47647634202289951        5.5014605418490934       0.14705553849166597        4.8613156427861117      -0.15589313120379766        2.7221774790487250      -0.76171939648216980     
   7.6436576769197213        5.7594179983072280       0.47448523122670899        5.5348747396397062       0.13784975879567807        4.8376063045819153      -0.16939620149133694        2.7367939852007614      -0.74232583665255469     
   7.6559554898756943        5.8187535035500613       0.47231941123358634        5.5686103910801394       0.12884142902815715        4.8118397936497841      -0.18280623355255493        2.7492887302395030      -0.72267802969712158     
   7.6683197084525352        5.8780781966489988       0.46997661757779274        5.6026695443599168       0.12002895720869458        4.7840393729324848      -0.19613081697573478        2.7596557950219420      -0.70277931313136721     
   7.6807603562551181        5.9374111669144778       0.46745405787905259        5.6370549461116575       0.11141112919995824        4.7542250999069031      -0.20937744029181862        2.7678916085240850      -0.68263222250668321     
   7.6932877930986958        5.9967719983407815       0.46474839329390366        5.6717700360279499       0.10298713717012656        4.7224139971580668      -0.22255346617489175        2.7739949834302555      -0.66223854429341922     
   7.7059129045318944        6.0561814628718880       0.46185568017642747        5.7068193817248405        9.4756508550261798E-002   4.6886198017950047      -0.23566626874157104        2.7779672559739712      -0.64159911354812482     
   7.7186473431141946        6.1156624111831484       0.45877128430951625        5.7422092553525328        8.6719026163560822E-002   4.6528524643193707      -0.24872340688707167        2.7798123424810690      -0.62071353014766706     
   7.7315036653334950        6.1752401194303070       0.45548980409149714        5.7779479113774350        7.8874741675796084E-002   4.6151178434299780      -0.26173267043512094        2.7795366899820886      -0.59958005577150608     
   7.7444955637569235        6.2349430248051982       0.45200495755682013        5.8140461130788834        7.1223952489556375E-002   4.5754170923019215      -0.27470220518266275        2.7771492171438763      -0.57819537218856687     
   7.7576383304893586        6.2948044340564371       0.44830938556080063        5.8505182786579120        6.3767081376354270E-002   4.5337452427026346      -0.28764083886180103        2.7726611144446665      -0.55655398185640015     
   7.7709491525109184        6.3548633319157659       0.44439447039135982        5.8873831244588208        5.6504708992437779E-002   4.4900901795555166      -0.30055819783887311        2.7660855335485910      -0.53464791889172136     
   7.7844477056010168        6.4151663987290704       0.44025003882773167        5.9246650861462564        4.9437496499028774E-002   4.4444305870243941      -0.31346507010132812        2.7574370864976090      -0.51246601691551419     
   7.7981569561514412        6.4757707268256555       0.43586395221038027        5.9623962386018352        4.2566091393830427E-002   4.3967330379601766      -0.32637389469664230        2.7467310232947346      -0.48999290409553908     
   7.8121042126792952        6.5367473194161994       0.43122155030094012        6.0006187911877982        3.5891033952684767E-002   4.3469480407907515      -0.33929938659639275        2.7339819957610669      -0.46720768968159854     
   7.8263226750563604        6.5981863100111688       0.42630483825227455        6.0393887811081077        2.9412600327571339E-002   4.2950041157489940      -0.35225948271317575        2.7192021216655466      -0.44408198648439190     
   7.8408538970434094        6.6602054245521094       0.42109121808002059        6.0787819958578515        2.3130498130822574E-002   4.2407982547120238      -0.36527690533552687        2.7023977371864505      -0.42057667900936696     
   7.8557512156263387        6.7229614658919923       0.41555165747556932        6.1189020971364387        1.7043561288718395E-002   4.1841824022616878      -0.37838125588989507        2.6835645502217371      -0.39663749728120512     
   7.8710861621512338        6.7866725870203854       0.40964741021951206        6.1598960854641831        1.1148887883647901E-002   4.1249381549360589      -0.39161319371763209        2.6626784690086076      -0.37218641074668990     
   7.8868229315520280        6.8511016275726169       0.40337963445642394        6.2016203356803423        5.4878407858044882E-003   4.0632713554726854      -0.40491738371472913        2.6398823136754488      -0.34732148030697368     
   7.9026942167302421        6.9150924188938268       0.39684847676396995        6.2433283533582200        1.7271941963447387E-004   4.0003360430794732      -0.41805018433957564        2.6157255942314444      -0.32250214959598777     
   7.9187076005735033        6.9786388033431290       0.39004994534478904        6.2850133638813794       -4.7930356814361403E-003   3.9362347208052113      -0.43100636417790128        2.5904078997529170      -0.29774878898026724     
   7.9347024668748896        7.0410831636163094       0.38305455255009985        6.3262394985655277       -9.3598293399014369E-003   3.8717517842747688      -0.44364811999672993        2.5644160737828794      -0.27333798058517189     
   7.9505497592182692        7.1019315926205726       0.37592666526007307        6.3666713401342632       -1.3502046267876334E-002   3.8075555365165559      -0.45587334366022458        2.5382095434334242      -0.24948581290409660     
   7.9662684851987517        7.1612798620492324       0.36866757644743864        6.4063628975811051       -1.7239988136029529E-002   3.7437090957435779      -0.46769949469593020        2.5119991440824641      -0.22617796233277157     
   7.9818761762395969        7.2192154167087086       0.36127818339266993        6.4453662161943921       -2.0591876885950287E-002   3.6802683298759433      -0.47914135964518373        2.4859815420226274      -0.20340248333278388     
   7.9973884180303019        7.2758159643676610       0.35375937702276256        6.4837300825968942       -2.3574008514758035E-002   3.6172853617343943      -0.49021086646796941        2.4603417381648542      -0.18115063998382708     
   8.0128195495615895        7.3311524245729469       0.34611186441622649        6.5215017069316454       -2.6201145423838196E-002   3.5548069988231488      -0.50091775164177155        2.4352532423048787      -0.15941597555000123     
   8.0281826666684495        7.3852892052381485       0.33833629041406016        6.5587266669771669       -2.8486711061476246E-002   3.4928757219793543      -0.51126968245800675        2.4108790892216554      -0.13819439037826031     
   8.0434901145825872        7.4382861713675030       0.33043309567737927        6.5954500533308300       -3.0443034380323468E-002   3.4315284928902869      -0.52127269364006013        2.3873718245819164      -0.11748352390492155     
   8.0587537010919537        7.4901995024067238       0.32240248675269390        6.6317169106776008       -3.2081500177540821E-002   3.3707965561283375      -0.53093139010785928        2.3648738068805217       -9.7282552553532589E-002
   8.0739847696950999        7.5410820191407941       0.31424446508852777        6.6675723454503855       -3.3412659833567088E-002   3.3107056875549317      -0.54024903871077945        2.3435176004556935       -7.7592178956735258E-002
   8.0891945424020086        7.5909843696130253       0.30595870067302300        6.7030622700774805       -3.4446347377731432E-002   3.2512752889280829      -0.54922780665993498        2.3234258971824926       -5.8414277916405195E-002
   8.1043653701685692        7.6398632208055925       0.29756061469299966        6.7381670735208035       -3.5190598681368986E-002   3.1926292842534436      -0.55785273685005743        2.3047459157875352       -3.9786820447875439E-002
   8.1192949178191771        7.6871010344938888       0.28917081201811490        6.7724475763099736       -3.5650905587447122E-002   3.1355815185334426      -0.56601155858004759        2.2878040835197480       -2.1962293655581378E-002
   8.1340246771534943        7.7328770686448740       0.28077631272382403        6.8060324323718984       -3.5848007625799240E-002   3.0799841415467735      -0.57373525837095840        2.2725878779016759       -4.8858809356084817E-003
   8.1485906962377417        7.7773440136583121       0.27236561452372621        6.8390347524866275       -3.5799303384018738E-002   3.0257073340248604      -0.58104877714516168        2.2590869197361374        1.1486753573363213E-002
   8.1630229876458120        7.8206281089349465       0.26392940416005911        6.8715515189799889       -3.5519578694962355E-002   2.9726416522635088      -0.58797130543202081        2.2472934872296864        2.7189508031824790E-002
   8.1773473472094018        7.8628363558372225       0.25545981608012014        6.9036683250452828       -3.5021616122401955E-002   2.9206910695894193      -0.59451773471395264        2.2372001880562102        4.2248574259914212E-002
   8.1915864744153044        7.9040610483393001       0.24695000203591208        6.9354623378758795       -3.4316618456457226E-002   2.8697687175054880      -0.60069957248352934        2.2287985580419787        5.6684135208674213E-002
   8.2057609229849025        7.9443834074255770       0.23839373696075342        6.9670047507581589       -3.3414505871988458E-002   2.8197933273991644      -0.60652564154527255        2.2220780184849773        7.0511694277014814E-002
   8.2198898997313243        7.9838764572158611       0.22978506706026150        6.9983628044197976       -3.2324118523276955E-002   2.7706863088849647      -0.61200259538899260        2.2170251785291271        8.3743082009074626E-002
   8.2339916310187302        8.0226064515782785       0.22111818709826933        7.0296007887894936       -3.1053378958463471E-002   2.7223703999748823      -0.61713517269940388        2.2136234905866399        9.6386921439688480E-002
   8.2480838478494913        8.0606344844555124       0.21238722533427931        7.0607812731060635       -2.9609402218568337E-002   2.6747679103826862      -0.62192644118855545        2.2118529148506232       0.10844912350726335     
   8.2621842295363503        8.0980178305824122       0.20358603591047400        7.0919662192455535       -2.7998568622007020E-002   2.6277991360577575      -0.62637796051857986        2.2116897040149031       0.11993324487792592     
   8.2763108552793589        8.1348111635507099       0.19470797273357668        7.1232180998554648       -2.6226562499658407E-002   2.5813807681904359      -0.63048988270192519        2.2131062857265866       0.13084074967945433     
   8.2904824119185712        8.1710670141097737       0.18574580789749390        7.1546004745600476       -2.4298417794438358E-002   2.5354250988041791      -0.63426092214058183        2.2160711671040878       0.14117098752578935     
   8.3047187644854574        8.2068370584918515       0.17669141733536931        7.1861793740025410       -2.2218501681324960E-002   2.4898380041595471      -0.63768837412252055        2.2205488722178259       0.15092135831390541     
   8.3190416083623528        8.2421734320030495       0.16753540806389802        7.2180248823912860       -1.9990461162359686E-002   2.4445166678381143      -0.64076805771883905        2.2265000023721435       0.16008737213004559     
   8.3334748165801233        8.2771291122630810       0.15826693897921434        7.2502120709441327       -1.7617200823118136E-002   2.3993482204763286      -0.64349409541537905        2.2338811756665469       0.16866234753047857     
   8.3480455700946674        8.3117600227744539       0.14887304343892083        7.2828237147163186       -1.5100725990362558E-002   2.3542058147723410      -0.64585874251620323        2.2426452431663422       0.17663740716590545     
   8.3627854793829233        8.3461267692539973       0.13933795952555891        7.3159530645489497       -1.2441962772341948E-002   2.3089446429049731      -0.64785201654733671        2.2527415406134597       0.18400112423190296     
   8.3777322142670219        8.3802971609801240       0.12964214319020620        7.3497078614162428       -9.6404740474087796E-003   2.2633961881133522      -0.64946116373222118        2.2641163258241561       0.19073902024226108     
   8.3929321650256483        8.4143504794948623       0.11976063181882461        7.3842168393824634       -6.6939657844913691E-003   2.2173590195357322      -0.65066988000484782        2.2767137546110812       0.19683290632622236     
   8.4084443639901671        8.4483835962181679       0.10966062197641782        7.4196393554096769       -3.5975270652213150E-003   2.1705852534519754      -0.65145705881970972        2.2904774843974307       0.20225972829352207     
   8.4243474282603152        8.4825221443968690        9.9297142978531733E-002   7.4561823595981691       -3.4224658953655503E-004   2.1227569712953227      -0.65179476406293912        2.3053540864340922       0.20698984648184543     
   8.4407518583277277        8.5169403370715351        8.8605360629495936E-002   7.4941304892655181        3.0872930701716160E-003   2.0734447662008333      -0.65164463032892417        2.3212997496693744       0.21098395969735340     
   8.4578253827561607        8.5519026088399297        7.7484633053183025E-002   7.5339079531870938        6.7182623842839701E-003   2.0220233635535090      -0.65095086217528808        2.3382957636328872       0.21418746826651608     
   8.4753964642504922        8.5869651430460596        6.6057167840296027E-002   7.5751492773699658        1.0503342327292508E-002   1.9688597353347870      -0.64966546445772144        2.3559312018853045       0.21647255395180487     
   8.4932891854378845        8.6217061682593545        5.4449013665860302E-002   7.6174630044115350        1.4389638140614678E-002   1.9143168444092955      -0.64776305234518661        2.3737291371304039       0.21775157861268593     
   8.5115821958544906        8.6562104091200300        4.2621952830293686E-002   7.6610485113137052        1.8376685343921402E-002   1.8579664217805865      -0.64520238108073591        2.3914204038301365       0.21797633231349670     
   8.5297412178287288        8.6894358007451107        3.0933419079821944E-002   7.7046276497259640        2.2328838776454037E-002   1.8012759721697207      -0.64204937356875968        2.4081327736187457       0.21712999538079181     
   8.5477837431356232        8.7214205410866406        1.9381986881015244E-002   7.7482176301493633        2.6230996343229694E-002   1.7440441161550546      -0.63831925880274021        2.4235588810753206       0.21525003653949024     
   8.5657900817085437        8.7523023387696632        7.9261197039376206E-003   7.7919846044527947        3.0082347094470673E-002   1.6858699502900618      -0.63400967997013025        2.4374481755168680       0.21236010713099751     
   8.5833957814507880        8.7814740729488161       -3.1948520635233894E-003   7.8350043524073785        3.3789157778472904E-002   1.6278223723438745      -0.62923642660324319        2.4492600115625773       0.20857585435617032     
   8.6002048174502796        8.8083620168327759       -1.3729822774124696E-002   7.8762555959351808        3.7258658112525191E-002   1.5711963645305063      -0.62417036347857369        2.4586300503853269       0.20409899089745787     
   8.6163831861889761        8.8333323484018589       -2.3785306667449258E-002   7.9160918100251516        4.0520520625304056E-002   1.5154744134561748      -0.61883232499630836        2.4656516968661233       0.19901319956010366     
   8.6320984363931412        8.8567150164252961       -3.3466860712626618E-002   7.9548801980319244        4.3604568107308818E-002   1.4601080014435421      -0.61322036240502564        2.4703912582207619       0.19336285078725088     
   8.6474582479743969        8.8787183653132384       -4.2841119842742678E-002   7.9928467542587169        4.6527944671287715E-002   1.4047323588532024      -0.60733609661766375        2.4728607793308734       0.18718314818260706     
   8.6625372749216343        8.8994824487095041       -5.1953227434826388E-002   8.0301393593661494        4.9300873258182602E-002   1.3490850097465388      -0.60118260460123707        2.4730445948460957       0.18050334942304874     
   8.6773906130385505        8.9191057171859356       -6.0835557388181097E-002   8.0668594151887696        5.1929507766488317E-002   1.2929646512597468      -0.59476334869927117        2.4709120914228571       0.17334837167795528     
   8.6920612259368877        8.9376596174202358       -6.9512497740872092E-002   8.1030792565725243        5.4417469019307711E-002   1.2362081987827198      -0.58808155401983331        2.4664241449202917       0.16573963166014405     
   8.7065834515706513        8.9551960423896357       -7.8002738534635074E-002   8.1388502226892605        5.6766576685194331E-002   1.1786804750853603      -0.58114023661217140        2.4595368160019642       0.15769599870462109     
   8.7209860726181940        8.9717531079635204       -8.6321214515155620E-002   8.1742098334295701        5.8977442963780234E-002   1.1202643597507451      -0.57394184367884449        2.4502032911908076       0.14923397853363329     
   8.7352933586220214        8.9873577334578130       -9.4479801199530478E-002   8.2091840664185973        6.1049690076723458E-002   1.0608581327251425      -0.56648848421593290        2.4383754572219534       0.14036838173248611     
   8.7495267108468209        9.0020284830924293      -0.10248832529681029        8.2437911711747436        6.2982235304935366E-002   1.0003699201989213      -0.55878163770399669        2.4240043779912335       0.13111226537487822     
   8.7637050965635854        9.0157767018128183      -0.11035485017372106        8.2780425405866005        6.4773369800899622E-002  0.93871671804399148      -0.55082231303167928        2.4070410206742552       0.12147732662925903     
   8.7778457086371322        9.0286077087075185      -0.11808607542666395        8.3119441534291205        6.6420860052335065E-002  0.87582230929097937      -0.54261099552317593        2.3874365266839566       0.11147399756362372     
   8.7919643569705670        9.0405215439343518      -0.12568757071164124        8.3454973686095055        6.7922000434998533E-002  0.81161615332788084      -0.53414766058075935        2.3651424667610863       0.10111158470279404     
   8.8060761882659264        9.0515138258266408      -0.13316416965513836        8.3787004823233637        6.9273684488635634E-002  0.74603060731738446      -0.52543152299182594        2.3401102556126805        9.0398059999832470E-002
   8.8201953865195204        9.0615756428756313      -0.14051980486301455        8.4115478502376195        7.0472358684781064E-002  0.67900270029360166      -0.51646135507475466        2.3122920147803336        7.9340532620864213E-002
   8.8343360582426076        9.0706942967427739      -0.14775796371102515        8.4440317833885405        7.1514083849436333E-002  0.61047037157091422      -0.50723504613898840        2.2816392601728301        6.7944778818727194E-002
   8.8485118406816241        9.0788529973653471      -0.15488146236925357        8.4761414263969339        7.2394470177958095E-002  0.54037464374669320      -0.49774993176559196        2.2481038276386727        5.6215711756101551E-002
   8.8627367125179664        9.0860312865193684      -0.16189283020819017        8.5078643764597839        7.3108696547472679E-002  0.46865598870378250      -0.48800232597200544        2.2116361898582362        4.4156864296287852E-002
   8.8770247776175193        9.0922047063062923      -0.16879415668259701        8.5391858946221166        7.3651441478452012E-002  0.39525563684089843      -0.47798770239826671        2.1721858733515300        3.1770672140142606E-002
   8.8913907500999283        9.0973447789659581      -0.17558727825147621        8.5700896463110645        7.4016844292969675E-002  0.32011340855892850      -0.46770038988402013        2.1297001163503464        1.9058158356579816E-002
   8.9058501939820189        9.1014186994194262      -0.18227382174242526        8.6005577894686169        7.4198428102909747E-002  0.24316670539201046      -0.45713340805810099        2.0841228906383944        6.0187955597093036E-003
   8.9204198708093010        9.1043889169595644      -0.18885527746613068        8.6305711830188727        7.4189001547087366E-002  0.16434892011580984      -0.44627820617106395        2.0353934282994031       -7.3497434204294141E-003
   8.9351179302750712        9.1062125144245254      -0.19533297658079890        8.6601091356150572        7.3980532725123491E-002   8.3588702479362800E-002 -0.43512450028559274        1.9834451004947082       -2.1051702360611903E-002
   8.9499647801025439        9.1068404630139899      -0.20170833697974574        8.6891503446000034        7.3563978821481621E-002   8.0552125843889877E-004 -0.42365957557497552        1.9282017069231625       -3.5093999578784847E-002
   8.9649834645070321        9.1062164400810435      -0.20798283763306355        8.7176725444006617        7.2929059345979860E-002  -8.4092125099462692E-002 -0.41186792204514511        1.8695750349537903       -4.9486550073319473E-002
   8.9802007824521155        9.1042752596989516      -0.21415824832338118        8.7456532398434934        7.2063937812913606E-002 -0.17121257334017451      -0.39973026488906560        1.8074592775772140       -6.4243294159859785E-002
   8.9956482517532788        9.1009406666157542      -0.22023669961544351        8.7730695957646070        7.0954800793325848E-002 -0.26068595943734568      -0.38722266147369505        1.7417254001028570       -7.9383092619271262E-002
   9.0113643679808746        9.0961220227088511      -0.22622113824751869        8.7998998886930817        6.9585203185706060E-002 -0.35267652009492129      -0.37431449034022996        1.6722093085712093       -9.4931890269095265E-002
   9.0273555339666789        9.0897280338579520      -0.23210064843681763        8.8260576176618777        6.7939751329539069E-002 -0.44714956253089072      -0.36100096277793847        1.5988913842228945      -0.11088351297459217     
   9.0433317501410944        9.0818252568243008      -0.23776068478356246        8.8510003371335326        6.6040191842012333E-002 -0.54228117466662962      -0.34752926483631541        1.5231963671091096      -0.12693185172196741     
   9.0592930259999047        9.0724071289325696      -0.24319921069546449        8.8746937242809025        6.3885617889403445E-002 -0.63793006883651204      -0.33390993754762843        1.4452978209390941      -0.14305698642555187     
   9.0752395277130447        9.0614692940968933      -0.24841441312915058        8.8971065868369479        6.1475414261571541E-002 -0.73395036852098150      -0.32015324168332748        1.3653744040689779      -0.15923971694021388     
   9.0911712644834211        9.0490098625792079      -0.25340459283238165        8.9182104706506937        5.8809289827195257E-002 -0.83019032422632022      -0.30626944013799962        1.2836102817480031      -0.17546121498460049     
   9.1070881174269527        9.0350295243936127      -0.25816818102778899        8.9379798131205117        5.5887275389427150E-002 -0.92649308793633323      -0.29226879650729942        1.2001939459134274      -0.19170301790942693     
   9.1229898668500660        9.0195316376580124      -0.26270375378855315        8.9563920659929597        5.2709719693503757E-002  -1.0226975151530384      -0.27816157479001030        1.1153170048576355      -0.20794702214650859     
   9.1388762119842060        9.0025222987284224      -0.26701004261818029        8.9734277807726279        4.9277285025658250E-002  -1.1186389514121027      -0.26395804582727833        1.0291729875320341      -0.22417547011751637     
   9.1547468054868322        8.9840103714468249      -0.27108594749609560        8.9890706811660301        4.5590937842618869E-002  -1.2141501308657121      -0.24966848080476817       0.94195605428308393      -0.24037095333104533     
   9.1706012788761857        8.9640074964505310      -0.27493054525768490        9.0033076924196713        4.1651938834704541E-002  -1.3090620343484731      -0.23530315296048854       0.85385975139640957      -0.25651640723361535     
   9.1864392663530907        8.9425280760805066      -0.27854309581946129        9.0161289382927361        3.7461831402087614E-002  -1.4032047438923558      -0.22087234120784816       0.76507578405939980      -0.27259510535071635     
   9.2022604329287052        8.9195892272987436      -0.28192304760938192        9.0275277106308991        3.3022427016747367E-002  -1.4964083206656766      -0.20638633037510618       0.67579278601004000      -0.28859065868483524     
   9.2180645009097422        8.8952107097554141      -0.28507004060986063        9.0375004056785802        2.8335788814970196E-002  -1.5885036617300781      -0.19185541349210411       0.58619512970433019      -0.30448701419498131     
   9.2338512644161259        8.8694148482457926      -0.28798390534343510        9.0460464236732143        2.3404216946161193E-002  -1.6793232685954900      -0.17728990581135778       0.49646184698100304      -0.32026844199549082     
   9.2496206244483403        8.8422264006457958      -0.29066466431963789        9.0531680534461625        1.8230226116920611E-002  -1.7687021095740862      -0.16270014072862773       0.40676548518614775      -0.33591954391419776     
   9.2653725972467829        8.8136724474254997      -0.29311252686402006        9.0588703153976677        1.2816529738330980E-002  -1.8564782951357857      -0.14809649116833404       0.31727117507022634      -0.35142523592069408     
   9.2811073373228030        8.7837822403534744      -0.29532788560723777        9.0631607905018701        7.1660184749531633E-003  -1.9424938014366531      -0.13348937841632305       0.22813568240389331      -0.36677074597373804     
   9.2968251515704772        8.7525870507237062      -0.29731131036617642        9.0660494245215233        1.2817406798284262E-003  -2.0265951016804622      -0.11888929018352637       0.13950658233199359      -0.38194160366386554     
   9.3125265162838335        8.7201199991598202      -0.29906354160415116        9.0675483153525125       -4.8331189503829303E-003  -2.1086337687862682      -0.10430679701346476        5.1521493092834478E-002 -0.39692363334430503     
   9.3281767695975155        8.6864931768988107      -0.30058231191215679        9.0676727410008748       -1.1160718887792282E-002  -2.1882897360942257       -8.9785322575966414E-002  -3.5497061866738663E-002 -0.41166988598919102     
   9.3437466969951348        8.6518191841246121      -0.30186794797698768        9.0664511790938374       -1.7683310088134362E-002  -2.2652956304762752       -7.5363278151075047E-002 -0.12127429098275720      -0.42614041648875789     
   9.3591662897246231        8.6163162450513600      -0.30292012603243923        9.0639318957689543       -2.4363361366404733E-002  -2.3392178745165508       -6.1116558885654551E-002 -0.20533362106348318      -0.44026018962313812     
   9.3744328889212216        8.5800610147052065      -0.30374578960292908        9.0601679724351580       -3.1189950757293333E-002  -2.4099847143668289       -4.7058241387761657E-002 -0.28759108372324671      -0.45401900498339232     
   9.3895724421487046        8.5430593934388011      -0.30435305632386495        9.0552029636971536       -3.8165432829371029E-002  -2.4776642124858133       -3.3174925332317737E-002 -0.36812993455132353      -0.46743274710957394     
   9.4046077592367503        8.5053176970138633      -0.30474862605800040        9.0490735130242577       -4.5292078920486915E-002  -2.5423056102406600       -1.9456306470691909E-002 -0.44702403225035175      -0.48051369733292643     
   9.4195595994385926        8.4668413951605608      -0.30493803750832904        9.0418102046547322       -5.2572338612672020E-002  -2.6039448715395039       -5.8942999525349819E-003 -0.52434304432662970      -0.49327152027577531     
   9.4344468521773805        8.4276357466540013      -0.30492583677311941        9.0334383958217845       -6.0008739925720374E-002  -2.6626059565010096        7.5170131107081140E-003 -0.60015297842698923      -0.50571342685614651     
   9.4492874009480854        8.3877044330732975      -0.30471571322134522        9.0239784632847719       -6.7604166256510348E-002  -2.7183046923301117        2.0782059157376798E-002 -0.67452033594245175      -0.51784489773335229     
   9.4640986261219666        8.3470488443784667      -0.30431057645691773        9.0134459005666923       -7.5362011716074054E-002  -2.7710506546068601        3.3904102196779987E-002 -0.74751432960379471      -0.52967004683385399     
   9.4788971970077256        8.3056691818621662      -0.30371262659672593        9.0018517571410825       -8.3285990542276339E-002  -2.8208463218426352        4.6884932718017601E-002 -0.81920564064112944      -0.54119139273770467     
   9.4937001908912499        8.2635617985989125      -0.30292336188205832        8.9892019686286826       -9.1380666932046078E-002  -2.8676907013025588        5.9725713224813265E-002 -0.88967172277698925      -0.55241065667454381     
   9.5084202226492440        8.2210248006287241      -0.30195117329575294        8.9755978171685715       -9.9592357346822147E-002  -2.9112788216217145        7.2337544170582885E-002 -0.95851047499632636      -0.56325252424295724     
   9.5230205381463104        8.1782217909018016      -0.30080472312255896        8.9611121344526534      -0.10789257839553285       -2.9515208126107875        8.4677754092562105E-002  -1.0255891913965047      -0.57368531782940313     
   9.5375135974264431        8.1351737442465275      -0.29948980178700629        8.9457727145182879      -0.11628011196091406       -2.9884871944476754        9.6746277728881308E-002  -1.0910160483230431      -0.58371479314354358     
   9.5519112258306080        8.0919000357532855      -0.29801172883640259        8.9296034724756588      -0.12475395616697454       -3.0222461813761314       0.10854211809000647       -1.1549003479116877      -0.59334583772914751     
   9.5662243980917285        8.0484194836764225      -0.29637544221253925        8.9126250168684145      -0.13331312685262528       -3.0528634437894637       0.12006313665172483       -1.2173513340156517      -0.60258234585915182     
   9.5804636061562256        8.0047495971945661      -0.29458552390064019        8.8948545359217217      -0.14195680818161491       -3.0804032980547742       0.13130632844345905       -1.2784796683360444      -0.61142748947192094     
   9.5946388855980693        7.9609067876923785      -0.29264624750963197        8.8763059856306281      -0.15068431515137845       -3.1049289685715187       0.14226781058113741       -1.3383973858819083      -0.61988374488520592     
   9.6087597561380687        7.9169068197105714      -0.29056163638170207        8.8569903730097153      -0.15949500609708600       -3.1265027663030289       0.15294275038492658       -1.3972175440427090      -0.62795287437679315     
   9.6228357017791168        7.8727635469872528      -0.28833543646657822        8.8369152597994596      -0.16838853791330285       -3.1451870634171177       0.16332569962472107       -1.4550561400017501      -0.63563621089148181     
   9.6368759392749510        7.8284898254805029      -0.28597118246631298        8.8160851625913370      -0.17736468751698031       -3.1610440187098043       0.17341037524323014       -1.5120310462192836      -0.64293451300421633     
   9.6508897705358976        7.7840965842081653      -0.28347217166359140        8.7945011059010891      -0.18642354315145199       -3.1741361246373718       0.18318987113540744       -1.5682633934760268      -0.64984814028595750     
   9.6648865593296449        7.7395930534678747      -0.28084149016931287        8.7721606551066973      -0.19556546418451581       -3.1845261581220665       0.19265657799976535       -1.6238774205378652      -0.65637700571678470     
   9.6788757084188486        7.6949869893182443      -0.27808204212167048        8.7490579463728704      -0.20479103957536515       -3.1922772213837094       0.20180210592340581       -1.6790003841413581      -0.66252053438519531     
   9.6928670579661258        7.6502835464207113      -0.27519649312899824        8.7251829822081461      -0.21410132642148569       -3.1974529869801289       0.21061747044980142       -1.7337641630334841      -0.66827779594183989     
   9.7068706990797065        7.6054860089214475      -0.27218732335370954        8.7005218297693148      -0.22349770679779821       -3.2001175182513268       0.21909287206944711       -1.7883045888081495      -0.67364735626075178     
   9.7208972539563341        7.5605950347816977      -0.26905678764362184        8.6750560069533442      -0.23298205274929176       -3.2003353374321457       0.22721776362499096       -1.8427626715410095      -0.67862732071439824     
   9.7349579938651516        7.5156084202946198      -0.26580690397176598        8.6487620684122160      -0.24255678630382044       -3.1981713283633604       0.23498078157908348       -1.8972852456187050      -0.68321528018776156     
   9.7490648782492766        7.4705211258609285      -0.26243946083140313        8.6216112877592384      -0.25222488458807213       -3.1936906590665179       0.24236960987235412       -1.9520253912713446      -0.68740821486530101     
   9.7632309478192116        7.4253241830943191      -0.25895594086360502        8.5935685930484969      -0.26199012603849409       -3.1869585911148164       0.24937099784173786       -2.0071443264477451      -0.69120248122804862     
   9.7774704321599621        7.3800045368026845      -0.25535750888796577        8.5645919318810559      -0.27185714142549844       -3.1780402690584437       0.25597056766000142       -2.0628123188809169      -0.69459366574580395     
   9.7917990491564986        7.3345443027687045      -0.25164495560442968        8.5346311565245987      -0.28183159309255607       -3.1670004353905941       0.26215266492107775       -2.1192105049184833      -0.69757645566908300     
   9.8062343766650528        7.2889198366477270      -0.24781862317385778        8.5036266026435818      -0.29192040084697324       -3.1539030380432074       0.26790015893815938       -2.1765332036105396      -0.70014446654351259     
   9.8207963995297973        7.2431003059354353      -0.24387828580301332        8.4715070856653369      -0.30213208486916732       -3.1388106177302570       0.27319420309895787       -2.2349912127239211      -0.70229002332881918     
   9.8355081169452774        7.1970461542646902      -0.23982301660664027        8.4381874828359589      -0.31247714274540284       -3.1217835554139040       0.27801386509223242       -2.2948157438705636      -0.70400384386596226     
   9.8503966100770217        7.1507062395001988      -0.23565093380899477        8.4035648982453655      -0.32296873715256563       -3.1028787312938371       0.28233570429116978       -2.3562647791654703      -0.70527463660268830     
   9.8654941110749519        7.1040151407112706      -0.23135895500991502        8.3675142701511689      -0.33362336553430999       -3.0821480829110270       0.28613304508814330       -2.4196302480913845      -0.70608848984398942     
   9.8807167590603733        7.0572649113362331      -0.22697796945750665        8.3301872875564111      -0.34437509268056188       -3.0598220423345972       0.28935156842633641       -2.4847180416837134      -0.70642727454862020     
   9.8955534654925881        7.0120362597721959      -0.22266539751255801        8.2928438493953660      -0.35485572630722589       -3.0368511907962534       0.29188664957148136       -2.5494255146939038      -0.70629472899814472     
   9.9100569782818297        6.9681602267530405      -0.21841757989699065        8.2554016263473979      -0.36509588460015102       -3.0133981255224076       0.29378021020043515       -2.6139924090546449      -0.70572687938213829     
   9.9242811657151950        6.9254655689393507      -0.21422896745688150        8.2177613831043086      -0.37512783489090828       -2.9895872624873534       0.29506731050417478       -2.6786651648824580      -0.70475266612465171     
   9.9382679619828487        6.8838183786777112      -0.21009632102191281        8.1798426845158492      -0.38497603518266216       -2.9655336919189934       0.29577541006001890       -2.7436398323044875      -0.70339558479671938     
   9.9520507850302362        6.8431111695884503      -0.20601803276475525        8.1415782812436870      -0.39465939044598863       -2.9413449108485104       0.29592662400917524       -2.8090753981626277      -0.70167518470187151     
   9.9656569419307655        6.8032552451411634      -0.20199363748361743        8.1029100110094507      -0.40419284315095821       -2.9171217371078071       0.29553921706625674       -2.8751033062057019      -0.69960804241672647     
   9.9791092667392736        6.7641755285797567      -0.19802348329387640        8.0637859877278508      -0.41358845161293495       -2.8929589515961802       0.29462860041856803       -2.9418340143014965      -0.69720841175576109     
   9.9924271645414162        6.7258072608678212      -0.19410853514909726        8.0241589209728481      -0.42285606889363597       -2.8689459648063349       0.29320802378934818       -3.0093611291756539      -0.69448868977486344     
