   0.0000000000000000        1.0000000000000000        1.0000000000000000     
   1.0000000000000000E-003   1.0000000000000000       0.99990000166666670        9.9998333333295442E-005   1.0000833400001488E-004
   2.0000000000000000E-003  0.99980000000000002       0.99960002666611114        1.9997333388888094E-004   2.0005334989419375E-004
   3.0000000000000001E-003  0.99940000000000007       0.99910013499233352        2.9986500766654434E-004   3.0013508873046578E-004
   4.0000000000000001E-003  0.99880004000000011       0.99840042662200235        3.9961337799776508E-004   4.0025361302160179E-004
   5.0000000000000001E-003  0.99800020000000011       0.99750104149445917        4.9915850554094199E-004   5.0040900688494633E-004
   6.0000000000000001E-003  0.99700059999200008       0.99640215948373145        5.9844050826862727E-004   6.0060137623416923E-004
   7.0000000000000001E-003  0.99580139994400008       0.99510400036255842        6.9739958144166003E-004   7.0083084902439132E-004
   8.0000000000000002E-003  0.99440279977600166       0.99360682375843690        7.9597601756475900E-004   8.0109757555195155E-004
   9.0000000000000011E-003  0.99280503932801445       0.99191092910169698        8.9411022631746828E-004   9.0140172880966260E-004
   1.0000000000000002E-002  0.99100839832007204       0.99001665556561691        9.9174275445512716E-004   1.0017435048994443E-003
   1.1000000000000003E-002  0.98901319630426399       0.98792438199858945        1.0888143056745347E-003   1.1021231235044966E-003
   1.2000000000000004E-002  0.98681979260879193       0.98563452684835351        1.1852657604384254E-003   1.2025408284228932E-003
   1.3000000000000005E-002  0.98442858627405905       0.98314754807830607        1.2810381957529815E-003   1.3029968881648972E-003
   1.4000000000000005E-002  0.98184001598080439       0.98046394307591100        1.3760729048933884E-003   1.4034915966173861E-003
   1.5000000000000006E-002  0.97905455997029500       0.97758424855322312        1.4703114170718790E-003   1.5040252737785699E-003
   1.6000000000000007E-002  0.97607273595658939       0.97450904043954767        1.5636955170417188E-003   1.6045982665655121E-003
   1.7000000000000008E-002  0.97289510103088972       0.97123893376625647        1.6561672646332459E-003   1.7052109497000744E-003
   1.8000000000000009E-002  0.96952225155799876       0.96777458254378335        1.7476690142154139E-003   1.8058637266766067E-003
   1.9000000000000010E-002  0.96595482306490166       0.96411667963082470        1.8381434340769554E-003   1.9065570308158231E-003
   2.0000000000000011E-002  0.96219349012149291       0.96026595659576963        1.9275335257232795E-003   2.0072913264118637E-003
   2.1000000000000012E-002  0.95823896621347115       0.95622318357038905        2.0157826430821091E-003   2.1080671099768669E-003
   2.2000000000000013E-002  0.95409200360742508       0.95198916909581177        2.1028345116133051E-003   2.2088849115904888E-003
   2.3000000000000013E-002  0.94975339320813634       0.94756475996081879        2.1886332473175507E-003   2.3097452963616433E-003
   2.4000000000000014E-002  0.94522396440812617       0.94295084103248861        2.2731233756375646E-003   2.4106488660093849E-003
   2.5000000000000015E-002  0.94050458492947431       0.93814833507922668        2.3562498502476270E-003   2.5115962605728459E-003
   2.6000000000000016E-002  0.93559616065794082       0.93315820258621474        2.4379580717260874E-003   2.6125881602598287E-003
   2.7000000000000017E-002  0.93049963546942149       0.92798144156331719        2.5181939061043046E-003   2.7136252874433000E-003
   2.8000000000000018E-002  0.92521599104877050       0.92261908734548215        2.5969037032883557E-003   2.8147084088191252E-003
   2.9000000000000019E-002  0.91974624670102567       0.91707221238567804        2.6740343153476287E-003   2.9158383377371963E-003
   3.0000000000000020E-002  0.91409145915507106       0.91134192604040665        2.7495331146644153E-003   3.0170159367193515E-003
   3.1000000000000021E-002  0.90825272235977628       0.90542937434783555        2.8233480119407295E-003   3.1182421201811973E-003
   3.2000000000000021E-002  0.90223116727265051       0.89933573979859405        2.8954274740564667E-003   3.2195178573742626E-003
   3.3000000000000022E-002  0.89602796164105269       0.89306224109927923        2.9657205417734644E-003   3.3208441755671245E-003
   3.4000000000000023E-002  0.88964430977600040       0.88661013292871860        3.0341768472817998E-003   3.4222221634881097E-003
   3.5000000000000024E-002  0.88308145231861990       0.87998070568703857        3.1007466315813303E-003   3.5236529750506799E-003
   3.6000000000000025E-002  0.87634066599928417       0.87317528523758869        3.1653807616954799E-003   3.6251378333895332E-003
   3.7000000000000026E-002  0.86942326338948472       0.86619523264177334        3.2280307477113857E-003   3.7266780352350208E-003
   3.8000000000000027E-002  0.86233059264648548       0.85904194388684407        3.2886487596414105E-003   3.8282749556575813E-003
   3.9000000000000028E-002  0.85506403725080826       0.85171684960670679        3.3471876441014681E-003   3.9299300532179005E-003
   4.0000000000000029E-002  0.84762501573660176       0.84422141479579982        3.4036009408019430E-003   4.0316448755628948E-003
   4.1000000000000029E-002  0.84001498141494513       0.83655713851609970        3.4578428988454313E-003   4.1334210655102604E-003
   4.2000000000000030E-002  0.83223542209014112       0.82872555359731392        3.5098684928271950E-003   4.2352603676713407E-003
   4.3000000000000031E-002  0.82428785976905417       0.82072822633032017        3.5596334387340001E-003   4.3371646356675283E-003
   4.4000000000000032E-002  0.81617385036354917       0.81256675615391316        3.6070942096360081E-003   4.4391358400007776E-003
   4.5000000000000033E-002  0.80789498338609034       0.80424277533492239        3.6522080511679489E-003   4.5411760766480092E-003
   4.6000000000000034E-002  0.79945288163855888       0.79575794864176419        3.6949329967946865E-003   4.6432875764563404E-003
   4.7000000000000035E-002  0.79084920089435018       0.78711397301149355        3.7352278828566288E-003   4.7454727154260367E-003
   4.8000000000000036E-002  0.78208562957381378       0.77831257721042224        3.7730523633915380E-003   4.8477340259804992E-003
   4.9000000000000037E-002  0.77316388841309847       0.76935552148837161        3.8083669247268581E-003   4.9500742093321276E-003
   5.0000000000000037E-002  0.76408573012646841       0.76024459722662818        3.8411328998402272E-003   5.0524961490718617E-003
   5.1000000000000038E-002  0.75485293906215578       0.75098162657967349        3.8713124824822920E-003   5.1550029261222879E-003
   5.2000000000000039E-002  0.74546733085181782       0.74156846211075944        3.8988687410583811E-003   5.2575978352165315E-003
   5.3000000000000040E-002  0.73593075205366743       0.73200698642140161        3.9237656322658188E-003   5.3602844030876317E-003
   5.4000000000000041E-002  0.72624507978934660       0.72229911177486517        3.9459680144814380E-003   5.4630664085758484E-003
   5.5000000000000042E-002  0.71641222137461513       0.71244677971371873        3.9654416608964072E-003   5.5659479048945013E-003
   5.6000000000000043E-002  0.70643411394392575       0.70245196067153248        3.9821532723932629E-003   5.6689332443266155E-003
   5.7000000000000044E-002  0.69631272406896150       0.69231665357879757        3.9960704901639277E-003   5.7720271056705208E-003
   5.8000000000000045E-002  0.68605004737120845       0.68204288546314717        4.0071619080612741E-003   5.8752345247911732E-003
   5.9000000000000045E-002  0.67564810812864162       0.67163271104395728        4.0153970846843468E-003   5.9785609287001289E-003
   6.0000000000000046E-002  0.66510895887660049       0.66108821232141013        4.0207465551903576E-003   6.0820121736424749E-003
   6.1000000000000047E-002  0.65443468000293359       0.65041149816010069        4.0231818428329014E-003   6.1855945877552481E-003
   6.2000000000000048E-002  0.64362737933749137       0.63960470386727097        4.0226754702203937E-003   6.2893150189451521E-003
   6.3000000000000042E-002  0.63268919173604865       0.62866999076575580        4.0192009702928466E-003   6.3931808887477378E-003
   6.4000000000000043E-002  0.62162227865873843       0.61760954576172511        4.0127328970133158E-003   6.4972002530567030E-003
   6.5000000000000044E-002  0.61042882774308094       0.60642558090731047        4.0032468357704687E-003   6.6013818707663452E-003
   6.6000000000000045E-002  0.59911105237169171       0.59512033295820155        3.9907194134901625E-003   6.7057352815576739E-003
   6.7000000000000046E-002  0.58767119123475386       0.58369606292630283        3.9751283084510369E-003   6.8102708942769322E-003
   6.8000000000000047E-002  0.57611150788734167       0.57215505562753854        3.9564522598031227E-003   6.9150000876313043E-003
   6.9000000000000047E-002  0.56443429030168257       0.56049961922489711        3.9346710767854676E-003   7.0199353252489976E-003
   7.0000000000000048E-002  0.55264185041444602       0.54873208476680635        3.9097656476396736E-003   7.1250902875511632E-003
   7.1000000000000049E-002  0.54073652366914915       0.53685480572093147        3.8817179482176778E-003   7.2304800233742852E-003
   7.2000000000000050E-002  0.52872066855376931       0.52487015750348931        3.8505110502800033E-003   7.3361211248791662E-003
   7.3000000000000051E-002  0.51659666613365562       0.51278053700417336        3.8161291294822597E-003   7.4420319300285793E-003
   7.4000000000000052E-002  0.50436691957983126       0.50058836210678337        3.7785574730478944E-003   7.5482327578400010E-003
   7.5000000000000053E-002  0.49203385369278013       0.48829607120565682        3.7377824871233090E-003   7.6547461827704494E-003
   7.6000000000000054E-002  0.47959991442181304       0.47590612271799831        3.6937917038147305E-003   7.7615973560472848E-003
   7.7000000000000055E-002  0.46706756838010738       0.46342099459220421        3.6465737879031734E-003   7.8688143835866625E-003
   7.8000000000000055E-002  0.45443930235551738       0.45084318381228117        3.5961185432362153E-003   7.9764287724787726E-003
   7.9000000000000056E-002  0.44171762281725135       0.43817520589845782        3.5424169187935339E-003   8.0844759610027989E-003
   8.0000000000000057E-002  0.42890505541851420       0.42541959440408889        3.4854610144253173E-003   8.1929959509919013E-003
   8.1000000000000058E-002  0.41600414449521361       0.41257890040895312        3.4252440862604927E-003   8.3020340663697290E-003
   8.2000000000000059E-002  0.40301745256082933       0.39965569200904583        3.3617605517834992E-003   8.4116418682394466E-003
   8.3000000000000060E-002  0.38994755979754597       0.38665255380296820        3.2950059945777710E-003   8.5218782655625547E-003
   8.4000000000000061E-002  0.37679706354375048       0.37357208637501627        3.2249771687342110E-003   8.6328108720006621E-003
   8.5000000000000062E-002  0.36356857777799545       0.36041690577507257        3.1516720029228784E-003   8.7445176750109502E-003
   8.6000000000000063E-002  0.35026473259953173       0.34718964299540506        3.0750896041266684E-003   8.8570891043756352E-003
   8.7000000000000063E-002  0.33688817370551238       0.33389294344447729        2.9952302610350978E-003   8.9706306163166091E-003
   8.8000000000000064E-002  0.32344156186497314       0.32052946641787566        2.9120954470974736E-003   9.0852659496239944E-003
   8.9000000000000065E-002  0.30992757238969276       0.30710188456645915        2.8256878232336136E-003   9.2011412669208599E-003
   9.0000000000000066E-002  0.29634889460203939       0.29361288336183788        2.7360112402015080E-003   9.3184304751019621E-003
   9.1000000000000067E-002  0.28270823129990807       0.28006516055928798        2.6430707406200904E-003   9.4373421361725190E-003
   9.2000000000000068E-002  0.26900829821885636       0.26646142565820941        2.5468725606469511E-003   9.5581285522123929E-003
   9.3000000000000069E-002  0.25525182349154468       0.25280439936023502        2.4474241313096612E-003   9.6810978665849510E-003
   9.4000000000000070E-002  0.24144154710458923       0.23909681302509955        2.3447340794896798E-003   9.8066304181291530E-003
   9.5000000000000070E-002  0.22758022035293546       0.22534140812437653        2.2388122285589285E-003   9.9352012006742353E-003
   9.6000000000000071E-002  0.21367060529186077       0.21154093569319321        2.1296695986675607E-003   1.0067411263398733E-002
   9.7000000000000072E-002  0.19971547418671551       0.19769815578003275        2.0173184066827610E-003   1.0204032499561169E-002
   9.8000000000000073E-002  0.18571760896051187       0.18381583689473363        1.9017720657782400E-003   1.0346072992977930E-002
   9.9000000000000074E-002  0.17167980063947089       0.16989675545479699        1.7830451846738982E-003   1.0494874842670542E-002
  0.10000000000000007       0.15760484879663780       0.15594369523011234        1.6611535665254640E-003   1.0652264999070635E-002
  0.10100000000000008       0.14349556099367683       0.14195944678621286        1.5361142074639678E-003   1.0820795954335570E-002
  0.10200000000000008       0.12935475222095652       0.12794680692617164        1.4079452947848847E-003   1.1004145618087232E-002
  0.10300000000000008       0.11518524433603748       0.11390857813125030        1.2766662047871830E-003   1.1207814422160147E-002
  0.10400000000000008       0.10098986550067425        9.9847568000412182E-002   1.1422975002620683E-003   1.1440413854219792E-002
  0.10500000000000008        8.6771449616443813E-002   8.5766588688811873E-002   1.0048609276319398E-003   1.1716228230527984E-002
  0.10600000000000008        7.2532835759113234E-002   7.1668456345373513E-002   8.6437941373972149E-004   1.2060806913075374E-002
  0.10700000000000008        5.8276867611859365E-002   5.7555990549570467E-002   7.2087706228889797E-004   1.2524796383584745E-002
  0.10800000000000008        4.4006392897453672E-002   4.3432013747518775E-002   5.7437914993489769E-004   1.3224787440755297E-002
  0.10900000000000008        2.9724262809525615E-002   2.9299350687497352E-002   4.2491212202826201E-004   1.4502441591976334E-002
  0.11000000000000008        1.5433331443018065E-002   1.5160827855007756E-002   2.7250358801030918E-004   1.7974189181252317E-002
  0.11100000000000008        1.1364552239486094E-003   1.0192729074865060E-003   1.1718231646210345E-004  0.11496657627354312     
  0.11200000000000009       -1.3163507661409451E-002  -1.3122485891216980E-002   4.1021770192471024E-005   3.1260670068563256E-003
  0.11300000000000009       -2.7463697837812301E-002  -2.7261620236483729E-002   2.0207760132857217E-004   7.4125308611751326E-003
  0.11400000000000009       -4.1761255312682870E-002  -4.1395302348576704E-002   3.6595296410616568E-004   8.8404467015264655E-003
  0.11500000000000009       -5.6053320047985876E-002  -5.5520705538187332E-002   5.3261450979854436E-004   9.5930789177779852E-003
  0.11600000000000009       -7.0337032532226340E-002  -6.9635004771763945E-002   7.0202776046239534E-004   1.0081535324990143E-002
  0.11700000000000009       -8.4609534352457216E-002  -8.3735377236509062E-002   8.7415711594815426E-004   1.0439519648655946E-002
  0.11800000000000009       -9.8867968766181646E-002  -9.7819002904932534E-002   1.0489658612491126E-003   1.0723538679581229E-002
  0.11900000000000009      -0.11310948127303558      -0.11188306509884767        1.2264161741879082E-003   1.0961588986719131E-002
  0.12000000000000009      -0.12733122018613627      -0.12592475105269746        1.4064691334388091E-003   1.1169123795608893E-002
  0.12100000000000009      -0.14153033720298236      -0.13994125247609829        1.5890847268840713E-003   1.1355370191184220E-002
  0.12200000000000009      -0.15570398797579121      -0.15392976611548875        1.7742218603024607E-003   1.1526177847703068E-002
  0.12300000000000010      -0.16984933268115948      -0.16788749431477087        1.9618383663886074E-003   1.1685434787122220E-002
  0.12400000000000010      -0.18396353658893258      -0.18181164557483212        2.1518910141004599E-003   1.1835826067669355E-002
  0.12500000000000008      -0.19804377063016945      -0.19569943511183588        2.3443355183335735E-003   1.1979265637603204E-002
  0.12600000000000008      -0.21208721196408853      -0.20954808541416892        2.5391265499196125E-003   1.2117154613467662E-002
  0.12700000000000009      -0.22609104454388160      -0.22335482679793450        2.7362177459470949E-003   1.2250542265748780E-002
  0.12800000000000009      -0.24005245968128183      -0.23711689796087987        2.9355617204019635E-003   1.2380229944161466E-002
  0.12900000000000009      -0.25396865660977330      -0.25083154653464751        3.1371100751257930E-003   1.2506840221919464E-002
  0.13000000000000009      -0.26783684304632849      -0.26449602963523972        3.3408134110887722E-003   1.2630864121839598E-002
  0.13100000000000009      -0.28165423575156173      -0.27810761441158621        3.5466213399755198E-003   1.2752694123385944E-002
  0.13200000000000009      -0.29541806108818569      -0.29166357859210512        3.7544824960805689E-003   1.2872647706662257E-002
  0.13300000000000009      -0.30912555557765936      -0.30516121102914845        3.9643445485109119E-003   1.2990984454220969E-002
  0.13400000000000009      -0.32277396645491541      -0.31859781224122241        4.1761542136929952E-003   1.3107918677517696E-002
  0.13500000000000009      -0.33636055222105593      -0.33197069495287473        4.3898572681811965E-003   1.3223628877254853E-002
  0.13600000000000009      -0.34988258319390547      -0.34527718463214085        4.6053985617646176E-003   1.3338264926688452E-002
  0.13700000000000009      -0.36333734205631080      -0.35851462002544138        4.8227220308694196E-003   1.3451953592651769E-002
  0.13800000000000009      -0.37672212440207731      -0.37168035368982394        5.0417707122533684E-003   1.3564802826411549E-002
  0.13900000000000010      -0.39003423927943259      -0.38477175252244289        5.2624867569897038E-003   1.3676905132693581E-002
  0.14000000000000010      -0.40327100973190744      -0.39778619828717116        5.4848114447362817E-003   1.3788340239941327E-002
  0.14100000000000010      -0.41642977333652642      -0.41072108813823871        5.7086851982877107E-003   1.3899177235249012E-002
  0.14200000000000010      -0.42950788273919899      -0.42357383514079311        5.9340475984058783E-003   1.4009476285128520E-002
  0.14300000000000010      -0.44250270618720428      -0.43634186878827774        6.1608373989265330E-003   1.4119290032916601E-002
  0.14400000000000010      -0.45541162805866170      -0.44902263551652472        6.3889925421369842E-003   1.4228664741561474E-002
  0.14500000000000010      -0.46823204938888169      -0.46161359921445899        6.6184501744226965E-003   1.4337641234325639E-002
  0.14600000000000010      -0.48096138839348995      -0.47411224173131222        6.8491466621777297E-003   1.4446255673902767E-002
  0.14700000000000010      -0.49359708098822042      -0.48651606338024467        7.0810176079757481E-003   1.4554540211432775E-002
  0.14800000000000010      -0.50613658130527217      -0.49882258343827390        7.3139978669982675E-003   1.4662523530078561E-002
  0.14900000000000010      -0.51857736220612627      -0.51102934064241146        7.5480215637148129E-003   1.4770231302621973E-002
  0.15000000000000011      -0.53091691579071931      -0.52313389368190710        7.7830221088122098E-003   1.4877686578542923E-002
  0.15100000000000011      -0.54315275390287121      -0.53513382168650281        8.0189322163684018E-003   1.4984910112943915E-002
  0.15200000000000011      -0.55528240863186495      -0.54702672471059877        8.2556839212661881E-003   1.5091920647266015E-002
  0.15300000000000011      -0.56730343281007811      -0.55881022421323445        8.4932085968436599E-003   1.5198735149847162E-002
  0.15400000000000011      -0.57921340050656489      -0.57048196353378899        8.7314369727758967E-003   1.5305369022869631E-002
  0.15500000000000011      -0.59100990751648963      -0.58203960836330548        8.9702991531841469E-003   1.5411836281054163E-002
  0.15600000000000011      -0.60269057184631303      -0.59348084721134475        9.2097246349682749E-003   1.5518149706503663E-002
  0.15700000000000011      -0.61425303419463317      -0.60480339186827581        9.4496423263573659E-003   1.5624320983331171E-002
  0.15800000000000011      -0.62569495842858402      -0.61600497786291053        9.6899805656734950E-003   1.5730360815087378E-002
  0.15900000000000011      -0.63701403205569596      -0.62708336491538974        9.9306671403062152E-003   1.5836279027503987E-002
  0.16000000000000011      -0.64820796669112224      -0.63803633738523224        1.0171629305889995E-002   1.5942084658649450E-002
  0.16100000000000012      -0.65927449852013731      -0.64886170471445515        1.0412793805682163E-002   1.6047786038266083E-002
  0.16200000000000012      -0.67021138875581421      -0.65955730186567840        1.0654086890135805E-002   1.6153390857775014E-002
  0.16300000000000012      -0.68101642409178709      -0.67012098975512502        1.0895434336662069E-002   1.6258906232206619E-002
  0.16400000000000012      -0.69168741715000881      -0.68055065568043049        1.1136761469578316E-002   1.6364338755126936E-002
  0.16500000000000012      -0.70222220692341220      -0.69084421374317651        1.1377993180235690E-002   1.6469694547467825E-002
  0.16600000000000012      -0.71261865921338552      -0.70099960526606353        1.1619053947321989E-002   1.6574979301039679E-002
  0.16700000000000012      -0.72287466706197412      -0.71101479920463950        1.1859867857334616E-002   1.6680198317392814E-002
  0.16800000000000012      -0.73298815117872007      -0.72088779255350177        1.2100358625218299E-002   1.6785356542599869E-002
  0.16900000000000012      -0.74295706036205367      -0.73061661074689155        1.2340449615162119E-002   1.6890458598452583E-002
  0.17000000000000012      -0.75277937191515154      -0.74019930805360079        1.2580063861550750E-002   1.6995508810499695E-002
  0.17100000000000012      -0.76245309205617695      -0.74963396796611148        1.2819124090065470E-002   1.7100511233296971E-002
  0.17200000000000013      -0.77197625632281930      -0.75891870358389113        1.3057552738928169E-002   1.7205469673188496E-002
  0.17300000000000013      -0.78134692997105049      -0.76805165799076625        1.3295271980284240E-002   1.7310387708900799E-002
  0.17400000000000013      -0.79056320836801708      -0.77703100462629981        1.3532203741717264E-002   1.7415268710191754E-002
  0.17500000000000013      -0.79962321737898945      -0.78585494765109676        1.3768269727892690E-002   1.7520115854771607E-002
  0.17600000000000013      -0.80852511374828817      -0.79452172230596629        1.4003391442321877E-002   1.7624932143679318E-002
  0.17700000000000013      -0.81726708547411120      -0.80302959526486772        1.4237490209243475E-002   1.7729720415282382E-002
  0.17800000000000013      -0.82584735217718452      -0.81137686498156980        1.4470487195614723E-002   1.7834483358042771E-002
  0.17900000000000013      -0.83426416546316307      -0.81956186202995429        1.4702303433208774E-002   1.7939223522179241E-002
  0.18000000000000013      -0.84251580927870617      -0.82758294943789579        1.4932859840810386E-002   1.8043943330336810E-002
  0.18100000000000013      -0.85060060026115658      -0.83543852301465060        1.5162077246505978E-002   1.8148645087365800E-002
  0.18200000000000013      -0.85851688808175131      -0.84312701167168957        1.5389876410061731E-002   1.8253330989298787E-002
  0.18300000000000013      -0.86626305578229379      -0.85064687773691039        1.5616178045383400E-002   1.8358003131604041E-002
  0.18400000000000014      -0.87383752010521987      -0.85799661726216714        1.5840902843052729E-002   1.8462663516786833E-002
  0.18500000000000014      -0.88123873181698953      -0.86517476032405460        1.6063971492934925E-002   1.8567314061402003E-002
  0.18600000000000014      -0.88846517602473818      -0.87217987131788854        1.6285304706849635E-002   1.8671956602532087E-002
  0.18700000000000014      -0.89551537248612334      -0.87901054924482125        1.6504823241302091E-002   1.8776592903784573E-002
  0.18800000000000014      -0.90238787591230363      -0.88566542799203707        1.6722447920266559E-002   1.8881224660851174E-002
  0.18900000000000014      -0.90908127626398672      -0.89214317660597020        1.6938099658016514E-002   1.8985853506670383E-002
  0.19000000000000014      -0.91559419904048733      -0.89844249955849109        1.7151699481996241E-002   1.9090481016230707E-002
  0.19100000000000014      -0.92192530556173513      -0.90456213700600774        1.7363168555727393E-002   1.9195108711047092E-002
  0.19200000000000014      -0.92807329324317478      -0.91050086504143013        1.7572428201744650E-002   1.9299738063340621E-002
  0.19300000000000014      -0.93403689586350214      -0.91625749593894767        1.7779399924554462E-002   1.9404370499948569E-002
  0.19400000000000014      -0.93981488382518086      -0.92183087839157030        1.7984005433610561E-002   1.9509007405989078E-002
  0.19500000000000015      -0.94540606440768682      -0.92721989774138591        1.8186166666300907E-002   1.9613650128303517E-002
  0.19600000000000015      -0.95080928201342774      -0.93242347620248867        1.8385805810939071E-002   1.9718299978695879E-002
  0.19700000000000015      -0.95602341840628713      -0.93744057307653228        1.8582845329754849E-002   1.9822958236988694E-002
  0.19800000000000015      -0.96104739294274388      -0.94227018496086601        1.8777207981877875E-002   1.9927626153912237E-002
  0.19900000000000015      -0.96588016279551936      -0.94691134594921234        1.8968816846307024E-002   2.0032304953841389E-002
  0.20000000000000015      -0.97052072316970628      -0.95136312782484467        1.9157595344861611E-002   2.0136995837396709E-002
  0.20100000000000015      -0.97496810751133411      -0.95562464024622773        1.9343467265106384E-002   2.0241699983920797E-002
  0.20200000000000015      -0.97922138770832801      -0.95969503092508268        1.9526356783245324E-002   2.0346418553843303E-002
  0.20300000000000015      -0.98327967428381957      -0.96357348579684221        1.9706188486977361E-002   2.0451152690945017E-002
  0.20400000000000015      -0.98714211658176954      -0.96725922918346063        1.9882887398308902E-002   2.0555903524532515E-002
  0.20500000000000015      -0.99080790294486276      -0.97075152394854691        2.0056378996315849E-002   2.0660672171531821E-002
  0.20600000000000016      -0.99427626088463961      -0.97404967164478928        2.0226589239850323E-002   2.0765459738511606E-002
  0.20700000000000016      -0.99754645724382751      -0.97715301265364285        2.0393444590184662E-002   2.0870267323643023E-002
  0.20800000000000016       -1.0006177983508384      -0.98006092631725061        2.0556872033587803E-002   2.0975096018605522E-002
  0.20900000000000016       -1.0034896301664007      -0.98277283106257329        2.0716799103827399E-002   2.1079946910445631E-002
  0.21000000000000016       -1.0061613384222927      -0.98528818451770173        2.0873153904590991E-002   2.1184821083395405E-002
  0.21100000000000016       -1.0086323487521514      -0.98760648362032977        2.1025865131821586E-002   2.1289719620658808E-002
  0.21200000000000016       -1.0109021268143257      -0.98972726471836481        2.1174862095960867E-002   2.1394643606171999E-002
  0.21300000000000016       -1.0129701784067495      -0.99165010366265682        2.1320074744092699E-002   2.1499594126342610E-002
  0.21400000000000016       -1.0148360495738105      -0.99337461589182663        2.1461433681983832E-002   2.1604572271777148E-002
  0.21500000000000016       -1.0164993267051901      -0.99490045650917691        2.1598870196013142E-002   2.1709579138999940E-002
  0.21600000000000016       -1.0179596366266550      -0.99622732035167061        2.1732316274984398E-002   2.1814615832170550E-002
  0.21700000000000016       -1.0192166466827788      -0.99735494205096231        2.1861704631816470E-002   2.1919683464805443E-002
  0.21800000000000017       -1.0202700648115772      -0.99828309608647092        2.1986968725106304E-002   2.2024783161510932E-002
  0.21900000000000017       -1.0211196396110391      -0.99901159683048335        2.2108042780555781E-002   2.2129916059730356E-002
  0.22000000000000017       -1.0217651603975388      -0.99954029858527926        2.2224861812259578E-002   2.2235083311514314E-002
  0.22100000000000017       -1.0222064572561163      -0.99986909561227011        2.2337361643846143E-002   2.2340286085317851E-002
  0.22200000000000017       -1.0224434010826142      -0.99999792215314665        2.2445478929467577E-002   2.2445525567832251E-002
  0.22300000000000017       -1.0224759036176609      -0.99992675244302998        2.2549151174630966E-002   2.2550802965855928E-002
  0.22400000000000017       -1.0223039174724911      -0.99965560071562498        2.2648316756866071E-002   2.2656119508211413E-002
  0.22500000000000017       -1.0219274361465978      -0.99918452120037338        2.2742914946224380E-002   2.2761476447715694E-002
  0.22600000000000017       -1.0213464940372099      -0.99851360811160783        2.2832885925602064E-002   2.2866875063208895E-002
  0.22700000000000017       -1.0205611664405927      -0.99764299562970959        2.2918170810883098E-002   2.2972316661650304E-002
  0.22800000000000017       -1.0195715695451681      -0.99657285787427308        2.2998711670895067E-002   2.3077802580287177E-002
  0.22900000000000018       -1.0183778604164553      -0.99530340886928204        2.3074451547173247E-002   2.3183334188905329E-002
  0.23000000000000018       -1.0169802369738334      -0.99383490250030593        2.3145334473527512E-002   2.3288912892169621E-002
  0.23100000000000018       -1.0153789379591283      -0.99216763246372330        2.3211305495404955E-002   2.3394540132061437E-002
  0.23200000000000018       -1.0135742428970285      -0.99030193220798379        2.3272310689044673E-002   2.3500217390424124E-002
  0.23300000000000018       -1.0115664720473367      -0.98823817486691945        2.3328297180417290E-002   2.3605946191624080E-002
  0.23400000000000018       -1.0093559863490658      -0.98597677318511900        2.3379213163946755E-002   2.3711728105340737E-002
  0.23500000000000018       -1.0069431873563852      -0.98351817943538056        2.3425007921004659E-002   2.3817564749491992E-002
  0.23600000000000018       -1.0043285171664349      -0.98086288532825849        2.3465631838176404E-002   2.3923457793311575E-002
  0.23700000000000018       -1.0015124583390134      -0.97801142191372303        2.3501036425290334E-002   2.4029408960587292E-002
  0.23800000000000018      -0.99849553380815848      -0.97496435947495186        2.3531174333206617E-002   2.4135420033075748E-002
  0.23900000000000018      -0.99527830678563578      -0.97172230741427557        2.3555999371360214E-002   2.4241492854107708E-002
  0.24000000000000019      -0.99186138065635143      -0.96828591413129905        2.3575466525052380E-002   2.4347629332399395E-002
  0.24100000000000019      -0.98824539886570995      -0.96465586689322402        2.3589531972485922E-002   2.4453831446087090E-002
  0.24200000000000019      -0.98443104479893717      -0.96083289169739750        2.3598153101539676E-002   2.4560101247003963E-002
  0.24300000000000019      -0.98041904165239124      -0.95681775312611494        2.3601288526276298E-002   2.4666440865218239E-002
  0.24400000000000019      -0.97621015229688557      -0.95261125419370640        2.3598898103179167E-002   2.4772852513855043E-002
  0.24500000000000019      -0.97180517913304942      -0.94821423618593625        2.3590942947113169E-002   2.4879338494225262E-002
  0.24600000000000019      -0.96720496393875388      -0.94362757849174894        2.3577385447004939E-002   2.4985901201287432E-002
  0.24700000000000019      -0.96241038770863174      -0.93885219842739387        2.3558189281237873E-002   2.5092543129470818E-002
  0.24800000000000019      -0.95742237048572187      -0.93388905105296549        2.3533319432756383E-002   2.5199266878889334E-002
  0.24900000000000019      -0.95224187118527026      -0.92873912898139432        2.3502742203875937E-002   2.5306075161981006E-002
  0.25000000000000017      -0.94686988741072153      -0.92340346217992775        2.3466425230793786E-002   2.5412970810608990E-002
  0.25100000000000017      -0.94130745526193571      -0.91788311776413989        2.3424337497795822E-002   2.5519956783664217E-002
  0.25200000000000017      -0.93555564913566769      -0.91217919978451223        2.3376449351155459E-002   2.5627036175214005E-002
  0.25300000000000017      -0.92961558151834733      -0.90629284900562701        2.3322732512720323E-002   2.5734212223245199E-002
  0.25400000000000017      -0.92348840277119981      -0.90022524267801818        2.3263160093181634E-002   2.5841488319054084E-002
  0.25500000000000017      -0.91717530090774868      -0.89397759430272528        2.3197706605023405E-002   2.5948868017343203E-002
  0.25600000000000017      -0.91067750136374326      -0.88755115338859714        2.3126347975146122E-002   2.6056355047088420E-002
  0.25700000000000017      -0.90399626675955636      -0.88094720520239445        2.3049061557161910E-002   2.6163953323248775E-002
  0.25800000000000017      -0.89713289665509666      -0.87416707051174058        2.2965826143356072E-002   2.6271666959396894E-002
  0.25900000000000017      -0.89008872729728505      -0.86721210532097248        2.2876621976312572E-002   2.6379500281359054E-002
  0.26000000000000018      -0.88286513136014244      -0.86008370059994432        2.2781430760198118E-002   2.6487457841960171E-002
  0.26100000000000018      -0.87546351767754038      -0.85278328200583819        2.2680235671702187E-002   2.6595544436982661E-002
  0.26200000000000018      -0.86788533096866627      -0.84531230959803738        2.2573021370628887E-002   2.6703765122458471E-002
  0.26300000000000018      -0.86013205155625660      -0.83767227754611939        2.2459774010137212E-002   2.6812125233427762E-002
  0.26400000000000018      -0.85220519507765324      -0.82986471383102711        2.2340481246626132E-002   2.6920630404313091E-002
  0.26500000000000018      -0.84410631218873866      -0.82189117993947736        2.2215132249261305E-002   2.7029286591075462E-002
  0.26600000000000018      -0.83583698826080854      -0.81375327055166924        2.2083717709139306E-002   2.7138100095337313E-002
  0.26700000000000018      -0.82739884307044065      -0.80545261322235295        2.1946229848087695E-002   2.7247077590682827E-002
  0.26800000000000018      -0.81879353048242065      -0.79699086805532471        2.1802662427095942E-002   2.7356226151367229E-002
  0.26900000000000018      -0.81002273812578651      -0.78836972737141109        2.1653010754375424E-002   2.7465553283699859E-002
  0.27000000000000018      -0.80108818706305585      -0.77959091537001080        2.1497271693045050E-002   2.7575066960396757E-002
  0.27100000000000019      -0.79199163145270002      -0.77065618778426048        2.1335443668439535E-002   2.7684775658237154E-002
  0.27200000000000019      -0.78273485820493161      -0.76156733152989387        2.1167526675037740E-002   2.7794688399402342E-002
  0.27300000000000019      -0.77331968663087269      -0.75232616434786470        2.0993522283007993E-002   2.7904814796924825E-002
  0.27400000000000019      -0.76374796808517276      -0.74293453444080448        2.0813433644368273E-002   2.8015165104734601E-002
  0.27500000000000019      -0.75402158560214672      -0.73339432010338812        2.0627265498758596E-002   2.8125750272855573E-002
  0.27600000000000019      -0.74414245352550357      -0.72370742934668142        2.0435024178822148E-002   2.8236582008380973E-002
  0.27700000000000019      -0.73411251713173997      -0.71387579951654490        2.0236717615195077E-002   2.8347672842950977E-002
  0.27800000000000019      -0.72393375224727130      -0.70390139690617148        2.0032355341099817E-002   2.8459036207552926E-002
  0.27900000000000019      -0.71360816485937628      -0.69378621636283411        1.9821948496542174E-002   2.8570686515593378E-002
  0.28000000000000019      -0.70313779072103189      -0.68353228088892315        1.9605509832108736E-002   2.8682639255328327E-002
  0.28100000000000019      -0.69252469494971558      -0.67314164123735243        1.9383053712363152E-002   2.8794911092907133E-002
  0.28200000000000019      -0.68177097162025502      -0.66261637550141561        1.9154596118839406E-002   2.8907519987481031E-002
  0.28300000000000020      -0.67087874335180453      -0.65195858869917456        1.8920154652629972E-002   2.9020485320057764E-002
  0.28400000000000020      -0.65985016088903004      -0.64117041235246264        1.8679748536567398E-002   2.9133828038058019E-002
  0.28500000000000020      -0.64868740267758518      -0.63025400406058740        1.8433398616997776E-002   2.9247570817853528E-002
  0.28600000000000020      -0.63739267443396252      -0.61921154706881787        1.8181127365144656E-002   2.9361738247952993E-002
  0.28700000000000020      -0.62596820870980430      -0.60804524983174313        1.7922958878061168E-002   2.9476357035961992E-002
  0.28800000000000020      -0.61441626445075925      -0.59675734557158833        1.7658918879170926E-002   2.9591456243000740E-002
  0.28900000000000020      -0.60273912654997230      -0.58535009183157793        1.7389034718394369E-002   2.9707067549923090E-002
  0.29000000000000020      -0.59093910539629524      -0.57382577002443447        1.7113335371860772E-002   2.9823225560490350E-002
  0.29100000000000020      -0.57901853641730816      -0.56218668497610380        1.6831851441204360E-002   2.9939968147626641E-002
  0.29200000000000020      -0.56697977961724177      -0.55043516446479723        1.6544615152444542E-002   3.0057336850074452E-002
  0.29300000000000020      -0.55482521910989191      -0.53857355875544410        1.6251660354447806E-002   3.0175377328220027E-002
  0.29400000000000021      -0.54255726264661863      -0.52660424012964624        1.5953022516972393E-002   3.0294139889653890E-002
  0.29500000000000021      -0.53017834113952333      -0.51452960241122969        1.5648738728293643E-002   3.0413680097236922E-002
  0.29600000000000021      -0.51769090817989871      -0.50235206048748815        1.5338847692410562E-002   3.0534059475192697E-002
  0.29700000000000021      -0.50509743955204622      -0.49007404982621311        1.5023389725833114E-002   3.0655346332172886E-002
  0.29800000000000021      -0.49240043274255774      -0.47769802598860878        1.4702406753948960E-002   3.0777616724544630E-002
  0.29900000000000021      -0.47960240644515884      -0.46522646413818797        1.4375942306970868E-002   3.0900955588589921E-002
  0.30000000000000021      -0.46670590006121143      -0.45266185854574748        1.4044041515463956E-002   3.1025458077211999E-002
  0.30100000000000021      -0.45371347319597499      -0.44000672209052238        1.3706751105452608E-002   3.1151231145584008E-002
  0.30200000000000021      -0.44062770515072636      -0.42726358575761852        1.3364119393107832E-002   3.1278395441565049E-002
  0.30300000000000021      -0.42745119441083851      -0.41443499813182400        1.3016196279014514E-002   3.1407087571485227E-002
  0.30400000000000021      -0.41418655812992050      -0.40152352488790055        1.2663033242019950E-002   3.1537462831238303E-002
  0.30500000000000022      -0.40083643161012034      -0.38853174827745734        1.2304683332662991E-002   3.1669698518114409E-002
  0.30600000000000022      -0.38740346777869417      -0.37546226661250909        1.1941201166185078E-002   3.1803997972741263E-002
  0.30700000000000022      -0.37389033666094601      -0.36231769374582240        1.1572642915123610E-002   3.1940595546079496E-002
  0.30800000000000022      -0.36029972484964212      -0.34910065854815392        1.1199066301488203E-002   3.2079762748266016E-002
  0.30900000000000022      -0.34663433497100604      -0.33581380438248493        1.0820530588521116E-002   3.2221815920934441E-002
  0.31000000000000022      -0.33289688514740001      -0.32245978857535756        1.0437096572042448E-002   3.2367125892360189E-002
  0.31100000000000022      -0.31909010845679980      -0.30904128188541841        1.0048826571381397E-002   3.2516130240189553E-002
  0.31200000000000022      -0.30521675238917007      -0.29556096796927561        9.6557844198944531E-003   3.2669349022088054E-002
  0.31300000000000022      -0.29127957829984902      -0.28202154284477648        9.2580354550725330E-003   3.2827405175100820E-002
  0.31400000000000022      -0.27728136086005012      -0.26842571435181306        8.8556465082370583E-003   3.2991051284417469E-002
  0.31500000000000022      -0.26322488750459122      -0.25477620161076298        8.4486858938282450E-003   3.3161205169138258E-002
  0.31600000000000023      -0.24911295787696033      -0.24107573447867459        8.0372233982857477E-003   3.3338997869969016E-002
  0.31700000000000023      -0.23494838327182854      -0.22732705300330455        7.6213302685239903E-003   3.3525839392345450E-002
  0.31800000000000023      -0.22073398607512135      -0.21353290687511750        7.2010792000038459E-003   3.3723510373112289E-002
  0.31900000000000023      -0.20647259920175978      -0.19969605487735703        6.7765443244027501E-003   3.3934292435394142E-002
  0.32000000000000023      -0.19216706553118321      -0.18581926433429832        6.3478011968848835E-003   3.4161157722941288E-002
  0.32100000000000023      -0.17782023734076627      -0.17190531055779248        5.9149267829737839E-003   3.4408051524302721E-002
  0.32200000000000023      -0.16343497573724308      -0.15795697629221345        5.4779994450296354E-003   3.4680326083829170E-002
  0.32300000000000023      -0.14901415008625174      -0.14397705115791831        5.0370989283334278E-003   3.4985429190438053E-002
  0.32400000000000023      -0.13456063744011296      -0.12996833109333267        4.5923063467802894E-003   3.5334041055605073E-002
  0.32500000000000023      -0.12007732196395693      -0.11593361779577212        4.1437041681848114E-003   3.5742041411011019E-002
  0.32600000000000023      -0.10556709436031288      -0.10187571816111224        3.6913761992006383E-003   3.6234112169524824E-002
  0.32700000000000023       -9.1032851292276035E-002  -8.7797443722418753E-002   3.2354075698572821E-003   3.6850817434803430E-002
  0.32800000000000024       -7.6477494805367127E-002  -7.3701610087650249E-002   2.7758847177168783E-003   3.7663827349438288E-002
  0.32900000000000024       -6.1903931748199768E-002  -5.9591036376545996E-002   2.3128953716537726E-003   3.8812806628147324E-002
  0.33000000000000024       -4.7315073192071337E-002  -4.5468544656811417E-002   1.8465285352599198E-003   4.0611120263408310E-002
  0.33100000000000024       -3.2713833849593268E-002  -3.1336959379713911E-002   1.3768744698793578E-003   4.3937717542905014E-002
  0.33200000000000024       -1.8103131492476783E-002  -1.7199106815202043E-002   9.0402467727473956E-004   5.2562303786362043E-002
  0.33300000000000024       -3.4858863685903775E-003  -3.0578144866609744E-003   4.2807188192940313E-004  0.13999275750598020     
  0.33400000000000024        1.1134979381594523E-002   1.1084089394582801E-002   5.0889987011722496E-005   4.5912645775479126E-003
  0.33500000000000024        2.5756542309053145E-002   2.5223776494894289E-002   5.3276581415885593E-004   2.1121572111404356E-002
  0.33600000000000024        4.0375878240635446E-002   3.9358418923987282E-002   1.0174593166481644E-003   2.5851122694058887E-002
  0.33700000000000024        5.4990062863755934E-002   5.3485189800493008E-002   1.5048730632629265E-003   2.8136257324248199E-002
  0.33800000000000024        6.9596172311228305E-002   6.7601263817326979E-002   1.9949084939013262E-003   2.9509928975469956E-002
  0.33900000000000025        8.4191283746127915E-002   8.1703817806740964E-002   2.4874659393869514E-003   3.0444916849182088E-002
  0.34000000000000025        9.8772475946565283E-002   9.5790031304947176E-002   2.9824446416181066E-003   3.1135229845822957E-002
  0.34100000000000025       0.11333682989025343       0.10985708711620158        3.4797427740518444E-003   3.1675177864229541E-002
  0.34200000000000025       0.12788142933875224       0.12390217187623367        3.9792574625185650E-003   3.2116123569596984E-002
  0.34300000000000025       0.14240336142127302       0.13792247661490997        4.4808848063630502E-003   3.2488430575924335E-002
  0.34400000000000025       0.15689971721792606       0.15191519731801864        4.9845198999074192E-003   3.2811199852986701E-002
  0.34500000000000025       0.17136759234229484       0.16587753548806303        5.4900568542318173E-003   3.3097048603226299E-002
  0.34600000000000025       0.18580408752322003       0.17980669870395180        5.9973888192682290E-003   3.3354646197819422E-002
  0.34700000000000025       0.20020630918567675       0.19369990117947389        6.5064080062028629E-003   3.3590146234376797E-002
  0.34800000000000025       0.21457137003062884       0.20755436432044638        7.0170057101824612E-003   3.3808037393753848E-002
  0.34900000000000025       0.22889638961374378       0.22136731728042419        7.5290723333195919E-003   3.4011670854654195E-002
  0.35000000000000026       0.24317849492285259       0.23513599751486003        8.0424974079925660E-003   3.4203599163859628E-002
  0.35100000000000026       0.25741482095403867       0.24885765133360416        8.5571696204345127E-003   3.4385800776377443E-002
  0.35200000000000026       0.27160251128624019       0.26252953445163318        9.0729768346070050E-003   3.4559832871979418E-002
  0.35300000000000026       0.28573871865425088       0.27614891253789797        9.5898061163529058E-003   3.4726937825753069E-002
  0.35400000000000026       0.29982060552000434       0.28971306176218076        1.0107543757823578E-002   3.4888118942047026E-002
  0.35500000000000026       0.31384534464202696       0.30321926933985199        1.0626075302174964E-002   3.5044195328711530E-002
  0.35600000000000026       0.32781011964294554       0.31666483407441831        1.1145285568527230E-002   3.5195842320489605E-002
  0.35700000000000026       0.34171212557493574       0.33004706689775293        1.1665058677182816E-002   3.5343621704708554E-002
  0.35800000000000026       0.35554856948299735       0.34336329140790006        1.2185278075097283E-002   3.5488004629538931E-002
  0.35900000000000026       0.36931667096594395       0.35661084440434659        1.2705826561597355E-002   3.5629389181420217E-002
  0.36000000000000026       0.38301366273499399       0.36978707642065323        1.3226586314340760E-002   3.5768114024879519E-002
  0.36100000000000027       0.39663679116985079       0.38288935225433890        1.3747438915511889E-002   3.5904469096805766E-002
  0.36200000000000027       0.41018331687216064       0.39591505149391265        1.4268265378247991E-002   3.6038704071515631E-002
  0.36300000000000027       0.42365051521623648       0.40886156904294702        1.4788946173289463E-002   3.6171035120534954E-002
  0.36400000000000027       0.43703567689693790       0.42172631564108864        1.5309361255849252E-002   3.6301650354867411E-002
  0.36500000000000027       0.45033610847459610       0.43450671838190186        1.5829390092694240E-002   3.6430714239914889E-002
  0.36600000000000027       0.46354913291687488       0.44720022122744130        1.6348911689433587E-002   3.6558371202412052E-002
  0.36700000000000027       0.47667209013745876       0.45980428551945096        1.6867804618007798E-002   3.6684748596790197E-002
  0.36800000000000027       0.48970233753145925       0.47231639048708735        1.7385947044371908E-002   3.6809959159880612E-002
  0.36900000000000027       0.50263725050743224       0.48473403375106539        1.7903216756366858E-002   3.6934103054049296E-002
  0.37000000000000027       0.51547422301589896       0.49705473182412580        1.8419491191773163E-002   3.7057269577086695E-002
  0.37100000000000027       0.52821066807426420       0.50927602060772437        1.8934647466539833E-002   3.7179538600590152E-002
  0.37200000000000027       0.54084401828802620       0.52139545588484337        1.9448562403182823E-002   3.7300981785844865E-002
  0.37300000000000028       0.55337172636817344       0.53341061380882682        1.9961112559346628E-002   3.7421663616353622E-002
  0.37400000000000028       0.56579126564466309       0.54531909138814183        2.0472174256521258E-002   3.7541642278483472E-002
  0.37500000000000028       0.57810013057587906       0.55711850696696874        2.0981623608910316E-002   3.7660970415679090E-002
  0.37600000000000028       0.59029583725396606       0.56880650070152450        2.1489336552441562E-002   3.7779695776926213E-002
  0.37700000000000028       0.60237592390593786       0.58038073503202359        2.1995188873914273E-002   3.7897861776374518E-002
  0.37800000000000028       0.61433795139045888       0.59183889515018195        2.2499056240276927E-002   3.8015507978007568E-002
  0.37900000000000028       0.62617950369019870       0.60317868946217101        2.3000814228027688E-002   3.8132670516819060E-002
  0.38000000000000028       0.63789818839966050       0.61439785004692904        2.3500338352731465E-002   3.8249382465997329E-002
  0.38100000000000028       0.64949163720838421       0.62549413310973756        2.3997504098646649E-002   3.8365674158028426E-002
  0.38200000000000028       0.66095750637942796       0.63646531943097284        2.4492186948455119E-002   3.8481573466331485E-002
  0.38300000000000028       0.67229347722303012       0.64730921480994252        2.4984262413087599E-002   3.8597106052975422E-002
  0.38400000000000029       0.68349725656535631       0.65802365050371825        2.5473606061638066E-002   3.8712295587154014E-002
  0.38500000000000029       0.69456657721223791       0.66860648366087738        2.5960093551360530E-002   3.8827163938373800E-002
  0.38600000000000029       0.70549919840780650       0.67905559775006563        2.6443600657740873E-002   3.8941731347708806E-002
  0.38700000000000029       0.71629290628793263       0.68936890298329689        2.6924003304635735E-002   3.9056016579976330E-002
  0.38800000000000029       0.72694551432837717       0.69954433673390326        2.7401177594473913E-002   3.9170037059276394E-002
  0.38900000000000029       0.73745486378756409       0.70957986394905392        2.7874999838510162E-002   3.9283808989979338E-002
  0.39000000000000029       0.74781882414388534       0.71947347755675872        2.8345346587126619E-002   3.9397347464959855E-002
  0.39100000000000029       0.75803529352744914       0.72922319886727593        2.8812094660173204E-002   3.9510666562621553E-002
  0.39200000000000029       0.76810219914618416       0.73882707796884362        2.9275121177340546E-002   3.9623779434049218E-002
  0.39300000000000029       0.77801749770621365       0.74828319411765543        2.9734303588558220E-002   3.9736698381445917E-002
  0.39400000000000029       0.78777917582641388       0.75758965612200313        3.0189519704410750E-002   3.9849434928859423E-002
  0.39500000000000030       0.79738525044707287       0.76674460272050848        3.0640647726564385E-002   3.9961999886073442E-002
  0.39600000000000030       0.80683376923256667       0.77574620295436925        3.1087566278197420E-002   4.0074403406427046E-002
  0.39700000000000030       0.81612281096797101       0.78459265653354493        3.1530154434426083E-002   4.0186655039229295E-002
  0.39800000000000030       0.82525048594952888       0.79328219419680901        3.1968291752719868E-002   4.0298763777356014E-002
  0.39900000000000030       0.83421493636889310       0.80181307806559488        3.2401858303298225E-002   4.0410738100542042E-002
  0.40000000000000030       0.84301433669106740       0.81018360199156603        3.2830734699501374E-002   4.0522586014821789E-002
  0.40100000000000030       0.85164689402596794       0.81839209189783990        3.3254802128128036E-002   4.0634315088517795E-002
  0.40200000000000030       0.86011084849353026       0.82643690611379794        3.3673942379732313E-002   4.0745932485129734E-002
  0.40300000000000030       0.86840447358228734       0.83431643570341385        3.4088037878873489E-002   4.0857444993438005E-002
  0.40400000000000030       0.87652607650134573       0.84202910478703563        3.4496971714310098E-002   4.0968859055097631E-002
  0.40500000000000030       0.88447399852568775       0.84957337085655638        3.4900627669131379E-002   4.1080180789969778E-002
  0.40600000000000031       0.89224661533472949       0.85694772508391059        3.5298890250818893E-002   4.1191416019410634E-002
  0.40700000000000031       0.89984233734406605       0.86415069262283484        3.5691644721231208E-002   4.1302570287713808E-002
  0.40800000000000031       0.90725961003033562       0.87118083290383208        3.6078777126503536E-002   4.1413648881880531E-002
  0.40900000000000031       0.91449691424913637       0.87803673992228071        3.6460174326855666E-002   4.1524656849875018E-002
  0.41000000000000031       0.92155276654593110       0.88471704251963079        3.6835724026300309E-002   4.1635599017505048E-002
  0.41100000000000031       0.92842571945987606       0.89122040465763130        3.7205314802244760E-002   4.1746480004054044E-002
  0.41200000000000031       0.93511436182051177       0.89754552568553325        3.7568836134978523E-002   4.1857304236778352E-002
  0.41300000000000031       0.94161731903725554       0.90369114060021549        3.7926178437040048E-002   4.1968075964372249E-002
  0.41400000000000031       0.94793325338163514       0.90965602029918124        3.8277233082453899E-002   4.2078799269491679E-002
  0.41500000000000031       0.95406086426220738       0.91543897182637435        3.8621892435833027E-002   4.2189478080422171E-002
  0.41600000000000031       0.95999888849210324       0.92103883861076641        3.8960049881336833E-002   4.2300116181964241E-002
  0.41700000000000031       0.96574610054914667       0.92645450069766755        3.9291599851479120E-002   4.2410717225606374E-002
  0.41800000000000032       0.97130131282849164       0.93168487497271313        3.9616437855778508E-002   4.2521284739047399E-002
  0.41900000000000032       0.97666337588772678       0.93672891537848335        3.9934460509243430E-002   4.2631822135124328E-002
  0.42000000000000032       0.98183117868439629       0.94158561312371114        4.0245565560685148E-002   4.2742332720197847E-002
  0.42100000000000032       0.98680364880588822       0.94625399688503697        4.0549651920851248E-002   4.2852819702042154E-002
  0.42200000000000032       0.99157975269164322       0.95073313300127038        4.0846619690372843E-002   4.2963286197282728E-002
  0.42300000000000032       0.99615849584763705       0.95502212566011913        4.1136370187517923E-002   4.3073735238420917E-002
  0.42400000000000032        1.0005389230530926       0.95912011707734857        4.1418805975743989E-002   4.3184169780481993E-002
  0.42500000000000032        1.0047201185593786       0.96302628766833576        4.1693830891042838E-002   4.3294592707319848E-002
  0.42600000000000032        1.0087012062810541       0.96673985621198344        4.1961350069070646E-002   4.3405006837609374E-002
  0.42700000000000032        1.0124813499790175       0.97026008000696196        4.2221269972055553E-002   4.3515414930554087E-002
  0.42800000000000032        1.0160597534357247       0.97358625502024676        4.2473498415477984E-002   4.3625819691337671E-002
  0.42900000000000033        1.0194356606224362       0.97671771602792279        4.2717944594513391E-002   4.3736223776340462E-002
  0.43000000000000033        1.0226083558584604       0.97965383674822715        4.2954519110233291E-002   4.3846629798146429E-002
  0.43100000000000033        1.0255771639623603       0.98239402996680314        4.3183133995557177E-002   4.3957040330361546E-002
  0.43200000000000033        1.0283414503950885       0.98493774765414144        4.3403702740947070E-002   4.4067457912262062E-002
  0.43300000000000033        1.0309006213950243       0.98728448107518385        4.3616140319840402E-002   4.4177885053293911E-002
  0.43400000000000033        1.0332541241048809       0.98943376089106894        4.3820363213811997E-002   4.4288324237438642E-002
  0.43500000000000033        1.0354014466904586       0.99138515725299803        4.4016289437460610E-002   4.4398777927464779E-002
  0.43600000000000033        1.0373421184512153       0.99313827988820369        4.4203838563011577E-002   4.4509248569078966E-002
  0.43700000000000033        1.0390757099226340       0.99469277817800272        4.4382931744631260E-002   4.4619738594994428E-002
  0.43800000000000033        1.0406018329703624       0.99604834122791908        4.4553491742443274E-002   4.4730250428928121E-002
  0.43900000000000033        1.0419201408761063       0.99720469792986155        4.4715442946244743E-002   4.4840786489545606E-002
  0.44000000000000034        1.0430303284152560       0.99816161701634443        4.4868711398911576E-002   4.4951349194362854E-002
  0.44100000000000034        1.0439321319262305       0.99891890710674014        4.5013224819490327E-002   4.5061940963622593E-002
  0.44200000000000034        1.0446253293715220       0.99947641674555510        4.5148912625966875E-002   4.5172564224154978E-002
  0.44300000000000034        1.0451097403904281       0.99983403443272001        4.5275705957708134E-002   4.5283221413238248E-002
  0.44400000000000034        1.0453852263434602       0.99999168864588961        4.5393537697570596E-002   4.5393914982472472E-002
  0.44500000000000034        1.0454516903484141       0.99994934785474665        4.5502342493667469E-002   4.5504647401677360E-002
  0.44600000000000034        1.0453090773080993       0.99970702052730842        4.5602056780790878E-002   4.5615421162829767E-002
  0.44700000000000034        1.0449573739297149       0.99926475512823254        4.5692618801482343E-002   4.5726238784053533E-002
  0.44800000000000034        1.0443966087358687       0.99862264010912460        4.5773968626744099E-002   4.5837102813673584E-002
  0.44900000000000034        1.0436268520672367       0.99778080389084800        4.5846048176388710E-002   4.5948015834351555E-002
  0.45000000000000034        1.0426482160768575       0.99673941483784023        4.5908801239017305E-002   4.6058980467313236E-002
  0.45100000000000035        1.0414608547160649       0.99549868122444041        4.5962173491624458E-002   4.6169999376686310E-002
  0.45200000000000035        1.0400649637120567       0.99405885119323545        4.6006112518821252E-002   4.6281075273960928E-002
  0.45300000000000035        1.0384607805371053       0.99242021270543190        4.6040567831673429E-002   4.6392210922591409E-002
  0.45400000000000035        1.0366485843694115       0.99058309348326512        4.6065490886146421E-002   4.6503409142753201E-002
  0.45500000000000035        1.0346286960456104       0.98854786094445557        4.6080835101154793E-002   4.6614672816275488E-002
  0.45600000000000035        1.0324014780049353       0.98631492212872673        4.6086555876208579E-002   4.6726004891765892E-002
  0.45700000000000035        1.0299673342250513       0.98388472361639845        4.6082610608652819E-002   4.6837408389948459E-002
  0.45800000000000035        1.0273267101495662       0.98125775143907212        4.6068958710494101E-002   4.6948886409234745E-002
  0.45900000000000035        1.0244800926072362       0.97843453098242650        4.6045561624809661E-002   4.7060442131550931E-002
  0.46000000000000035        1.0214280097228761       0.97541562688114192        4.6012382841734145E-002   4.7172078828444819E-002
  0.46100000000000035        1.0181710308199945       0.97220164290597522        4.5969387914019277E-002   4.7283799867498401E-002
  0.46200000000000035        1.0147097663151685       0.96879322184300787        4.5916544472160647E-002   4.7395608719072342E-002
  0.46300000000000036        1.0110448676041786       0.96519104536509059        4.5853822239087960E-002   4.7507508963412950E-002
  0.46400000000000036        1.0071770269399254       0.96139583389551142        4.5781193044413970E-002   4.7619504298153287E-002
  0.46500000000000036        1.0031069773021515       0.95740834646391315        4.5698630838238330E-002   4.7731598546243523E-002
  0.46600000000000036       0.99883549225898960       0.95322938055449014        4.5606111704499463E-002   4.7843795664345289E-002
  0.46700000000000036       0.99436338582036732       0.94885977194649385        4.5503613873873472E-002   4.7956099751733830E-002
  0.46800000000000036       0.98969151228329322       0.94430039454708004        4.5391117736213182E-002   4.8068515059748941E-002
  0.46900000000000036       0.98482076606905500       0.93955216021653032        4.5268605852524679E-002   4.8181046001844134E-002
  0.47000000000000036       0.97975208155236015       0.93461601858588272        4.5136062966477430E-002   4.8293697164286123E-002
  0.47100000000000036       0.97448643288245151       0.92949295686700906        4.4993476015442457E-002   4.8406473317559609E-002
  0.47200000000000036       0.96902483379623239       0.92418399965517573        4.4840834141056662E-002   4.8519379428541634E-002
  0.47300000000000036       0.96336833742343675       0.91869020872412788        4.4678128699308872E-002   4.8632420673512589E-002
  0.47400000000000037       0.95751803608388186       0.91301268281373860        4.4505353270143266E-002   4.8745602452077534E-002
  0.47500000000000037       0.95147506107684232       0.90715255741026424        4.4322503666578084E-002   4.8858930402081217E-002
  0.47600000000000037       0.94524058246258602       0.90111100451925119        4.4129577943334830E-002   4.8972410415604968E-002
  0.47700000000000037       0.93881580883611426       0.89488923243113838        4.3926576404975881E-002   4.9086048656145860E-002
  0.47800000000000037       0.93220198709315005       0.88848848547960357        4.3713501613546479E-002   4.9199851577086062E-002
  0.47900000000000037       0.92540040218841857       0.88191004379270055        4.3490358395718021E-002   4.9313825941572735E-002
  0.48000000000000037       0.91841237688626853       0.87515522303683790        4.3257153849430630E-002   4.9427978843942531E-002
  0.48100000000000037       0.91123927150368078       0.86822537415364998        4.3013897350030805E-002   4.9542317732836301E-002
  0.48200000000000037       0.90388248364571577       0.86112188308981308        4.2760600555902695E-002   4.9656850436168583E-002
  0.48300000000000037       0.89634344793345000       0.85384617051986100        4.2497277413588996E-002   4.9771585188131358E-002
  0.48400000000000037       0.88862363572445513       0.84639969156205452        4.2223944162400606E-002   4.9886530658435291E-002
  0.48500000000000038       0.88072455482587353       0.83878393548736285        4.1940619338510676E-002   5.0001695984010122E-002
  0.48600000000000038       0.87264774920014709       0.83100042542161412        4.1647323778532974E-002   5.0117090803416739E-002
  0.48700000000000038       0.86439479866345548       0.82305071804087571        4.1344080622579771E-002   5.0232725294246661E-002
  0.48800000000000038       0.85596731857692376       0.81493640326012384        4.1030915316799921E-002   5.0348610213824314E-002
  0.48900000000000038       0.84736695953065944       0.80665910391526607        4.0707855615393362E-002   5.0464756943559445E-002
  0.49000000000000038       0.83859540702067970       0.79822047543857955        4.0374931582100149E-002   5.0581177537341773E-002
  0.49100000000000038       0.82965438111879386       0.78962220552762985        4.0032175591164010E-002   5.0697884774421068E-002
  0.49200000000000038       0.82054563613550380       0.78086601380773724        3.9679622327766562E-002   5.0814892217266323E-002
  0.49300000000000038       0.81127096027598999       0.77195365148805761        3.9317308787932381E-002   5.0932214274966268E-002
  0.49400000000000038       0.80183217528924910       0.76288690101134593        3.8945274277903175E-002   5.1049866272804133E-002
  0.49500000000000038       0.79223113611045304       0.75366757569747411        3.8563560412978926E-002   5.1167864528722316E-002
  0.49600000000000039       0.78246973049659907       0.74429751938077282        3.8172211115826249E-002   5.1286226437492463E-002
  0.49700000000000039       0.77254987865552305       0.73477860604127077        3.7771272614252283E-002   5.1404970563515236E-002
  0.49800000000000039       0.76247353286834774       0.72511273942990517        3.7360793438442563E-002   5.1524116743302838E-002
  0.49900000000000039       0.75224267710544135       0.71530185268777779        3.6940824417663554E-002   5.1643686198849896E-002
  0.50000000000000033       0.74185932663596121       0.70534790795953284        3.6511418676428375E-002   5.1763701663269275E-002
  0.50100000000000033       0.73132552763105996       0.69525289600093521        3.6072631630124752E-002   5.1884187520272088E-002
  0.50200000000000033       0.72064335676083158       0.68501883578072542        3.5624520980106156E-002   5.2005169959311259E-002
  0.50300000000000034       0.70981492078507702       0.67464777407683285        3.5167146708244168E-002   5.2126677148480634E-002
  0.50400000000000034       0.69884235613797030       0.66414178506702692        3.4700571070943376E-002   5.2248739427592714E-002
  0.50500000000000034       0.68772782850670655       0.65350296991408852        3.4224858592618035E-002   5.2371389524239406E-002
  0.50600000000000034       0.67647353240421515       0.64273345634558432        3.3740076058630830E-002   5.2494662796096145E-002
  0.50700000000000034       0.66508169073602241       0.63183539822832846        3.3246292507693953E-002   5.2618597503268770E-002
  0.50800000000000034       0.65355455436134879       0.62081097513761629        3.2743579223732500E-002   5.2743235115123681E-002
  0.50900000000000034       0.64189440164852807       0.60966239192131677        3.2232009727211297E-002   5.2868620656809633E-002
  0.51000000000000034       0.63010353802483499       0.59839187825890994        3.1711659765925049E-002   5.2994803101595857E-002
  0.51100000000000034       0.61818429552081222       0.58700168821555865        3.1182607305253573E-002   5.3121835816258678E-002
  0.51200000000000034       0.60613903230918453       0.57549409979130306        3.0644932517881474E-002   5.3249777068078610E-002
  0.51300000000000034       0.59397013223845263       0.56387141446546807        3.0098717772984562E-002   5.3378690603631991E-002
  0.51400000000000035       0.58168000436125888       0.55213595673637528        2.9544047624883607E-002   5.3508646311527595E-002
  0.51500000000000035       0.56927108245761748       0.54029007365645110        2.8981008801166386E-002   5.3639720983647485E-002
  0.51600000000000035       0.55674582455310384       0.52833613436282389        2.8409690190279946E-002   5.3771999192412191E-002
  0.51700000000000035       0.54410671243209863       0.51627652960350456        2.7830182828594063E-002   5.3905574305241760E-002
  0.51800000000000035       0.53135625114618279       0.50411367125924500        2.7242579886937790E-002   5.4040549661919499E-002
  0.51900000000000035       0.51849696851778060       0.49184999186116984        2.6646976656610755E-002   5.4177039946220355E-002
  0.52000000000000035       0.50553141463914919       0.47948794410427847        2.6043470534870716E-002   5.4315172790260630E-002
  0.52100000000000035       0.49246216136681420       0.46703000035691405        2.5432161009900145E-002   5.4455090658981985E-002
  0.52200000000000035       0.47929180181155134       0.45447865216629818        2.4813149645253163E-002   5.4596953073548962E-002
  0.52300000000000035       0.46602294982401515       0.44183640976022975        2.4186540063785400E-002   5.4740939246972986E-002
  0.52400000000000035       0.45265823947611666       0.42910580154504785        2.3552437931068815E-002   5.4887251223976433E-002
  0.52500000000000036       0.43920032453825336       0.41628937359995866        2.2910950938294705E-002   5.5036117641358358E-002
  0.52600000000000036       0.42565187795249482       0.40338968916782841        2.2262188784666403E-002   5.5187798256797593E-002
  0.52700000000000036       0.41201559130182863       0.39040932814254314        2.1606263159285488E-002   5.5342589435764665E-002
  0.52800000000000036       0.39829417427557195       0.37735088655303861        2.0943287722533344E-002   5.5500830841667195E-002
  0.52900000000000036       0.38449035413105492       0.36421697604410314        2.0273378086951788E-002   5.5662913648750076E-002
  0.53000000000000036       0.37060687515168278       0.35101022335405735        1.9596651797625431E-002   5.5829290698062264E-002
  0.53100000000000036       0.35664649810148441       0.33773326978941531        1.8913228312069097E-002   5.6000489154834944E-002
  0.53200000000000036       0.34261199967625566       0.32438877069663197        1.8223228979623696E-002   5.6177126416826678E-002
  0.53300000000000036       0.32850617195140663       0.31097939493104271        1.7526777020363926E-002   5.6359930291363367E-002
  0.53400000000000036       0.31433182182662239       0.29750782432310124        1.6823997503521149E-002   5.6549764839965516E-002
  0.53500000000000036       0.30009177046744784       0.28397675314202248        1.6115017325425363E-002   5.6747663839109813E-002
  0.53600000000000037       0.28578885274390797       0.27038888755693757        1.5399965186970399E-002   5.6954874610841866E-002
  0.53700000000000037       0.27142591666627458       0.25674694509566909        1.4678971570605492E-002   5.7172916176805186E-002
  0.53800000000000037       0.25700582281809242       0.24305365410123467        1.3952168716857755E-002   5.7403657511137497E-002
  0.53900000000000037       0.24253144378657701       0.22931175318618738        1.3219690600389633E-002   5.7649424491801070E-002
  0.54000000000000037       0.22800566359049798       0.21552399068490236        1.2481672905595625E-002   5.7913148628747885E-002
  0.54100000000000037       0.21343137710566165       0.20169312410391915        1.1738253001742499E-002   5.8198577933150322E-002
  0.54200000000000037       0.19881148948810723       0.18782191957044952        1.0989569917657704E-002   5.8510582485744755E-002
  0.54300000000000037       0.18414891559513166       0.17391315127916127        1.0235764315970397E-002   5.8855608334876242E-002
  0.54400000000000037       0.16944657940425847       0.15996960093734855        9.4769784669099244E-003   5.9242371121632949E-002
  0.54500000000000037       0.15470741343026626       0.14599405720859970        8.7133562216665517E-003   5.9682951404088358E-002
  0.54600000000000037       0.13993435814039318       0.13198931515507376        7.9450429853194227E-003   6.0194592084857938E-002
  0.54700000000000037       0.12513036136783406       0.11795817567849741        7.1721856893366548E-003   6.0802785801680317E-002
  0.54800000000000038       0.11029837772364687       0.10390344495999394        6.3949327636529246E-003   6.1546879086782663E-002
  0.54900000000000038        9.5441368007186098E-002   8.9827933898856405E-002   5.6134341083296929E-003   6.2490963163532781E-002
  0.55000000000000038        8.0562298615180605E-002   7.5734457550377082E-002   4.8278410648035230E-003   6.3746955097580743E-002
  0.55100000000000038        6.5664140949573679E-002   6.1625834562845858E-002   4.0383063867278218E-003   6.5529439323204097E-002
  0.55200000000000038        5.0749870824243710E-002   4.7504886613829927E-002   3.2449842104137830E-003   6.8308429757815328E-002
  0.55300000000000038        3.5822467870723830E-002   3.3374437845847697E-002   2.4480300248761327E-003   7.3350449711940421E-002
  0.55400000000000038        2.0884914943039099E-002   1.9237314301549707E-002   1.6476006414893919E-003   8.5646084253905727E-002
  0.55500000000000038        5.9401975217802227E-003   5.0963433585194933E-003   8.4385416326072937E-004  0.16558031982873936     
  0.55600000000000038       -9.0086968824672608E-003  -9.0456468361924773E-003   3.6949953725216519E-005   4.0848326708241922E-003
  0.55700000000000038       -2.3958779326219100E-002  -2.3185827931688798E-002   7.7295139453030168E-004   3.3337235004400459E-002
  0.55800000000000038       -3.8907060030594444E-002  -3.7321371938885878E-002   1.5856880917085661E-003   4.2487400900083371E-002
  0.55900000000000039       -5.3850548979104546E-002  -5.1449451796102330E-002   2.4010971830022154E-003   4.6669052811639793E-002
  0.56000000000000039       -6.8786256515608532E-002  -6.5567241934461881E-002   3.2190145811466508E-003   4.9094860271295775E-002
  0.56100000000000039       -8.3711193942316700E-002  -7.9671918842997735E-002   4.0392750993189647E-003   5.0698855481048473E-002
  0.56200000000000039       -9.8622374117721734E-002  -9.3760661633345330E-002   4.8617124843764042E-003   5.1852369636514704E-002
  0.56300000000000039      -0.11351681205433831      -0.10783065260391064        5.6861594504276636E-003   5.2732310461983109E-002
  0.56400000000000039      -0.12839152551613134      -0.12187907780340111        6.5124477127302266E-003   5.3433680579986244E-002
  0.56500000000000039      -0.14324353561551351      -0.13590312759360648        7.3404080219070245E-003   5.4012061031127816E-002
  0.56600000000000039      -0.15806986740979245      -0.14989999721131708        8.1698701984753708E-003   5.4502137094493322E-002
  0.56700000000000039      -0.17286755049694830      -0.16386688732926719        9.0006631676811111E-003   5.4926674414676344E-002
  0.56800000000000039      -0.18763361961062217      -0.17780100461599105        9.8326149946311170E-003   5.5301234185190833E-002
  0.56900000000000039      -0.20236511521419664      -0.19169956229447993        1.0665552919716714E-002   5.5636814148447504E-002
  0.57000000000000040      -0.21705908409384900      -0.20555978069952821        1.1499303394320787E-002   5.5941407191563416E-002
  0.57100000000000040      -0.23171257995045852      -0.21937888783365717        1.2333692116801354E-002   5.6220962001381408E-002
  0.57200000000000040      -0.24632266399024927      -0.23315411992150517        1.3168544068744098E-002   5.6479997321846533E-002
  0.57300000000000040      -0.26088640551404996      -0.24688272196257366        1.4003683551476298E-002   5.6722007275985864E-002
  0.57400000000000040      -0.27540088250505257      -0.26056194828221796        1.4838934222834610E-002   5.6949736216902906E-002
  0.57500000000000040      -0.28986318221495239      -0.27418906308077307        1.5674119134179321E-002   5.7165369610537302E-002
  0.57600000000000040      -0.30427040174835118      -0.28776134098070449        1.6509060767646688E-002   5.7370669428294344E-002
  0.57700000000000040      -0.31861964864530701      -0.30127606757167474        1.7343581073632264E-002   5.7567071999524683E-002
  0.57800000000000040      -0.33290804146191316      -0.31473053995341616        1.8177501508497007E-002   5.7755759930979346E-002
  0.57900000000000040      -0.34713271034879023      -0.32812206727630217        1.9010643072488065E-002   5.7937715772343190E-002
  0.58000000000000040      -0.36129079762737493      -0.34144797127950810        1.9842826347866827E-002   5.8113762613700111E-002
  0.58100000000000041      -0.37537945836388986      -0.35470558682665448        2.0673871537235378E-002   5.8284595182705005E-002
  0.58200000000000041      -0.38939586094087930      -0.36789226243882545        2.1503598502053856E-002   5.8450803937822850E-002
  0.58300000000000041      -0.40333718762619597      -0.38100536082485559        2.2331826801340382E-002   5.8612893931448126E-002
  0.58400000000000041      -0.41720063513932448      -0.39404225940877952        2.3158375730544967E-002   5.8771299721232344E-002
  0.58500000000000041      -0.43098341521492772      -0.40700035085433822        2.3983064360589501E-002   5.8926397262917408E-002
  0.58600000000000041      -0.44468275516350314      -0.41987704358643768        2.4805711577065459E-002   5.9078513474287740E-002
  0.58700000000000041      -0.45829589842903556      -0.43266976230945520        2.5626136119580367E-002   5.9227933985486085E-002
  0.58800000000000041      -0.47182010514353528      -0.44537594852229001        2.6444156621245274E-002   5.9374909464653784E-002
  0.58900000000000041      -0.48525265267834916      -0.45799306103005494        2.7259591648294224E-002   5.9519660815353190E-002
  0.59000000000000041      -0.49859083619213435      -0.47051857645230688        2.8072259739827465E-002   5.9662383473764825E-002
  0.59100000000000041      -0.51183196917538387      -0.48294998972771452        2.8881979447669348E-002   5.9803250982473168E-002
  0.59200000000000041      -0.52497338399139493      -0.49528481461506219        2.9688569376332741E-002   5.9942417979050790E-002
  0.59300000000000042      -0.53801243241357100      -0.50752058419048984        3.0491848223081153E-002   6.0080022708274075E-002
  0.59400000000000042      -0.55094648615894870      -0.51965485134086975        3.1291634818078951E-002   6.0216189144269287E-002
  0.59500000000000042      -0.56377293741784373      -0.53168518925322072        3.2087748164623009E-002   6.0351028791476975E-002
  0.59600000000000042      -0.57648919937950693      -0.54360919190006274        3.2880007479444195E-002   6.0484642219752721E-002
  0.59700000000000042      -0.58909270675368663      -0.55542447452061450        3.3668232233072137E-002   6.0617120378303649E-002
  0.59800000000000042      -0.60158091628799037      -0.56712867409773737        3.4452242190253002E-002   6.0748545724767213E-002
  0.59900000000000042      -0.61395130728094338      -0.57871944983053136        3.5231857450412019E-002   6.0878993199086531E-002
  0.60000000000000042      -0.62620138209063880      -0.59019448360248705        3.6006898488151751E-002   6.1008531066521168E-002
  0.60100000000000042      -0.63832866663887800      -0.60155148044510154        3.6777186193776457E-002   6.1137221649864758E-002
  0.60200000000000042      -0.65033071091069916      -0.61278816899686417        3.7542541913834993E-002   6.1265121967501807E-002
  0.60300000000000042      -0.66220508944919254      -0.62390230195752150        3.8302787491671042E-002   6.1392284291137134E-002
  0.60400000000000043      -0.67394940184550378      -0.63489165653752977        3.9057745307974012E-002   6.1518756634763284E-002
  0.60500000000000043      -0.68556127322392513      -0.64575403490260541        3.9807238321319716E-002   6.1644583184561230E-002
  0.60600000000000043      -0.69703835472197739      -0.65648726461328444        4.0551090108692955E-002   6.1769804677902322E-002
  0.60700000000000043      -0.70837832396538492      -0.66708919905940345        4.1289124905981467E-002   6.1894458738350408E-002
  0.60800000000000043      -0.71957888553784799      -0.67755771788941421        4.2021167648433777E-002   6.2018580172519190E-002
  0.60900000000000043      -0.73063777144551800      -0.68789072743444690        4.2747044011071100E-002   6.2142201233763128E-002
  0.61000000000000043      -0.74155274157608042      -0.69808616112703714        4.3466580449043279E-002   6.2265351856951173E-002
  0.61100000000000043      -0.75232158415235373      -0.70814197991443228        4.4179604237921444E-002   6.2388059867965813E-002
  0.61200000000000043      -0.76294211618031182      -0.71805617266639532        4.4885943513916504E-002   6.2510351171050027E-002
  0.61300000000000043      -0.77341218389143951      -0.72782675657742435        4.5585427314015159E-002   6.2632249916695526E-002
  0.61400000000000043      -0.78372966317933113      -0.73745177756330682        4.6277885616024306E-002   6.2753778652396786E-002
  0.61500000000000044      -0.79389246003044445      -0.74692931065193013        4.6963149378514313E-002   6.2874958458283337E-002
  0.61600000000000044      -0.80389851094892184      -0.75625746036826935        4.7641050580652489E-002   6.2995809069378392E-002
  0.61700000000000044      -0.81374578337539316      -0.76543436111347618        4.8311422261916981E-002   6.3116348986003754E-002
  0.61800000000000044      -0.82343227609967473      -0.77445817753799218        4.8974098561682555E-002   6.3236595573658405E-002
  0.61900000000000044      -0.83295601966728117      -0.78332710490861290        4.9628914758668263E-002   6.3356565153529623E-002
  0.62000000000000044      -0.84231507677966766      -0.79203936946942821        5.0275707310239448E-002   6.3476273084655088E-002
  0.62100000000000044      -0.85150754268812079      -0.80059322879656791        5.0914313891552876E-002   6.3595733838626170E-002
  0.62200000000000044      -0.86053154558121792      -0.80898697214668047        5.1544573434537444E-002   6.3714961067619896E-002
  0.62300000000000044      -0.86938524696577746      -0.81721892079907588        5.2166326166701582E-002   6.3833967666452704E-002
  0.62400000000000044      -0.87806684204122076      -0.82528742839146441        5.2779413649756357E-002   6.3952765829265887E-002
  0.62500000000000044      -0.88657456006727087      -0.83319088124922358        5.3383678818047287E-002   6.4071367101387167E-002
  0.62600000000000044      -0.89490666472491276      -0.84092769870812745        5.3978966016785312E-002   6.4189782426848738E-002
  0.62700000000000045      -0.90306145447054120      -0.84849633343047459        5.4565121040066611E-002   6.4308022191987058E-002
  0.62800000000000045      -0.91103726288322462      -0.85589527171455027        5.5141991168674354E-002   6.4426096265507549E-002
  0.62900000000000045      -0.91883245900501398      -0.86312303379736155        5.5709425207652430E-002   6.4544014035351913E-002
  0.63000000000000045      -0.92644544767422665      -0.87017817415058518        5.6267273523641470E-002   6.4661784442670206E-002
  0.63100000000000045      -0.93387466985163836      -0.87705928176966852        5.6815388081969842E-002   6.4779416013170457E-002
  0.63200000000000045      -0.94111860293951521      -0.88376498045602558        5.7353622483489630E-002   6.4896916886087716E-002
  0.63300000000000045      -0.94817576109342172      -0.89029392909227212        5.7881832001149602E-002   6.5014294840991319E-002
  0.63400000000000045      -0.95504469552674032      -0.89664482191044481        5.8399873616295506E-002   6.5131557322625544E-002
  0.63500000000000045      -0.96172399480784021      -0.90281638875315040        5.8907606054689809E-002   6.5248711463961287E-002
  0.63600000000000045      -0.96821228514983482      -0.90880739532759303        5.9404889822241791E-002   6.5365764107617574E-002
  0.63700000000000045      -0.97450823069286785      -0.91461664345242832        5.9891587240439526E-002   6.5482721825797008E-002
  0.63800000000000046      -0.98061053377887086      -0.92024297129739629        6.0367562481474568E-002   6.5599590938864652E-002
  0.63900000000000046      -0.98651793521873532      -0.92568525361568299        6.0832681603052330E-002   6.5716377532690232E-002
  0.64000000000000046      -0.99222921455184399      -0.93094240196896627        6.1286812582877714E-002   6.5833087474858359E-002
  0.64100000000000046      -0.99774319029790892      -0.93601336494510001        6.1729825352808909E-002   6.5949726429845951E-002
  0.64200000000000046       -1.0030587202010635      -0.94089712836839268        6.2161591832670782E-002   6.6066299873255047E-002
  0.64300000000000046       -1.0081747014661584      -0.94559271550243940        6.2581985963719000E-002   6.6182813105181496E-002
  0.64400000000000046       -1.0130900709872133      -0.95009918724546594        6.2990883741747328E-002   6.6299271262794071E-002
  0.64500000000000046       -1.0178038055679748      -0.95441564231814568        6.3388163249829099E-002   6.6415679332191030E-002
  0.64600000000000046       -1.0223149221345389      -0.95854121744385290        6.3773704690685995E-002   6.6532042159597141E-002
  0.64700000000000046       -1.0266224779399895      -0.96247508752131472        6.4147390418674788E-002   6.6648364461957252E-002
  0.64800000000000046       -1.0307255707610132      -0.96621646578962916        6.4509104971384068E-002   6.6764650836978592E-002
  0.64900000000000047       -1.0346233390864488      -0.96976460398561415        6.4858735100834619E-002   6.6880905772672181E-002
  0.65000000000000047       -1.0383149622977321      -0.97311879249345801        6.5196169804274118E-002   6.6997133656436308E-002
  0.65100000000000047       -1.0417996608411983      -0.97627836048664030        6.5521300354558054E-002   6.7113338783723525E-002
  0.65200000000000047       -1.0450766963922049      -0.97924267606209459        6.5834020330110321E-002   6.7229525366330881E-002
  0.65300000000000047       -1.0481453720110432      -0.98201114636658715        6.6134225644456035E-002   6.7345697540349470E-002
  0.65400000000000047       -1.0510050322906030      -0.98458321771528567        6.6421814575317373E-002   6.7461859373805347E-002
  0.65500000000000047       -1.0536550634957607      -0.98695837570249434        6.6696687793266318E-002   6.7578014874024595E-002
  0.65600000000000047       -1.0560948936944603      -0.98913614530453309        6.6958748389927214E-002   6.7694167994752738E-002
  0.65700000000000047       -1.0583239928804606      -0.99111609097474107        6.7207901905719569E-002   6.7810322643053922E-002
  0.65800000000000047       -1.0603418730877221      -0.99289781673058430        6.7444056357137794E-002   6.7926482686020709E-002
  0.65900000000000047       -1.0621480884964076      -0.99448096623285098        6.7667122263556645E-002   6.8042651957315431E-002
  0.66000000000000048       -1.0637422355304755      -0.99586522285691792        6.7877012673557613E-002   6.8158834263569737E-002
  0.66100000000000048       -1.0651239529468441      -0.99705030975607478        6.8073643190769362E-002   6.8275033390665471E-002
  0.66200000000000048       -1.0662929219161066      -0.99803598991689202        6.8256931999214565E-002   6.8391253109918837E-002
  0.66300000000000048       -1.0672488660947796      -0.99882206620662339        6.8426799888156253E-002   6.8507497184189164E-002
  0.66400000000000048       -1.0679915516890697      -0.99940838141263122        6.8583170276438454E-002   6.8623769373935384E-002
  0.66500000000000048       -1.0685207875101406      -0.99979481827382877        6.8725969236311801E-002   6.8740073443238028E-002
  0.66600000000000048       -1.0688364250208737      -0.99998129950413195        6.8855125516741778E-002   6.8856413165811675E-002
  0.66700000000000048       -1.0689383583741048      -0.99996778780791640        6.8970570566188383E-002   6.8972792331023491E-002
  0.66800000000000048       -1.0688265244423318      -0.99975428588747628        6.9072238554855558E-002   6.9089214749942798E-002
  0.66900000000000048       -1.0685009028388839      -0.99934083644248406        6.9160066396399822E-002   6.9205684261437916E-002
  0.67000000000000048       -1.0679615159305476      -0.99872752216145055        6.9233993769097002E-002   6.9322204738345938E-002
  0.67100000000000048       -1.0672084288416435      -0.99791446570518760        6.9293963136455861E-002   6.9438780093731278E-002
  0.67200000000000049       -1.0662417494495533      -0.99690182968227603        6.9339919767277269E-002   6.9555414287259046E-002
  0.67300000000000049       -1.0650616283716947      -0.99568981661654499        6.9371811755149726E-002   6.9672111331701855E-002
  0.67400000000000049       -1.0636682589439463      -0.99427866890656746        6.9389590037378879E-002   6.9788875299606201E-002
  0.67500000000000049       -1.0620618771905235      -0.99266866877718152        6.9393208413341956E-002   6.9905710330138607E-002
  0.67600000000000049       -1.0602427617853118      -0.99086013822304619        6.9382623562265655E-002   7.0022620636140051E-002
  0.67700000000000049       -1.0582112340046621      -0.98885343894424371        6.9357795060418392E-002   7.0139610511410794E-002
  0.67800000000000049       -1.0559676576716552      -0.98664897227394055        6.9318685397714686E-002   7.0256684338255743E-002
  0.67900000000000049       -1.0535124390918476      -0.98424717909812243        6.9265259993725126E-002   7.0373846595317369E-002
  0.68000000000000049       -1.0508460269805056      -0.98164853976741817        6.9197487213087383E-002   7.0491101865727143E-002
  0.68100000000000049       -1.0479689123813452      -0.97885357400103157        6.9115338380313585E-002   7.0608454845607738E-002
  0.68200000000000049       -1.0448816285767886      -0.97586284078279917        6.9018787793989400E-002   7.0725910352960275E-002
  0.68300000000000050       -1.0415847509897558      -0.97267693824939505        6.8907812740360730E-002   7.0843473336974216E-002
  0.68400000000000050       -1.0380788970770076      -0.96929650357070596        6.8782393506301664E-002   7.0961148887796741E-002
  0.68500000000000050       -1.0343647262140616      -0.96572221282239912        6.8642513391662496E-002   7.1078942246807553E-002
  0.68600000000000050       -1.0304429395717001      -0.96195478085070951        6.8488158720990566E-002   7.1196858817441214E-002
  0.68700000000000050       -1.0263142799840959      -0.95799496112947302        6.8319318854622835E-002   7.1314904176609212E-002
  0.68800000000000050       -1.0219795318085771      -0.95384354560943407        6.8135986199143073E-002   7.1433084086771612E-002
  0.68900000000000050       -1.0174395207770617      -0.94950136455985812        6.7938156217203560E-002   7.1551404508719510E-002
  0.69000000000000050       -1.0126951138391844      -0.94496928640248079        6.7725827436703634E-002   7.1669871615126640E-002
  0.69100000000000050       -1.0077472189971519      -0.94024821753782606        6.7499001459325858E-002   7.1788491804942331E-002
  0.69200000000000050       -1.0025967851323514      -0.93533910216392946        6.7257682968421939E-002   7.1907271718695043E-002
  0.69300000000000050      -0.99724480182375153      -0.93024292208750159        6.7001879736249936E-002   7.2026218254792079E-002
  0.69400000000000051      -0.99169229915812518      -0.92496069652756985        6.6731602630555331E-002   7.2145338586898866E-002
  0.69500000000000051      -0.98594034753213411      -0.91949348191163827        6.6446865620495843E-002   7.2264640182496995E-002
  0.69600000000000051      -0.97999005744631140      -0.91384237166440541        6.6147685781905996E-002   7.2384130822725434E-002
  0.69700000000000051      -0.97384257929098228      -0.90800849598908306        6.5834083301899216E-002   7.2503818623620819E-002
  0.69800000000000051      -0.96749910312416387      -0.90199302164135942        6.5506081482804457E-002   7.2623712058883613E-002
  0.69900000000000051      -0.96096085844148726      -0.89579715169605179        6.5163706745435479E-002   7.2743819984310273E-002
  0.70000000000000051      -0.95422911393818588      -0.88942212530649567        6.4806988631690210E-002   7.2864151664045529E-002
  0.70100000000000051      -0.94730517726319619      -0.88286921745671820        6.4435959806477983E-002   7.2984716798824054E-002
  0.70200000000000051      -0.94019039476541888      -0.87613973870644568        6.4050656058973199E-002   7.3105525556390313E-002
  0.70300000000000051      -0.93288615123218888      -0.86923503492899568        6.3651116303193200E-002   7.3226588604303783E-002
  0.70400000000000051      -0.92539386962000580      -0.86215648704210734        6.3237382577898460E-002   7.3347917145359223E-002
  0.70500000000000052      -0.91771501077757633      -0.85490551073176213        6.2809500045814204E-002   7.3469522955878469E-002
  0.70600000000000052      -0.90985107316122282      -0.84748355616905147        6.2367516992171357E-002   7.3591418427156621E-002
  0.70700000000000052      -0.90180359254271381      -0.83989210772014711        6.1911484822566698E-002   7.3713616610379756E-002
  0.70800000000000052      -0.89357414170957250      -0.83213268364943327        6.1441458060139231E-002   7.3836131265364077E-002
  0.70900000000000052      -0.88516433015792273      -0.82420683581585841        6.0957494342064322E-002   7.3958976913512581E-002
  0.71000000000000052      -0.87657580377793098      -0.81611614936256904        6.0459654415361941E-002   7.4082168895425252E-002
  0.71100000000000052      -0.86781024453190769      -0.80786224239988591        5.9948002132021783E-002   7.4205723433659318E-002
  0.71200000000000052      -0.85886937012512876      -0.79944676568168760        5.9422604443441163E-002   7.4329657701187338E-002
  0.71300000000000052      -0.84975493366944344      -0.79087140227526520        5.8883531394178235E-002   7.4453989896177381E-002
  0.71400000000000052      -0.84046872333973310      -0.78213786722471457        5.8330856115018537E-002   7.4578739323791887E-002
  0.71500000000000052      -0.83101256202328888      -0.77324790720793313        5.7764654815355754E-002   7.4703926485794339E-002
  0.71600000000000052      -0.82138830696217680      -0.76420330018728999        5.7185006774886804E-002   7.4829573178854331E-002
  0.71700000000000053      -0.81159784938865998      -0.75500585505403972        5.6591994334620255E-002   7.4955702602557531E-002
  0.71800000000000053      -0.80164311415375078      -0.74565741126654972        5.5985702887201061E-002   7.5082339478267299E-002
  0.71900000000000053      -0.79152605934896381      -0.73615983848241495        5.5366220866548854E-002   7.5209510180133818E-002
  0.72000000000000053      -0.78124867592134606      -0.72651503618453273        5.4733639736813333E-002   7.5337242879734631E-002
  0.72100000000000053      -0.77081298728185854      -0.71672493330121212        5.4088053980646422E-002   7.5465567706035533E-002
  0.72200000000000053      -0.76022104890718678      -0.70679148782039514        5.3429561086791644E-002   7.5594516922604466E-002
  0.72300000000000053      -0.74947494793505864      -0.69671668639806539        5.2758261536993256E-002   7.5724125124297798E-002
  0.72400000000000053      -0.73857680275314908      -0.68650254396092347        5.2074258792225603E-002   7.5854429455966779E-002
  0.72500000000000053      -0.72752876258165244      -0.67615110330340855        5.1377659278243892E-002   7.5985469856120688E-002
  0.72600000000000053      -0.71633300704960523      -0.66566443467914627        5.0668572370458964E-002   7.6117289328941656E-002
  0.72700000000000053      -0.70499174576504164      -0.65504463538690472        4.9947110378136927E-002   7.6249934248580578E-002
  0.72800000000000054      -0.69350721787906822      -0.64429382935114188        4.9213388527926338E-002   7.6383454700300890E-002
  0.72900000000000054      -0.68188169164394175      -0.63341416669722772        4.8467524946714025E-002   7.6517904863787997E-002
  0.73000000000000054      -0.67011746396523941      -0.62240782332142619        4.7709640643813223E-002   7.6653343444841038E-002
  0.73100000000000054      -0.65821685994820833      -0.61127700045572353        4.6939859492484803E-002   7.6789834162727971E-002
  0.73200000000000054      -0.64618223243838424      -0.60002392422758888        4.6158308210795362E-002   7.6927446301770341E-002
  0.73300000000000054      -0.63401596155657047      -0.58865084521475641        4.5365116341814060E-002   7.7066255337259540E-002
  0.73400000000000054      -0.62172045422826905      -0.57716003799511717        4.4560416233151878E-002   7.7206343647667555E-002
  0.73500000000000054      -0.60929814370765623      -0.56555380069181105        4.3744343015845177E-002   7.7347801327362867E-002
  0.73600000000000054      -0.59675148909619780      -0.55383445451361002        4.2917034582587776E-002   7.7490727116785271E-002
  0.73700000000000054      -0.58408297485599781      -0.54200434329068392        4.2078631565313884E-002   7.7635229470378195E-002
  0.73800000000000054      -0.57129511031797864      -0.53006583300584242        4.1229277312136214E-002   7.7781427786691129E-002
  0.73900000000000055      -0.55839042918498827      -0.51802131132134610        4.0369117863642168E-002   7.7929453830133721E-002
  0.74000000000000055      -0.54537148902993426      -0.50587318710138207        3.9498301928552193E-002   7.8079453380153818E-002
  0.74100000000000055      -0.53224087078904325      -0.49362388993029932        3.8616980858743932E-002   7.8231588151450135E-002
  0.74200000000000055      -0.51900117825034631      -0.48127586962669966        3.7725308623646647E-002   7.8386038038657915E-002
  0.74300000000000055      -0.50565503753749153      -0.46883159575348238        3.6823441784009148E-002   7.8543003751332885E-002
  0.74400000000000055      -0.49220509658898670      -0.45629355712393987        3.5911539465046827E-002   7.8702709920781155E-002
  0.74500000000000055      -0.47865402463297435      -0.44366426130400322        3.4989763328971135E-002   7.8865408780347535E-002
  0.74600000000000055      -0.46500451165764423      -0.43094623411073729        3.4058277546906934E-002   7.9031384546581776E-002
  0.74700000000000055      -0.45125926787738746      -0.41814201910718596        3.3117248770201502E-002   7.9200958662114920E-002
  0.74800000000000055      -0.43742102319479920      -0.40525417709366784        3.2166846101131352E-002   7.9374496104691633E-002
  0.74900000000000055      -0.42349252665863546      -0.39228528559562470        3.1207241063010760E-002   7.9552413024177995E-002
  0.75000000000000056      -0.40947654591783278      -0.37923793834812508        3.0238607569707698E-002   7.9735186045521322E-002
  0.75100000000000056      -0.39537586667169833      -0.36611474477712586        2.9261121894572473E-002   7.9923363677650627E-002
  0.75200000000000056      -0.38119329211638031      -0.35291832947759583        2.8274962638784484E-002   8.0117580406317362E-002
  0.75300000000000056      -0.36693164238772796      -0.33965133168860540        2.7280310699122567E-002   8.0318574237575310E-002
  0.75400000000000056      -0.35259375400065235      -0.32631640476548757        2.6277349235164782E-002   8.0527208719553697E-002
  0.75500000000000056      -0.33818247928509920      -0.31291621564917571        2.5266263635923492E-002   8.0744500835490812E-002
  0.75600000000000056      -0.32370068581874589      -0.29945344433282434        2.4247241485921556E-002   8.0971656679200588E-002
  0.75700000000000056      -0.30915125585653558      -0.28593078332581934        2.3220472530716241E-002   8.1210117569805049E-002
  0.75800000000000056      -0.29453708575716153      -0.27235093711528502        2.2186148641876513E-002   8.1461620352292777E-002
  0.75900000000000056      -0.27986108540661614      -0.25871662162519588        2.1144463781420264E-002   8.1728277250204512E-002
  0.76000000000000056      -0.26512617763891932      -0.24503056367320072        2.0095613965718601E-002   8.2012683089283042E-002
  0.76100000000000056      -0.25033529765414120      -0.23129550042526820        1.9039797228873001E-002   8.2318061500832262E-002
  0.76200000000000057      -0.23549139243383529      -0.21751417884826285        1.7977213585572444E-002   8.2648467703401007E-002
  0.76300000000000057      -0.22059742015399855      -0.20368935516056083        1.6908064993437721E-002   8.3009075167967003E-002
  0.76400000000000057      -0.20565634959567505      -0.18982379428081536        1.5832555314859692E-002   8.3406589647227469E-002
  0.76500000000000057      -0.19067115955332076      -0.17592026927498236        1.4750890278338397E-002   8.3849861867145978E-002
  0.76600000000000057      -0.17564483824104732      -0.16198156080171636        1.3663277439330962E-002   8.4350819758159695E-002
  0.76700000000000057      -0.16058038269686323      -0.14801045655624809        1.2569926140615140E-002   8.4925933160933248E-002
  0.76800000000000057      -0.14548079818503090      -0.13400975071285476        1.1471047472176144E-002   8.5598603169969145E-002
  0.76900000000000057      -0.13034909759665922      -0.11998224336603447        1.0366854230624750E-002   8.6403237177339540E-002
  0.77000000000000057      -0.11518830084865053      -0.10593073997049667        9.2575608781538671E-003   8.7392581990196991E-002
  0.77100000000000057      -0.10000143428112251       -9.1858050780080566E-002   8.1433835010419481E-003   8.8651821281710036E-002
  0.77200000000000057       -8.4791530053424755E-002  -7.7766990285713711E-002   7.0245397677110438E-003   9.0328039466399362E-002
  0.77300000000000058       -6.9561625538870769E-002  -6.3660376652523221E-002   5.9012488863475487E-003   9.2698931370737481E-002
  0.77400000000000058       -5.4314762718306112E-002  -4.9541031156212126E-002   4.7737315620939857E-003   9.6359148178436549E-002
  0.77500000000000058       -3.9053987572633675E-002  -3.5411777618813631E-002   3.6422099538200442E-003  0.10285306750274532     
  0.77600000000000058       -2.3782349474417576E-002  -2.1275441843936139E-002   2.5069076304814371E-003  0.11783104900338172     
  0.77700000000000058       -8.5029005786869515E-003  -7.1348510516119346E-003   1.3680495270750170E-003  0.19174184817298207     
  0.77800000000000058        6.7813047869385579E-003   7.0071666871373908E-003   2.2586190019883295E-004   3.2232985211188600E-002
  0.77900000000000058        2.2067210732679803E-002   2.1147783015905721E-002   9.1942771677408150E-004   4.3476316930363780E-002
  0.78000000000000058        3.7351760417463659E-002   3.5284169858564259E-002   2.0675905588994001E-003   5.8598248653356076E-002
  0.78100000000000058        5.2631896660100985E-002   4.9413499984867326E-002   3.2183966752336590E-003   6.5131931075905966E-002
  0.78200000000000058        6.7904562550654815E-002   6.3532947575889009E-002   4.3716149747658056E-003   6.8808628303353742E-002
  0.78300000000000058        8.3166702061876624E-002   7.7639688789177499E-002   5.5270132726991245E-003   7.1187988500406724E-002
  0.78400000000000059        9.8415260660588297E-002   9.1730902323514177E-002   6.6843583370741200E-003   7.2869209478610572E-002
  0.78500000000000059       0.11364718591888760       0.10580376998316446        7.8434159357231442E-003   7.4131724578161931E-002
  0.78600000000000059       0.12885942812505480       0.11985547724150752        9.0039508835472737E-003   7.5123399370430166E-002
  0.78700000000000059       0.14404894089403819       0.13388321380393231        1.0165727090105880E-002   7.5929810775182488E-002
  0.78800000000000059       0.15921268177739659       0.14788417416988700        1.1328507607509586E-002   7.6603921082830512E-002
  0.78900000000000059       0.17434761287257616       0.16185555819396982        1.2492054678606340E-002   7.7180263798143398E-002
  0.79000000000000059       0.18945070143140028       0.17579457164594883        1.3656129785451443E-002   7.7682317818976568E-002
  0.79100000000000059       0.20451892046764986       0.18969842676959853        1.4820493698051329E-002   7.8126603105948864E-002
  0.79200000000000059       0.21954924936361317       0.20356434284024191        1.5984906523371256E-002   7.8525081064497987E-002
  0.79300000000000059       0.23453867447548296       0.21738954672088615        1.7149127754596816E-002   7.8886625476132788E-002
  0.79400000000000059       0.24948418973748002       0.23117127341684066        1.8312916320639361E-002   7.9217958399260519E-002
  0.79500000000000060       0.26438279726458197       0.24490676662870686        1.9476030635875108E-002   7.9524265106982212E-002
  0.79600000000000060       0.27923150795373641       0.25859327930362891        2.0638228650107504E-002   7.9809609536970985E-002
  0.79700000000000060       0.29402734208343795       0.27222807418469502        2.1799267898742924E-002   8.0077221881065280E-002
  0.79800000000000060       0.30876732991154876       0.28580842435837983        2.2958905553168929E-002   8.0329701983802917E-002
  0.79900000000000060       0.32344851227124288       0.29933161379991796        2.4116898471324921E-002   8.0569165966697276E-002
  0.80000000000000060       0.33806794116495470       0.31279493791649993        2.5273003248454773E-002   8.0797353744904141E-002
  0.80100000000000060       0.35262268035621225       0.32619570408818166        2.6426976268030589E-002   8.1015709087592674E-002
  0.80200000000000060       0.36710980595923681       0.33953123220639947        2.7578573752837343E-002   8.1225440068124447E-002
  0.80300000000000060       0.38152640702619012       0.35279885520998305        2.8727551816207064E-002   8.1427565288182846E-002
  0.80400000000000060       0.39586958613195161       0.36599591961855854        2.9873666513393071E-002   8.1622949634322289E-002
  0.80500000000000060       0.41013645995630787       0.37911978606323593        3.1016673893071944E-002   8.1812332231846280E-002
  0.80600000000000060       0.42432415986343774       0.39216782981447396        3.2156330048963788E-002   8.1996348512768741E-002
  0.80700000000000061       0.43842983247857631       0.40513744130701729        3.3292391171559022E-002   8.2175547794729020E-002
  0.80800000000000061       0.45245064026174220       0.41802602666180094        3.4424613599941256E-002   8.2350407401288642E-002
  0.80900000000000061       0.46638376207841237       0.43083100820471731        3.5552753873695053E-002   8.2521344092302440E-002
  0.81000000000000061       0.48022639376703019       0.44354982498214257        3.6676568784887620E-002   8.2688723383814278E-002
  0.81100000000000061       0.49397574870323235       0.45617993327311868        3.7795815430113677E-002   8.2852867198533728E-002
  0.81200000000000061       0.50762905836068106       0.46871880709808922        3.8910251262591844E-002   8.3014060185660654E-002
  0.81300000000000061       0.52118357286838912       0.48116393872408686        4.0019634144302263E-002   8.3172554972476151E-002
  0.81400000000000061       0.53463656156442507       0.49351283916627153        4.1123722398153539E-002   8.3328576552591710E-002
  0.81500000000000061       0.54798531354588731       0.50576303868571926        4.2222274860168052E-002   8.3482325972034782E-002
  0.81600000000000061       0.56122713821503667       0.51791208728336147        4.3315050931675203E-002   8.3633983440854806E-002
  0.81700000000000061       0.57435936582147684       0.52995755518997678        4.4401810631500060E-002   8.3783710972066619E-002
  0.81800000000000062       0.58737934800027403       0.54189703335213679        4.5482314648137234E-002   8.3931654629638489E-002
  0.81900000000000062       0.60028445830590693       0.55372813391400877        4.6556324391898163E-002   8.4077946451476732E-002
  0.82000000000000062       0.61307209274193974       0.56544849069491854        4.7623602047021207E-002   8.4222706100945260E-002
  0.82100000000000062       0.62573967028631139       0.57705575966257916        4.8683910623732229E-002   8.4366042290608262E-002
  0.82200000000000062       0.63828463341213471       0.58854761940188938        4.9737014010245328E-002   8.4508054014032871E-002
  0.82300000000000062       0.65070444860390075       0.59992177157920867        5.0782677024692080E-002   8.4648831615185272E-002
  0.82400000000000062       0.66299660686898432       0.61117594140201681        5.1820665466967508E-002   8.4788457719871410E-002
  0.82500000000000062       0.67515862424434714       0.62230787807386434        5.2850746170482799E-002   8.4927008049558578E-002
  0.82600000000000062       0.68718804229833619       0.63331535524452454        5.3872687053811652E-002   8.5064552134554328E-002
  0.82700000000000062       0.69908242862747638       0.64419617145525621        5.4886257172220176E-002   8.5201153940779664E-002
  0.82800000000000062       0.71083937734815683       0.65494815057908773        5.5891226769069102E-002   8.5336872422117030E-002
  0.82900000000000063       0.72245650958311181       0.66556914225603547        5.6887367327076332E-002   8.5471762008450400E-002
  0.83000000000000063       0.73393147394259717       0.67605702232316867        5.7874451619428502E-002   8.5605873037974844E-002
  0.83100000000000063       0.74526194700016590       0.68640969323943457        5.8852253760731332E-002   8.5739252141071365E-002
  0.83200000000000063       0.75644563376294616       0.69662508450516003        5.9820549257786126E-002   8.5871942581968605E-002
  0.83300000000000063       0.76748026813632630       0.70670115307614434        6.0779115060181965E-002   8.6003984563519237E-002
  0.83400000000000063       0.77836361338295390       0.71663588377226128        6.1727729610692617E-002   8.6135415499663956E-002
  0.83500000000000063       0.78909346257595425       0.72642728968048853        6.2666172895465722E-002   8.6266270259517344E-002
  0.83600000000000063       0.79966763904627802       0.73607341255228365        6.3594226493994377E-002   8.6396581386475838E-002
  0.83700000000000063       0.81008399682408661       0.74557232319522704        6.4511673628859567E-002   8.6526379295288405E-002
  0.83800000000000063       0.82034042107408589       0.75492212185885432        6.5418299215231568E-002   8.6655692449641372E-002
  0.83900000000000063       0.83043482852472039       0.76412093861459973        6.6313889910120660E-002   8.6784547522479882E-002
  0.84000000000000064       0.84036516789114002       0.77316693372977585        6.7198234161364168E-002   8.6912969540999738E-002
  0.84100000000000064       0.85012942029185479       0.78205829803551408        6.8071122256340710E-002   8.7040982018004920E-002
  0.84200000000000064       0.85972559965899131       0.79079325328859207        6.8932346370399245E-002   8.7168607071111515E-002
  0.84300000000000064       0.86915175314206938       0.79937005252707671        6.9781700614992670E-002   8.7295865531100802E-002
  0.84400000000000064       0.87840596150521566       0.80778698041971064        7.0618981085505017E-002   8.7422777040566738E-002
  0.84500000000000064       0.88748633951773359       0.81604235360897270        7.1443985908760888E-002   8.7549360143867092E-002
  0.84600000000000064       0.89639103633795048       0.82413452104774398        7.2256515290206491E-002   8.7675632369270104E-002
  0.84700000000000064       0.90511823589026374       0.83206186432951146        7.3056371560752287E-002   8.7801610304087493E-002
  0.84800000000000064       0.91366615723530953       0.83982279801204407        7.3843359223265459E-002   8.7927309663492201E-002
  0.84900000000000064       0.92203305493317722       0.84741576993447609        7.4617284998701128E-002   8.8052745353642270E-002
  0.85000000000000064       0.93021721939959778       0.85483926152773371        7.5377957871864076E-002   8.8177931529667547E-002
  0.85100000000000064       0.93821697725503173       0.86209178811824416        7.6125189136787563E-002   8.8302881649008652E-002
  0.85200000000000065       0.94603069166658582       0.86917189922486526        7.6858792441720558E-002   8.8427608520551426E-002
  0.85300000000000065       0.95365676268268884       0.87607817884897687        7.7578583833711967E-002   8.8552124349949579E-002
  0.85400000000000065       0.96109362756045857       0.88280924575767583        7.8284381802782743E-002   8.8676440781490395E-002
  0.85500000000000065       0.96833976108569175       0.88936375376001808        7.8976007325673669E-002   8.8800568936817953E-002
  0.85600000000000065       0.97539367588541281       0.89574039197625221        7.9653283909160599E-002   8.8924519450801279E-002
  0.85700000000000065       0.98225392273291678       0.90193788509999129        8.0316037632925497E-002   8.9048302504802140E-002
  0.85800000000000065       0.98891909084524365       0.90795499365326948        8.0964097191974171E-002   8.9171927857574843E-002
  0.85900000000000065       0.99538780817302397       0.91379051423443391        8.1597293938590054E-002   8.9295404874006154E-002
  0.86000000000000065        1.0016587416826352       0.91944327975882068        8.2215461923814570E-002   8.9418742551884797E-002
  0.86100000000000065        1.0077305976306119       0.92491215969216811        8.2818437938443790E-002   8.9541949546871197E-002
  0.86200000000000065        1.0136021218302520       0.93019606027671986        8.3406061553532140E-002   8.9665034195823237E-002
  0.86300000000000066        1.0192720999103659       0.93529392474997253        8.3978175160393409E-002   8.9788004538619098E-002
  0.86400000000000066        1.0247393575661139       0.94020473355602496        8.4534624010088932E-002   8.9910868338604982E-002
  0.86500000000000066        1.0300027608018798       0.94492750454948593        8.5075256252393872E-002   9.0033633101785193E-002
  0.86600000000000066        1.0350612161661326       0.94946129319189976        8.5599922974232800E-002   9.0156306094862387E-002
  0.86700000000000066        1.0399136709782248       0.95380519274065123        8.6108478237573616E-002   9.0278894362223638E-002
  0.86800000000000066        1.0445591135470840       0.95795833443031064        8.6600779116773330E-002   9.0401404741965161E-002
  0.86900000000000066        1.0489965733817475       0.96191988764638447        8.7076685735362980E-002   9.0523843881033905E-002
  0.87000000000000066        1.0532251213937014       0.96568906009143507        8.7536061302266321E-002   9.0646218249565841E-002
  0.87100000000000066        1.0572438700909790       0.96926509794353777        8.7978772147441209E-002   9.0768534154488045E-002
  0.87200000000000066        1.0610519737639779       0.97264728600704276        8.8404687756935108E-002   9.0890797752449584E-002
  0.87300000000000066        1.0646486286629586       0.97583494785561165        8.8813680807346973E-002   9.1013015062141628E-002
  0.87400000000000067        1.0680330731671865       0.97882744596750060        8.9205627199685944E-002   9.1135191976061306E-002
  0.87500000000000067        1.0712045879456820       0.98162418185306266        8.9580406092619302E-002   9.1257334271771656E-002
  0.87600000000000067        1.0741624961095440       0.98422459617444347        8.9937899935100485E-002   9.1379447622704946E-002
  0.87700000000000067        1.0769061633558168       0.98662816885744709        9.0277994498369707E-002   9.1501537608555270E-002
  0.87800000000000067        1.0794349981028677       0.98883441919554915        9.0600578907318541E-002   9.1623609725301869E-002
  0.87900000000000067        1.0817484516172473       0.99084290594603641        9.0905545671210897E-002   9.1745669394903875E-002
  0.88000000000000067        1.0838460181320064       0.99265322741825401        9.1192790713752414E-002   9.1867721974703637E-002
  0.88100000000000067        1.0857272349564420       0.99426502155394214        9.1462213402499826E-002   9.1989772766573885E-002
  0.88200000000000067        1.0873916825772512       0.99567796599964653        9.1713716577604631E-002   9.2111827025845014E-002
  0.88300000000000067        1.0888389847510691       0.99689177817118801        9.1947206579881091E-002   9.2233889970042213E-002
  0.88400000000000067        1.0900688085883716       0.99790621531017853        9.2162593278193095E-002   9.2355966787466354E-002
  0.88500000000000068        1.0910808646287240       0.99872107453257186        9.2359790096152139E-002   9.2478062645648076E-002
  0.88600000000000068        1.0918749069073586       0.99933619286923980        9.2538714038118752E-002   9.2600182699704520E-002
  0.88700000000000068        1.0924507330130675       0.99975144729856547        9.2699285714502033E-002   9.2722332100628954E-002
  0.88800000000000068        1.0928081841373949       0.99996675477104724        9.2841429366347650E-002   9.2844516003539199E-002
  0.88900000000000068        1.0929471451151196       0.99998207222590840        9.2965072889211187E-002   9.2966739575916335E-002
  0.89000000000000068        1.0928675444560170       0.99979739659970912        9.3070147856307850E-002   9.3089008005859536E-002
  0.89100000000000068        1.0925693543678912       0.99941276482695895        9.3156589540932200E-002   9.3211326510384912E-002
  0.89200000000000068        1.0920525907708742       0.99882825383273033        9.3224336938143915E-002   9.3333700343798856E-002
  0.89300000000000068        1.0913173133029836       0.99804398051727372        9.3273332785709928E-002   9.3456134806171098E-002
  0.89400000000000068        1.0903636253169391       0.99706010173263793        9.3303523584301162E-002   9.3578635251940448E-002
  0.89500000000000068        1.0891916738682339       0.99587681425130015        9.3314859616933754E-002   9.3701207098679004E-002
  0.89600000000000068        1.0878016496944654       0.99449435472681225        9.3307294967653109E-002   9.3823855836049103E-002
  0.89700000000000069        1.0861937871859231       0.99291299964647084        9.3280787539452237E-002   9.3946587034982015E-002
  0.89800000000000069        1.0843683643474418       0.99113306527602063        9.3235299071421140E-002   9.4069406357113153E-002
  0.89900000000000069        1.0823257027515234       0.98915490759640246        9.3170795155120945E-002   9.4192319564507215E-002
  0.90000000000000069        1.0800661674827354       0.98697892223255812        9.3087245250177308E-002   9.4315332529708792E-002
  0.90100000000000069        1.0775901670733972       0.98460554437430692        9.2984622699090247E-002   9.4438451246158406E-002
  0.90200000000000069        1.0748981534305624       0.98203524868930903        9.2862904741253360E-002   9.4561681839011896E-002
  0.90300000000000069        1.0719906217543129       0.97926854922813344        9.2722072526179478E-002   9.4685030576406939E-002
  0.90400000000000069        1.0688681104473774       0.97630599932144990        9.2562111125927493E-002   9.4808503881221473E-002
  0.90500000000000069        1.0655312010160911       0.97314819146936415        9.2383009546726957E-002   9.4932108343372776E-002
  0.90600000000000069        1.0619805179627153       0.96979575722292033        9.2184760739794980E-002   9.5055850732707531E-002
  0.90700000000000069        1.0582167286691362       0.96624936705779263        9.1967361611343557E-002   9.5179738012540260E-002
  0.90800000000000070        1.0542405432719646       0.96250973024019237        9.1730813031772218E-002   9.5303777353898514E-002
  0.90900000000000070        1.0500527145290592       0.95857759468501713        9.1475119844042108E-002   9.5427976150538218E-002
  0.91000000000000070        1.0456540376774994       0.95445374680627049        9.1200290871228940E-002   9.5552342034799773E-002
  0.91100000000000070        1.0410453502830337       0.95013901135978163        9.0906338923252061E-002   9.5676882894380255E-002
  0.91200000000000070        1.0362275320810326       0.94563425127825684        9.0593280802775733E-002   9.5801606890102253E-002
  0.91300000000000070        1.0312015048089749       0.94094036749869614        9.0261137310278738E-002   9.5926522474766518E-002
  0.91400000000000070        1.0259682320305010       0.93605829878220870        8.9909933248292329E-002   9.6051638413187701E-002
  0.91500000000000070        1.0205287189510652       0.93098902152626373        8.9539697424801501E-002   9.6176963803515203E-002
  0.91600000000000070        1.0148840122252234       0.92573354956941423        8.9150462655809171E-002   9.6302508099955608E-002
  0.91700000000000070        1.0090351997555913       0.92029293398853274        8.8742265767058570E-002   9.6428281137019289E-002
  0.91800000000000070        1.0029834104835142       0.91466826288859948        8.8315147594914767E-002   9.6554293155431112E-002
  0.91900000000000071       0.99672981417148598       0.90886066118508502        8.7869152986400967E-002   9.6680554829852897E-002
  0.92000000000000071       0.99027562117736101       0.90287129037897074        8.7404330798390273E-002   9.6807077298585079E-002
  0.92100000000000071       0.98362208222040182       0.89670134832445259        8.6920733895949231E-002   9.6933872195426637E-002
  0.92200000000000071       0.97677048813920708       0.89035206898937436        8.6418419149832726E-002   9.7060951683894003E-002
  0.92300000000000071       0.96972216964156832       0.88382472220843811        8.5897447433130214E-002   9.7188328494020634E-002
  0.92400000000000071       0.96247849704630173       0.87712061342924152        8.5357883617060204E-002   9.7316015961978225E-002
  0.92500000000000071       0.95504088001710674       0.87024108345119267        8.4799796565914076E-002   9.7444028072790997E-002
  0.92600000000000071       0.94741076728850260       0.86318750815735457        8.4223259131148032E-002   9.7572379506440418E-002
  0.92700000000000071       0.93958964638389497       0.85596129823927347        8.3628348144621500E-002   9.7701085687689843E-002
  0.92800000000000071       0.93157904332582964       0.84856389891484474        8.3015144410984898E-002   9.7830162840000401E-002
  0.92900000000000071       0.92338052233848755       0.84099678963927449        8.2383732699213064E-002   9.7959628043942482E-002
  0.93000000000000071       0.91499568554248034       0.83326148380919329        8.1734201733287049E-002   9.8089499300561919E-002
  0.93100000000000072       0.90642617264200542       0.82535952845998195        8.1066644182023473E-002   9.8219795600207979E-002
  0.93200000000000072       0.89767366060442200       0.81729250395636965        8.0381156648052343E-002   9.8350536997392324E-002
  0.93300000000000072       0.88873986333231014       0.80906202367636615        7.9677839655943994E-002   9.8481744692315479E-002
  0.93400000000000072       0.87962653132807744       0.80066973368859151        7.8956797639485932E-002   9.8613441119775103E-002
  0.93500000000000072       0.87033545135117829       0.79211731242306815        7.8218138928110137E-002   9.8745650046257280E-002
  0.93600000000000072       0.86086844606801349       0.78340647033554023        7.7461975732473265E-002   9.8878396676115768E-002
  0.93700000000000072       0.85122737369457846       0.77453894956538805        7.6688424129190413E-002   9.9011707767856075E-002
  0.93800000000000072       0.84141412763192980       0.76551652358720634        7.5897604044723455E-002   9.9145611761673913E-002
  0.93900000000000072       0.83143063609454226       0.75634099685611500        7.5089639238427264E-002   9.9280138919551633E-002
  0.94000000000000072       0.82127886173162834       0.74701420444687416        7.4264657284754176E-002   9.9415321479386545E-002
  0.94100000000000072       0.81096080124149550       0.73753801168687538        7.3422789554620116E-002   9.9551193824830339E-002
  0.94200000000000073       0.80047848497901630       0.72791431378308225        7.2564171195934057E-002   9.9687792672748715E-002
  0.94300000000000073       0.78983397655628884       0.71814503544299546        7.1688941113293381E-002   9.9825157280480664E-002
  0.94400000000000073       0.77902937243656556       0.70823213048971778        7.0797241946847778E-002   9.9963329675390414E-002
  0.94500000000000073       0.76806680152153106       0.69817758147119569        6.9889220050335377E-002  0.10010235490957074     
  0.94600000000000073       0.75694842473200918       0.68798339926371666        6.8965025468292529E-002  0.10024228134297899     
  0.94700000000000073       0.74567643458218302       0.67765162266974044        6.8024811912442584E-002  0.10038316095879118     
  0.94800000000000073       0.73425305474741043       0.66718431801014544        6.7068736737264989E-002  0.10052504971533986     
  0.94900000000000073       0.72268053962572143       0.65658357871097150        6.6096960914749925E-002  0.10066800793969574     
  0.95000000000000073       0.71096117389308289       0.64585152488474140        6.5109649008341486E-002  0.10081210076876562     
  0.95100000000000073       0.69909727205251926       0.63499030290644576        6.4106969146073500E-002  0.10095739864474512     
  0.95200000000000073       0.68709117797717700       0.62400208498427490        6.3089092992902107E-002  0.10110397787291364     
  0.95300000000000074       0.67494526444742420       0.61288906872518467        6.2056195722239527E-002  0.10125192125112792     
  0.95400000000000074       0.66266193268207596       0.60165347669538227        6.1008455986693688E-002  0.10140131878201100     
  0.95500000000000074       0.65024361186383828       0.59029755597582045        5.9946055888017824E-002  0.10155226848080209     
  0.95600000000000074       0.63769275865906416       0.57882357771278892        5.8869180946275246E-002  0.10170487729421072     
  0.95700000000000074       0.62501185673191728       0.56723383666369231        5.7778020068224967E-002  0.10185926214849736     
  0.95800000000000074       0.61220341625303865       0.55553065073810670        5.6672765514931944E-002  0.10201555114849843     
  0.95900000000000074       0.59926997340281363       0.54371636053420536        5.5553612868608271E-002  0.10217388495359314     
  0.96000000000000074       0.58621408986933798       0.53179332887064679        5.4420760998691198E-002  0.10233441836185291     
  0.96100000000000074       0.57303835234118172       0.51976394031401896        5.3274412027162765E-002  0.10249732214007894     
  0.96200000000000074       0.55974537199505159       0.50763060070193389        5.2114771293117701E-002  0.10266278514544870     
  0.96300000000000074       0.54633778397845323       0.49539573666186815        5.0942047316585082E-002  0.10283101679446936     
  0.96400000000000075       0.53281824688745594       0.48306179512584552        4.9756451761610421E-002  0.10300224994743799     
  0.96500000000000075       0.51918944223966290       0.47063124284105878        4.8558199398604118E-002  0.10317674429235281     
  0.96600000000000075       0.50545407394249242       0.45810656587652832        4.7347508065964106E-002  0.10335479033218113     
  0.96700000000000075       0.49161486775687396       0.44549026912589673        4.6124598630977232E-002  0.10353671410484232     
  0.96800000000000075       0.47767457075646702       0.43278487580645841        4.4889694950008607E-002  0.10372288279797305     
  0.96900000000000075       0.46363595078250869       0.41999292695452456        4.3643023827984129E-002  0.10391371146283530     
  0.97000000000000075       0.44950179589439909       0.40711698091722431        4.2384814977174778E-002  0.10410967108687742     
  0.97100000000000075       0.43527491381613298       0.39415961284084389        4.1115300975289093E-002  0.10431129835691937     
  0.97200000000000075       0.42095813137868798       0.38112341415580586        3.9834717222882121E-002  0.10451920754099200     
  0.97300000000000075       0.40655429395847975       0.36801099205839188        3.8543301900087867E-002  0.10473410504535213     
  0.97400000000000075       0.39206626491199575       0.35482496898931187        3.7241295922683881E-002  0.10495680737678208     
  0.97500000000000075       0.37749692500672011       0.34156798210922479        3.5928942897495320E-002  0.10518826347724287     
  0.97600000000000076       0.36284917184846205       0.32824268277131524        3.4606489077146807E-002  0.10542958272509899     
  0.97700000000000076       0.34812591930520265       0.31485173599103167        3.3274183314170980E-002  0.10568207035427866     
  0.97800000000000076       0.33333009692757354       0.30139781991309211        3.1932277014481425E-002  0.10594727268992549     
  0.97900000000000076       0.31846464936608337       0.28788362527586431        3.0581024090219067E-002  0.10622703552838346     
  0.98000000000000076       0.30353253578520772       0.27431185487322690        2.9220680911980823E-002  0.10652358034429517     
  0.98100000000000076       0.28853672927445884       0.26068522301401970        2.7851506260439141E-002  0.10683960501643502     
  0.98200000000000076       0.27348021625655294       0.24700645497919091        2.6473761277362035E-002  0.10717841879716188     
  0.98300000000000076       0.25836599589279213       0.23327828647675011        2.5087709416042020E-002  0.10754412592336325     
  0.98400000000000076       0.24319707948578001       0.21950346309463570        2.3693616391144312E-002  0.10794187962733488     
  0.98500000000000076       0.22797648987958932       0.20568473975160648        2.2291750127982846E-002  0.10837824018886039     
  0.98600000000000076       0.21270726085750150       0.19182488014626711        2.0882380711234383E-002  0.10886169038818895     
  0.98700000000000077       0.19739243653743774       0.17792665620433762        1.9465780333100119E-002  0.10940339546843891     
  0.98800000000000077       0.18203507076520248       0.16399284752427742        1.8042223240925054E-002  0.11001835453984718     
  0.98900000000000077       0.16663822650565974       0.15002624082137497        1.6611985684284764E-002  0.11072720074392461     
  0.99000000000000077       0.15120497523196397       0.13602962937041393        1.5175345861550033E-002  0.11155912084584881     
  0.99100000000000077       0.13573839631296705       0.12200581244702759        1.3732583865939466E-002  0.11255680029098508     
  0.99200000000000077       0.12024157639892374       0.10795759476785299        1.2283981631070751E-002  0.11378524741576222     
  0.99300000000000077       0.10471760880561784        9.3887785929597040E-002   1.0829822876020800E-002  0.11534858095537243     
  0.99400000000000077        8.9169592897032163E-002   7.9799199847126440E-002   9.3703930499057231E-003  0.11742464921774713     
  0.99500000000000077        7.3600633466685356E-002   6.5694654190694174E-002   7.9059792759911818E-003  0.12034433202193620     
  0.99600000000000077        5.8013840117759147E-002   5.1576969822414824E-002   6.4368702953443227E-003  0.12480124981182832     
  0.99700000000000077        4.2412326642139599E-002   3.7448970232101517E-002   4.9633564100380820E-003  0.13253652581836439     
  0.99800000000000078        2.6799210398496497E-002   2.3313480972577426E-002   3.4857294259190708E-003  0.14951561416414708     
  0.99900000000000078        1.1177611689524967E-002   9.1733290945745817E-003   2.0042825949503854E-003  0.21849020941980443     
   1.0000000000000007       -4.4493468615262616E-003  -4.9686574186668213E-003   5.1931055714055964E-004  0.10451727969603102     
   1.0010000000000006       -2.0078540934915394E-002  -1.9109650216985664E-002   9.6889071792972958E-004   5.0701645866261247E-002
   1.0020000000000004       -3.5706845138932228E-002  -3.3246821148960500E-002   2.4600239899717283E-003   7.3992757952699606E-002
   1.0030000000000003       -5.1331133634762070E-002  -4.7377342827530401E-002   3.9537908072316691E-003   8.3453198749976518E-002
   1.0040000000000002       -6.6948280761564130E-002  -6.1498389195462966E-002   5.4498915661011643E-003   8.8618444115333497E-002
   1.0050000000000001       -8.2555161661639231E-002  -7.5607136090556332E-002   6.9480255710828998E-003   9.1896425791886852E-002
   1.0060000000000000       -9.8148652905562031E-002  -8.9700761810462215E-002   8.4478910950998160E-003   9.4178588058708101E-002
   1.0069999999999999      -0.11372563311715250      -0.10377644767701694        9.9491854401355662E-003   9.5871324012750753E-002
   1.0079999999999998      -0.12928298359816184      -0.11783137859996771        1.1451604998194129E-002   9.7186378825896771E-002
   1.0089999999999997      -0.14481758895254776      -0.13186274363998129        1.2954845312566465E-002   9.8244924646316137E-002
   1.0099999999999996      -0.16032633771021404      -0.14586773657082244        1.4458601139391597E-002   9.9121310025754625E-002
   1.0109999999999995      -0.17580612295008982      -0.15984355644058987        1.5962566509499954E-002   9.9863684623614266E-002
   1.0119999999999993      -0.19125384292242356      -0.17378740813189725        1.7466434790526314E-002  0.10050460489789935     
   1.0129999999999992      -0.20666640167016728      -0.18769650292088735        1.8969898749279929E-002  0.10106687367145885     
   1.0139999999999991      -0.22204070964932651      -0.20156805903496761        2.0472650614358906E-002  0.10156693829555284     
   1.0149999999999990      -0.23737368434815170      -0.21539930220915526        2.1974382138996440E-002  0.10201696065690620     
   1.0159999999999989      -0.25266225090504701      -0.22918746624092115        2.3474784664125864E-002  0.10242612761139933     
   1.0169999999999988      -0.26790334272507271      -0.24292979354342101        2.4973549181651705E-002  0.10280150827686749     
   1.0179999999999987      -0.28309390209491742      -0.25662353569700364        2.6470366397913780E-002  0.10314863103268689     
   1.0189999999999986      -0.29823088079621707      -0.27026595399888564        2.7964926797331424E-002  0.10347188161719670     
   1.0199999999999985      -0.31331124071709776      -0.28385432001088290        2.9456920706214862E-002  0.10377478385773904     
   1.0209999999999984      -0.32833195446181923      -0.29738591610508908        3.0946038356730154E-002  0.10406020151201298     
   1.0219999999999982      -0.34329000595839726      -0.31085803600739215        3.2431969951005113E-002  0.10433048592713198     
   1.0229999999999981      -0.35818239106408295      -0.32426798533872020        3.3914405725362751E-002  0.10458758575854112     
   1.0239999999999980      -0.37300611816857693      -0.33761308215390834        3.5393036014668589E-002  0.10483312965501110     
   1.0249999999999979      -0.38775820879485812      -0.35089065747807868        3.6867551316779434E-002  0.10506848937430793     
   1.0259999999999978      -0.40243569819750558      -0.36409805584042643        3.8337642357079149E-002  0.10529482852795408     
   1.0269999999999977      -0.41703563595839405      -0.37723263580530531        3.9803000153088741E-002  0.10551314063301667     
   1.0279999999999976      -0.43155508657964303      -0.39029177050050567        4.1263316079137358E-002  0.10572427911103982     
   1.0289999999999975      -0.44599113007370034      -0.40327284814262043        4.2718281931079904E-002  0.10592898115464562     
   1.0299999999999974      -0.46034086255044171      -0.41617327255939285        4.4167589991048861E-002  0.10612788687612230     
   1.0309999999999973      -0.47460139680116836      -0.42899046370894245        4.5610933092225914E-002  0.10632155479141747     
   1.0319999999999971      -0.48876986287938490      -0.44172185819576471        4.7048004683620193E-002  0.10651047443246334     
   1.0329999999999970      -0.50284340867824118      -0.45436490978340166        4.8478498894839517E-002  0.10669507669056022     
   1.0339999999999969      -0.51681920050452157      -0.46691708990368069        4.9902110600840877E-002  0.10687574235317682     
   1.0349999999999968      -0.53069442364906638      -0.47937588816241977        5.1318535486646610E-002  0.10705280919189476     
   1.0359999999999967      -0.54446628295351029      -0.49173881284149790        5.2727470112012398E-002  0.10722657788049779     
   1.0369999999999966      -0.55813200337322433      -0.50400339139719030        5.4128611976034025E-002  0.10739731696245046     
   1.0379999999999965      -0.57168883053634767      -0.51616717095466924        5.5521659581678429E-002  0.10756526704127498     
   1.0389999999999964      -0.58513403129879638      -0.52822771879857056        5.6906312500225820E-002  0.10773064433206304     
   1.0399999999999963      -0.59846489429513783      -0.54018262285952856        5.8282271435609267E-002  0.10789364368495290     
   1.0409999999999962      -0.61167873048521948      -0.55202949219658204        5.9649238288637441E-002  0.10805444116995815     
   1.0419999999999960      -0.62477287369644219      -0.56376595747535452        6.1006916221087670E-002  0.10821319629565365     
   1.0429999999999959      -0.63774468116156779      -0.57538967144191311        6.2355009719654686E-002  0.10837005392084026     
   1.0439999999999958      -0.65059153405195413      -0.58689830939221155        6.3693224659742587E-002  0.10852514590764951     
   1.0449999999999957      -0.66331083800610813      -0.59828956963702318        6.5021268369084950E-002  0.10867859255599720     
   1.0459999999999956      -0.67590002365345181      -0.60956117396227116        6.6338849691180646E-002  0.10883050385241022     
   1.0469999999999955      -0.68835654713319427      -0.62071086808466380        6.7645679048530472E-002  0.10898098056066859     
   1.0479999999999954      -0.70067789060820596      -0.63173642210254344        6.8941468505662518E-002  0.10913011517716789     
   1.0489999999999953      -0.71286156277379109      -0.64263563094185960        7.0225931831931487E-002  0.10927799277019072     
   1.0499999999999952      -0.72490509936125458      -0.65340631479717637        7.1498784564078210E-002  0.10942469171922853     
   1.0509999999999950      -0.73680606363616330      -0.66404631956762616        7.2759744068537135E-002  0.10957028436798273     
   1.0519999999999949      -0.74856204689119976      -0.67455351728772273        7.4008529603477036E-002  0.10971483760258800     
   1.0529999999999948      -0.76017066893350893      -0.68492580655294721        7.5244862380561717E-002  0.10985841336487154     
   1.0539999999999947      -0.77162957856643988      -0.69516111294002214        7.6468465626417736E-002  0.11000106910901870     
   1.0549999999999946      -0.78293645406558410      -0.70525738942178884        7.7679064643795259E-002  0.11014285820880386     
   1.0559999999999945      -0.79408900364901502      -0.71521261677660641        7.8876386872408610E-002  0.11028383032152984     
   1.0569999999999944      -0.80508496594163292      -0.72502480399218905        8.0060161949443875E-002  0.11042403171396381     
   1.0579999999999943      -0.81592211043352103      -0.73469198866380203        8.1230121769718999E-002  0.11056350555482949     
   1.0589999999999942      -0.82659823793222076      -0.74421223738673614        8.2386000545484617E-002  0.11070229217780524     
   1.0599999999999941      -0.83711118100883375      -0.75358364614298201        8.3527534865851738E-002  0.11084042931845094     
   1.0609999999999939      -0.84745880443786037      -0.76280434068202740        8.4654463755832965E-002  0.11097795232804124     
   1.0619999999999938      -0.85763900563068518      -0.77187247689570126        8.5766528734983916E-002  0.11111489436690079     
   1.0629999999999937      -0.86764971506262245      -0.78078624118698903        8.6863473875633423E-002  0.11125128657951165     
   1.0639999999999936      -0.87748889669343355      -0.78954385083274592        8.7945045860687632E-002  0.11138715825337685     
   1.0649999999999935      -0.88715454838123209      -0.79814355434023587        8.9010994040996216E-002  0.11152253696338472     
   1.0659999999999934      -0.89664470228969195      -0.80658363179742409        9.0061070492267858E-002  0.11165744870320771     
   1.0669999999999933      -0.90595742528847556      -0.81486239521695358        9.1095030071521976E-002  0.11179191800508639     
   1.0679999999999932      -0.91509081934680125      -0.82297818887373730        9.2112630473063950E-002  0.11192596804919215     
   1.0689999999999931      -0.92404302192006926      -0.83092938963609742        9.3113632283971848E-002  0.11205962076362545     
   1.0699999999999930      -0.93281220632946793      -0.83871440729038638        9.4097799039081553E-002  0.11219289691598473     
   1.0709999999999928      -0.94139658213448252      -0.84633168485902432        9.5064897275458193E-002  0.11232581619733804     
   1.0719999999999927      -0.94979439549823130      -0.85377969891188921        9.6014696586342096E-002  0.11245839729933763     
   1.0729999999999926      -0.95800392954555313      -0.86105695987099806        9.6946969674555072E-002  0.11259065798513432     
   1.0739999999999925      -0.96602350471377529      -0.86816201230841750        9.7861492405357797E-002  0.11272261515468401     
   1.0749999999999924      -0.97385147909608838      -0.87509343523734429        9.8758043858744093E-002  0.11285428490496992     
   1.0759999999999923      -0.98148624877745871      -0.88184984239629816        9.9636406381160558E-002  0.11298568258561251     
   1.0769999999999922      -0.98892624816300978      -0.88842988252636945       0.10049636563664033       0.11311682285029118     
   1.0779999999999921      -0.99616995029880540      -0.89483223964146641       0.10133771065733899       0.11324771970435721     
   1.0789999999999920       -1.0032158671849685      -0.90105563329150795       0.10216023389346052       0.11337838654897996     
   1.0799999999999919       -1.0100625500810718      -0.90709881881850940       0.10296373126256242       0.11350883622213513     
   1.0809999999999917       -1.0167085898037380      -0.91296058760551002       0.10374800219822800       0.11363908103671336     
   1.0819999999999916       -1.0231526170163880      -0.91863976731829222       0.10451284969809582       0.11376913281600184     
   1.0829999999999915       -1.0293933025110773      -0.92413522213984478       0.10525808037123252       0.11389900292676469     
   1.0839999999999914       -1.0354293574823634      -0.92944585299752214       0.10598350448484128       0.11402870231013214     
   1.0849999999999913       -1.0412595337931472      -0.93457059778285556       0.10668893601029161       0.11415824151048291     
   1.0859999999999912       -1.0468826242324345      -0.93950843156397101       0.10737419266846349       0.11428763070249508     
   1.0869999999999911       -1.0522974627649633      -0.94425836679057229       0.10803909597439099       0.11441687971651625     
   1.0879999999999910       -1.0575029247726455      -0.94881945349144770       0.10868347128119782       0.11454599806239897     
   1.0889999999999909       -1.0624979272877748      -0.95319077946446129       0.10930714782331352       0.11467499495193022     
   1.0899999999999908       -1.0672814292179496      -0.95737147045898996       0.10990995875895959       0.11480387931997364     
   1.0909999999999906       -1.0718524315626667      -0.96136069035077099       0.11049174121189576       0.11493265984443436     
   1.0919999999999905       -1.0762099776215404      -0.96515764130912385       0.11105233631241651       0.11506134496514679     
   1.0929999999999904       -1.0803531531941013      -0.96876156395651380       0.11159158923758750       0.11518994290177750     
   1.0939999999999903       -1.0842810867711381      -0.97217173752042496       0.11210934925071314       0.11531846167082981     
   1.0949999999999902       -1.0879929497175360      -0.97538747997751207       0.11260546974002394       0.11544690910182701     
   1.0959999999999901       -1.0914879564465796      -0.97840814819000332       0.11307980825657626       0.11557529285274981     
   1.0969999999999900       -1.0947653645856799      -0.98123313803432544       0.11353222655135442       0.11570362042479536     
   1.0979999999999899       -1.0978244751334907      -0.98386188452192658       0.11396259061156411       0.11583189917651933     
   1.0989999999999898       -1.1006646326083844      -0.98629386191227197       0.11437077069611246       0.11596013633742497     
   1.0999999999999897       -1.1032852251882515      -0.98852858381799036       0.11475664137026109       0.11608833902104979     
   1.1009999999999895       -1.1056856848415968      -0.99056560330215004       0.11512008153944675       0.11621651423760565     
   1.1019999999999894       -1.1078654874499045      -0.99240451296764454       0.11546097448226000       0.11634466890622089     
   1.1029999999999893       -1.1098241529212438      -0.99404494503867058       0.11577920788257323       0.11647280986683067     
   1.1039999999999892       -1.1115612452950931      -0.99548657143428232       0.11607467386081083       0.11660094389176155     
   1.1049999999999891       -1.1130763728383584      -0.99672910383400615       0.11634726900435222       0.11672907769705150     
   1.1059999999999890       -1.1143691881325646      -0.99777229373550413       0.11659689439706045       0.11685721795354712     
   1.1069999999999889       -1.1154393881522031      -0.99861593250427338       0.11682345564792973       0.11698537129781855     
   1.1079999999999888       -1.1162867143342150      -0.99925985141537244       0.11702686291884257       0.11711354434292870     
   1.1089999999999887       -1.1169109526385965      -0.99970392168716560       0.11720703095143092       0.11724174368909615     
   1.1099999999999886       -1.1173119336001112      -0.99994805450707869       0.11736387909303247       0.11736997593428654     
   1.1109999999999884       -1.1174895323710980      -0.99999220104936171       0.11749733132173634       0.11749824768477012     
   1.1119999999999883       -1.1174436687553650      -0.99983635248485325       0.11760731627051180       0.11762656556568186     
   1.1129999999999882       -1.1171743072331577      -0.99948053998274677       0.11769376725041092       0.11775493623161745     
   1.1139999999999881       -1.1166814569771992      -0.99892483470435667       0.11775662227284256       0.11788336637730505     
   1.1149999999999880       -1.1159651718597943      -0.99816934778888611       0.11779582407090816       0.11801186274838617     
   1.1159999999999879       -1.1150255504509938      -0.99721423033119994       0.11781132011979389       0.11814043215234282     
   1.1169999999999878       -1.1138627360078215      -0.99605967335160595       0.11780306265621554       0.11826908146961133     
   1.1179999999999877       -1.1124769164545589      -0.99470590775765133       0.11777100869690760       0.11839781766491846     
   1.1189999999999876       -1.1108683243540947      -0.99315320429794218       0.11771512005615248       0.11852664779888118     
   1.1199999999999875       -1.1090372368703396      -0.99140187350799469       0.11763536336234492       0.11865557903991222     
   1.1209999999999873       -1.1069839757217137      -0.98945226564812883       0.11753171007358487       0.11878461867647262     
   1.1219999999999872       -1.1047089071257137      -0.98730477063341771       0.11740413649229597       0.11891377412971871     
   1.1229999999999871       -1.1022124417345693      -0.98495981795570575       0.11725262377886359       0.11904305296658965     
   1.1239999999999870       -1.0994950345619998      -0.98241787659771174       0.11707715796428808       0.11917246291338585     
   1.1249999999999869       -1.0965571849010833      -0.97967945493923381       0.11687772996184953       0.11930201186989173     
   1.1259999999999868       -1.0933994362332546      -0.97674510065547537       0.11665433557777927       0.11943170792409885     
   1.1269999999999867       -1.0900223761284455      -0.97361540060751173       0.11640697552093382       0.11956155936758886     
   1.1279999999999866       -1.0864266361363899      -0.97029098072491982       0.11613565541147008       0.11969157471164299     
   1.1289999999999865       -1.0826128916691085      -0.96677250588059438       0.11584038578851408       0.11982176270414280     
   1.1299999999999863       -1.0785818618745999      -0.96306067975777565       0.11552118211682427       0.11995213234734035     
   1.1309999999999862       -1.0743343095017575      -0.95915624470931504       0.11517806479244241       0.12008269291657341     
   1.1319999999999861       -1.0698710407565402      -0.95505998160920702       0.11481105914733314       0.12021345398001579     
   1.1329999999999860       -1.0651929051494224      -0.95077270969641703       0.11442019545300541       0.12034442541955157     
   1.1339999999999859       -1.0603007953341534      -0.94629528641103622       0.11400550892311723       0.12047561745287759     
   1.1349999999999858       -1.0551956469378545      -0.94162860722279640       0.11356703971505810       0.12060704065694054     
   1.1359999999999857       -1.0498784383824888      -0.93677360545197919       0.11310483293050966       0.12073870599282981     
   1.1369999999999856       -1.0443501906977355      -0.93173125208275498       0.11261893861498051       0.12087062483225353     
   1.1379999999999855       -1.0386119673253056      -0.92650255556898908       0.11210941175631650       0.12100280898574232     
   1.1389999999999854       -1.0326648739147362      -0.92108856163255481       0.11157631228218134       0.12113527073273103     
   1.1399999999999852       -1.0265100581107018      -0.91549035305419213       0.11101970505650971       0.12126802285369133     
   1.1409999999999851       -1.0201487093318844      -0.90970904945695552       0.11043965987492887       0.12140107866449724     
   1.1419999999999850       -1.0135820585414450      -0.90374580708229268       0.10983625145915232       0.12153445205323196     
   1.1429999999999849       -1.0068113780091392      -0.89760181855880050       0.10920955945033872       0.12166815751965254     
   1.1439999999999848      -0.99983798106512511      -0.89127831266370305       0.10855966840142206       0.12180221021756621     
   1.1449999999999847      -0.99266322184550915      -0.88477655407710032       0.10788666776840883       0.12193662600038503     
   1.1459999999999846      -0.98528849502968019      -0.87809784312903638       0.10719065190064381       0.12207142147016087     
   1.1469999999999845      -0.97771523556948203      -0.87124351553943769       0.10647172003004435       0.12220661403043154     
   1.1479999999999844      -0.96994491841027797      -0.86421494215097372       0.10572997625930425       0.12234222194324637     
   1.1489999999999843      -0.96197905820396001      -0.85701352865489289       0.10496552954906713       0.12247826439077748     
   1.1499999999999841      -0.95381920901396000      -0.84964071530988883       0.10417849370407117       0.12261476154197039     
   1.1509999999999840      -0.94546696401231922      -0.84209797665405373       0.10336898735826550       0.12275173462473596     
   1.1519999999999839      -0.93692395516887561      -0.83438682120997543       0.10253713395890018       0.12288920600424545     
   1.1529999999999838      -0.92819185293262951      -0.82650879118303811       0.10168306174959141       0.12302719926795400     
   1.1539999999999837      -0.91927236590534966      -0.81846546215298621       0.10080690375236345       0.12316573931805175     
   1.1549999999999836      -0.91016724050748332      -0.81025844275881376        9.9908797748669564E-002  0.12330485247212536     
   1.1559999999999835      -0.90087826063643595      -0.80188937437704200        9.8988886259393949E-002  0.12344456657290755     
   1.1569999999999834      -0.89140724731728704      -0.79335993079344946        9.8047316523837580E-002  0.12358491110810096     
   1.1579999999999833      -0.88175605834601090      -0.78467181786832041        9.7084240477690487E-002  0.12372591734138547     
   1.1589999999999832      -0.87192658792527122      -0.77582677319527860        9.6099814729992628E-002  0.12386761845585849     
   1.1599999999999830      -0.86192076629286241      -0.76682656575377406        9.5094200539088347E-002  0.12401004971132265     
   1.1609999999999829      -0.85174055934286852      -0.75767299555529355        9.4067563787574970E-002  0.12415324861701514     
   1.1619999999999828      -0.84138796823961604      -0.74836789328336384        9.3020074956252197E-002  0.12429725512159412     
   1.1629999999999827      -0.83086502902449499      -0.73891311992742126        9.1951909097073736E-002  0.12444211182243670     
   1.1639999999999826      -0.82017381221572605      -0.72931056641062009        9.0863245805105963E-002  0.12458786419659205     
   1.1649999999999825      -0.80931642240115220      -0.71956215321165418        8.9754269189498026E-002  0.12473456085606191     
   1.1659999999999824      -0.79829499782413516      -0.70966982998066741        8.8625167843467745E-002  0.12488225383046372     
   1.1669999999999823      -0.78711170996263791      -0.69963557514933061        8.7476134813307294E-002  0.12503099888057628     
   1.1679999999999822      -0.77576876310157583      -0.68946139553516139        8.6307367566414439E-002  0.12518085584679106     
   1.1689999999999821      -0.76426839389852119      -0.67914932594016753        8.5119067958353667E-002  0.12533188903709902     
   1.1699999999999819      -0.75261287094284623      -0.66870142874389327        8.3911442198952968E-002  0.12548416765995921     
   1.1709999999999818      -0.74080449430839157      -0.65811979349095051        8.2684700817441059E-002  0.12563776630823673     
   1.1719999999999817      -0.72884559509974833      -0.64740653647311652        8.1439058626631811E-002  0.12579276550139304     
   1.1729999999999816      -0.71673853499224349      -0.63656380030608273        8.0174734686160765E-002  0.12594925229428672     
   1.1739999999999815      -0.70448570576571867      -0.62559375350093904        7.8891952264779630E-002  0.12610732096234270     
   1.1749999999999814      -0.69208952883219543      -0.61449859003047835        7.7590938801717080E-002  0.12626707377452023     
   1.1759999999999813      -0.67955245475751902      -0.60328052889040973        7.6271925867109291E-002  0.12642862186749712     
   1.1769999999999812      -0.66687696277707620      -0.59194181365556642        7.4935149121509781E-002  0.12659208623689550     
   1.1779999999999811      -0.65406556030568186      -0.58048471203119845        7.3580848274483412E-002  0.12675759886425531     
   1.1789999999999810      -0.64112078244173210      -0.56891151539943896        7.2209267042293135E-002  0.12692530400196633     
   1.1799999999999808      -0.62804519146572113      -0.55722453836103580        7.0820653104685327E-002  0.12709535964261387     
   1.1809999999999807      -0.61484137633322189      -0.54542611827243881        6.9415258060783080E-002  0.12726793920438983     
   1.1819999999999806      -0.60151195216242948      -0.53351861477833629        6.7993337384093189E-002  0.12744323347057485     
   1.1829999999999805      -0.58805955971637047      -0.52150440933973408        6.6555150376636396E-002  0.12762145282894249     
   1.1839999999999804      -0.57448686487987888      -0.50938590475767120        6.5100960122207674E-002  0.12780282986663713     
   1.1849999999999803      -0.56079655813144402      -0.49716552469266778        6.3631033438776241E-002  0.12798762238815928     
   1.1859999999999802      -0.54699135401003318      -0.48484571318000086        6.2145640830032323E-002  0.12817611693920558     
   1.1869999999999801      -0.53307399057699612      -0.47242893414090553        6.0645056436090583E-002  0.12836863293813994     
   1.1879999999999800      -0.51904722887315702      -0.45991767088979901        5.9129557983358005E-002  0.12856552754096298     
   1.1889999999999799      -0.50491385237120257      -0.44731442563762597        5.7599426733576597E-002  0.12876720139635847     
   1.1899999999999797      -0.49067666642347346      -0.43462171899142454        5.6054947432048918E-002  0.12897410548678753     
   1.1909999999999796      -0.47633849770527009      -0.42184208945021362        5.4496408255056472E-002  0.12918674930252119     
   1.1919999999999795      -0.46190219365378204      -0.40897809289730125        5.2924100756480796E-002  0.12940571066179479     
   1.1929999999999794      -0.44737062190275295      -0.39603230208911661        5.1338319813636346E-002  0.12963164757728277     
   1.1939999999999793      -0.43274666971299308      -0.38300730614066725        4.9739363572325834E-002  0.12986531268429130     
   1.1949999999999792      -0.41803324339885267      -0.36990571000772476        4.8127533391127908E-002  0.13010757089995409     
   1.1959999999999791      -0.40323326775076967      -0.35673013396584230        4.6503133784927375E-002  0.13035942119030558     
   1.1969999999999790      -0.38834968545400689      -0.34348321308630825        4.4866472367698640E-002  0.13062202360505135     
   1.1979999999999789      -0.37338545650369392      -0.33016759670914059        4.3217859794553337E-002  0.13089673312982886     
   1.1989999999999787      -0.35834355761629016      -0.31678594791322795        4.1557609703062215E-002  0.13118514244970683     
   1.1999999999999786      -0.34322698163758569      -0.30334094298372249        3.9886038653863198E-002  0.13148913648627877     
   1.2009999999999785      -0.32803873694735797      -0.28983527087679195        3.8203466070566017E-002  0.13181096267198683     
   1.2019999999999784      -0.31278184686080268      -0.27627163268183735        3.6510214178965328E-002  0.13215332252736775     
   1.2029999999999783      -0.29745934902685794      -0.26265274108128400        3.4806607945573942E-002  0.13251949247619779     
   1.2039999999999782      -0.28207429482354107      -0.24898131980805424        3.3092975015486831E-002  0.13291348540123013     
   1.2049999999999781      -0.26662974875041878      -0.23526010310082979        3.1369645649588995E-002  0.13334026992304907     
   1.2059999999999780      -0.25112878781833181      -0.22149183515721318        2.9636952661118626E-002  0.13380607298721664     
   1.2069999999999779      -0.23557450093649476      -0.20767926958489738        2.7895231351597383E-002  0.13431880518143902     
   1.2079999999999778      -0.21996998829709405      -0.19382516885095344        2.6144819446140610E-002  0.13488867106957250     
   1.2089999999999776      -0.20431836075750603      -0.17993230372934629        2.4386057028159741E-002  0.13552906578043478     
   1.2099999999999775      -0.18862273922025860      -0.16600345274678915        2.2619286473469447E-002  0.13625792776714971     
   1.2109999999999774      -0.17288625401085966      -0.15204140162704749        2.0844852383812174E-002  0.13709984360012614     
   1.2119999999999773      -0.15711204425361669      -0.13804894273380353        1.9063101519813164E-002  0.13808944235503554     
   1.2129999999999772      -0.14130325724557152      -0.12402887451219284        1.7274382733378682E-002  0.13927710624900089     
   1.2139999999999771      -0.12546304782867565      -0.10998400092912464        1.5479046899551013E-002  0.14073907812760827     
   1.2149999999999770      -0.10959457776033066       -9.5917130912497733E-002   1.3677446847832925E-002  0.14259649676459193     
   1.2159999999999769       -9.3701015082419931E-002  -8.1831077789424320E-002   1.1869937292995611E-002  0.14505414829730690     
   1.2169999999999768       -7.7785533488957129E-002  -6.7728658723573934E-002   1.0056874765383195E-002  0.14848772963936985     
   1.2179999999999767       -6.1851311692477845E-002  -5.3612694151750122E-002   8.2386175407277232E-003  0.15366915748364388     
   1.2189999999999765       -4.5901532789300772E-002  -3.9486007219812463E-002   6.4155255694883090E-003  0.16247592555443946     
   1.2199999999999764       -2.9939383623785201E-002  -2.5351423218056827E-002   4.5879604057283731E-003  0.18097447098987912     
   1.2209999999999763       -1.3968054151711769E-002  -1.1211769016166710E-002   2.7562851355450585E-003  0.24583855871189084     
   1.2219999999999762        2.0092631970864208E-003   2.9301275021512609E-003   9.2086430506484011E-004  0.31427448272771535     
   1.2229999999999761        1.7989374156714952E-002   1.7071438004734651E-002   9.1793615198030101E-004   5.3770288813731887E-002
   1.2239999999999760        3.3969083263704070E-002   3.1209334276622210E-002   2.7597489870818601E-003   8.8427037969505448E-002
   1.2249999999999759        4.9945194495861843E-002   4.5340988785687458E-002   4.6042057101743847E-003  0.10154621311716451     
   1.2259999999999758        6.5914511911366880E-002   5.9463575248135662E-002   6.4509366632312173E-003  0.10848551632343148     
   1.2269999999999757        8.1873840287972732E-002   7.3574269193751193E-002   8.2995710942215389E-003  0.11280534873360913     
   1.2279999999999756        9.7819985762196318E-002   8.7670248530782147E-002   1.0149737231414172E-002  0.11577174014569457     
   1.2289999999999754       0.11374975646836231       0.10174869411034929        1.2001062358013029E-002  0.11794807258162492     
   1.2299999999999753       0.12965996317737588       0.11580679029026640        1.3853172887109480E-002  0.11962314862873670     
   1.2309999999999752       0.14554741993509576       0.12984172549815939        1.5705694436936368E-002  0.12096030283546262     
   1.2319999999999751       0.16140894470018016       0.14385069279377138        1.7558251906408778E-002  0.12205886232039778     
   1.2329999999999750       0.17724135998127755       0.15783089043034135        1.9410469550936199E-002  0.12298270318320867     
   1.2339999999999749       0.19304149347343491       0.17177952241494421        2.1261971058490703E-002  0.12377477105292609     
   1.2349999999999748       0.20880617869359600       0.18569379906768002        2.3112379625915974E-002  0.12446500498108815     
   1.2359999999999747       0.22453225561506240       0.19957093757960070        2.4961318035461699E-002  0.12507491490591233     
   1.2369999999999746       0.24021657130079010       0.21340816256926257        2.6808408731527539E-002  0.12562035307729502     
   1.2379999999999745       0.25585598053539477       0.22720270663779329        2.8653273897601472E-002  0.12611325948365809     
   1.2389999999999743       0.27144734645573931       0.24095181092236254        3.0495535533376777E-002  0.12656279866351697     
   1.2399999999999742       0.28698754117997677       0.25465272564794522        3.2334815532031547E-002  0.12697612189211002     
   1.2409999999999741       0.30247344643492308       0.26830271067726752        3.4170735757655557E-002  0.12735889127396260     
   1.2419999999999740       0.31790195418163336       0.28189903605882505        3.6002918122808314E-002  0.12771564821986633     
   1.2429999999999739       0.33326996723905666       0.29543898257286405        3.7830984666192613E-002  0.12805007767335636     
   1.2439999999999738       0.34857439990564365       0.30891984227521641        3.9654557630427245E-002  0.12836520094782075     
   1.2449999999999737       0.36381217857878284       0.32233891903887935        4.1473259539903495E-002  0.12866351870746684     
   1.2459999999999736       0.37898024237194089       0.33569352909323191        4.3286713278708977E-002  0.12894711850905827     
   1.2469999999999735       0.39407554372938319       0.34898100156078010        4.5094542168603091E-002  0.12921775674584746     
   1.2479999999999734       0.40909504903835109       0.36219867899132341        4.6896370047027680E-002  0.12947692183093551     
   1.2489999999999732       0.42403573923857313       0.37534391789343619        4.8691821345136943E-002  0.12972588344687400     
   1.2499999999999731       0.43889461042898748       0.38841408926315690        5.0480521165830572E-002  0.12996573131936312     
   1.2509999999999730       0.45366867447155412       0.40140657910978034        5.2262095361773786E-002  0.13019740602577584     
   1.2519999999999729       0.46835495959203499       0.41431878897864688        5.4036170613388113E-002  0.13042172368430296     
   1.2529999999999728       0.48295051097762154       0.42714813647082495        5.5802374506796593E-002  0.13063939589634146     
   1.2539999999999727       0.49745239137128966       0.43989205575958196        5.7560335611707703E-002  0.13085104597380284     
   1.2549999999999726       0.51185768166276224       0.45254799810354140        5.9309683559220838E-002  0.13105722223447111     
   1.2559999999999725       0.52616348147596059       0.46511343235642233        6.1050049119538263E-002  0.13125840896539587     
   1.2569999999999724       0.54036690975282642       0.47758584547326033        6.2781064279566090E-002  0.13145503551796775     
   1.2579999999999723       0.55446510533339699       0.48996274301300818        6.4502362320388806E-002  0.13164748389588535     
   1.2589999999999721       0.56845522753201705       0.50224164963741569        6.6213577894601361E-002  0.13183609511955660     
   1.2599999999999720       0.58233445670957040       0.51442010960608897        6.7914347103481432E-002  0.13202117459110616     
   1.2609999999999719       0.59609999484161735       0.52649568726763052        6.9604307573986834E-002  0.13220299663842314     
   1.2619999999999718       0.60974906608232238       0.53846596754676135        7.1283098535561029E-002  0.13238180838117811     
   1.2629999999999717       0.62327891732405905       0.55032855642732781        7.2950360896731237E-002  0.13255783303399141     
   1.2639999999999716       0.63668681875257926       0.56208108143109725        7.4605737321482013E-002  0.13273127274010121     
   1.2649999999999715       0.64997006439763472       0.57372119209224515        7.6248872305389570E-002  0.13290231101160016     
   1.2659999999999714       0.66312597267893969       0.58524656042744105        7.7879412251498636E-002  0.13307111483853673     
   1.2669999999999713       0.67615188694736506       0.59665488140143708        7.9497005545927979E-002  0.13323783651816196     
   1.2679999999999712       0.68904517602125470       0.60794387338806744        8.1101302633187267E-002  0.13340261524671712     
   1.2689999999999710       0.70180323471775485       0.61911127862656601        8.2691956091188845E-002  0.13356557850897557     
   1.2699999999999709       0.71442348437905079       0.63015486367311113        8.4268620705939656E-002  0.13372684329491025     
   1.2709999999999708       0.72690337339340316       0.64107241984750662        8.5830953545896538E-002  0.13388651716808117     
   1.2719999999999707       0.73924037771087969       0.65186176367491067        8.7378614035969027E-002  0.13404469920641876     
   1.2729999999999706       0.75143200135367749       0.66252073732252359        8.8911264031153903E-002  0.13420148083284941     
   1.2739999999999705       0.76347577692093316       0.67304720903114690        9.0428567889786260E-002  0.13435694655053754     
   1.2749999999999704       0.77536926608791812       0.68343907354152822        9.1930192546389899E-002  0.13451117459529316     
   1.2759999999999703       0.78711006009951889       0.69369425251540628        9.3415807584112609E-002  0.13466423751584700     
   1.2769999999999702       0.79869578025790200       0.70381069495117132        9.4885085306730677E-002  0.13481620269114208     
   1.2779999999999700       0.81012407840426526       0.71378637759405894        9.6337700810206317E-002  0.13496713279248798     
   1.2789999999999699       0.82139263739457691       0.72361930534079388        9.7773332053783024E-002  0.13511708619732851     
   1.2799999999999698       0.83249917156920772       0.73330751163860430        9.9191659930603415E-002  0.13526611736044511     
   1.2809999999999697       0.84344142721635962       0.74284905887852570       0.10059236833783392       0.13541427714763152     
   1.2819999999999696       0.85421718302919769       0.75224203878291640       0.10197514424628129       0.13556161313620693     
   1.2829999999999695       0.86482425055659251       0.76148457278710657       0.10333967776948594       0.13570816988616435     
   1.2839999999999694       0.87526047464738144       0.77057481241510484       0.10468566223227660       0.13585398918526154     
   1.2849999999999693       0.88552373388805905       0.77951093964928730       0.10601279423877175       0.13599911027094547     
   1.2859999999999692       0.89561194103380726       0.78829116729399540       0.10732077373981186       0.13614357003163816     
   1.2869999999999691       0.90552304343277779       0.79691373933296850       0.10860930409980929       0.13628740318960655     
   1.2879999999999689       0.91525502344354159       0.80537693128054177       0.10987809216299982       0.13643064246736578     
   1.2889999999999688       0.92480589884561881       0.81367905052653722       0.11112684831908159       0.13657331873933667     
   1.2899999999999687       0.93417372324300729       0.82181843667478038       0.11235528656822691       0.13671546117027483     
   1.2909999999999686       0.94335658646062670       0.82979346187517378       0.11356312458545292       0.13685709734181573     
   1.2919999999999685       0.95235261493359746       0.83760253114926164       0.11475008378433582       0.13699825336832375     
   1.2929999999999684       0.96115997208927617       0.84524408270922025       0.11591588938005593       0.13713895400310439     
   1.2939999999999683       0.96977685872196817       0.85271658827021035       0.11706027045175782       0.13727922273591744     
   1.2949999999999682       0.97820151336024230       0.86001855335602895       0.11818296000421336       0.13741908188263025     
   1.2959999999999681       0.98643221262677205       0.86714851759799960       0.11928369502877245       0.13755855266775771     
   1.2969999999999680       0.99446727159062975       0.87410505502704128       0.12036221656358848       0.13769765530055761     
   1.2979999999999678        1.0023050441119621       0.88088677435885743       0.12141826975310466       0.13783640904527991     
   1.2989999999999677        1.0099439231789762       0.88749231927218819       0.12245160390678800       0.13797483228610666     
   1.2999999999999676        1.0173823412371679       0.89392036868007008       0.12346197255709779       0.13811294258726556     
   1.3009999999999675        1.0246187705107239       0.90016963699404917       0.12444913351667475       0.13825075674874984     
   1.3019999999999674        1.0316517233160325       0.90623887438129425       0.12541284893473825       0.13838829085803661     
   1.3029999999999673        1.0384797523672389       0.91212686701455925       0.12635288535267963       0.13852556033815722     
   1.3039999999999672        1.0451014510737822       0.91783243731494490       0.12726901375883726       0.13866257999243731     
   1.3049999999999671        1.0515154538298519       0.92335444418741042       0.12816100964244148       0.13879936404619614     
   1.3059999999999670        1.0577204362957069       0.92869178324898860       0.12902865304671829       0.13893592618566847     
   1.3069999999999669        1.0637151156707960       0.93384338704965886       0.12987172862113716       0.13907227959438448     
   1.3079999999999667        1.0694982509586259       0.93880822528583363       0.13069002567279231       0.13920843698722585     
   1.3089999999999666        1.0750686432233216       0.94358530500641580       0.13148333821690583       0.13934441064235503     
   1.3099999999999665        1.0804251358378256       0.94817367081138526       0.13225146502644036       0.13948021243119751     
   1.3109999999999664        1.0855666147236849       0.95257240504287621       0.13299420968080866       0.13961585384664010     
   1.3119999999999663        1.0904920085823766       0.95678062796870533       0.13371138061367127       0.13975134602959868     
   1.3129999999999662        1.0952002891181236       0.96079749795831526       0.13440279115980835       0.13988669979409074     
   1.3139999999999661        1.0996904712521542       0.96462221165109818       0.13506825960105606       0.14002192565094071     
   1.3149999999999660        1.1039616133283612       0.96825400411706497       0.13570760921129621       0.14015703383023526     
   1.3159999999999659        1.1080128173103176       0.97169214900982892       0.13632066830048872       0.14029203430263570     
   1.3169999999999658        1.1118432289696085       0.97493595871187233       0.13690727025773619       0.14042693679964785     
   1.3179999999999656        1.1154520380654374       0.97798478447206783       0.13746725359336953       0.14056175083294020     
   1.3189999999999655        1.1188384785154721       0.98083801653542646       0.13800046198004567       0.14069648571279791     
   1.3199999999999654        1.1220018285578939       0.98349508426504673       0.13850674429284715       0.14083115056579207     
   1.3209999999999653        1.1249414109046125       0.98595545625623993       0.13898595464837260       0.14096575435173772     
   1.3219999999999652        1.1276565928856197       0.98821864044280938       0.13943795244281032       0.14110030588001232     
   1.3229999999999651        1.1301467865844459       0.99028418419546194       0.13986260238898396       0.14123481382529879     
   1.3239999999999650        1.1324114489646950       0.99215167441233254       0.14025977455236249       0.14136928674281643     
   1.3249999999999649        1.1344500819876271       0.99382073760160294       0.14062934438602415       0.14150373308309735     
   1.3259999999999648        1.1362622327207663       0.99529103995619905       0.14097119276456727       0.14163816120636546     
   1.3269999999999647        1.1378474934375080       0.99656228742055109       0.14128520601695693       0.14177257939656943     
   1.3279999999999645        1.1392055017077056       0.99763422574940386       0.14157127595830177       0.14190699587512259     
   1.3289999999999644        1.1403359404792157       0.99850664055866489       0.14182929992055082       0.14204141881439794     
   1.3299999999999643        1.1412385381503842       0.99917935736828056       0.14205918078210367       0.14217585635102653     
   1.3309999999999642        1.1419130686334569       0.99965224163713140       0.14226082699632547       0.14231031659904528     
   1.3319999999999641        1.1423593514088994       0.99992519878993991       0.14243415261895953       0.14244480766293949     
   1.3329999999999640        1.1425772515706154       0.99999817423618553       0.14257907733442987       0.14257933765062525     
   1.3339999999999639        1.1425666798620495       0.99987115338102228       0.14269552648102724       0.14271391468641564     
   1.3349999999999638        1.1423275927031695       0.99954416162819781       0.14278343107497171       0.14284854692401586     
   1.3359999999999637        1.1418599922083170       0.99901726437497262       0.14284272783334440       0.14298324255958964     
   1.3369999999999636        1.1411639261949240       0.99829056699904106       0.14287335919588295       0.14311800984494347     
   1.3379999999999634        1.1402394881830893       0.99736421483745585       0.14287527334563344       0.14325285710087196     
   1.3389999999999633        1.1390868173860156       0.99623839315756146       0.14284842422845412       0.14338779273071212     
   1.3399999999999632        1.1377060986913052       0.99491332711994107       0.14279277157136416       0.14352282523415216     
   1.3409999999999631        1.1360975626331178       0.99338928173338514       0.14270828089973264       0.14365796322134466     
   1.3419999999999630        1.1342614853551920       0.99166656180189061       0.14259492355330139       0.14379321542737283     
   1.3429999999999629        1.1321981885647396       0.98974551186370130       0.14245267670103834       0.14392859072712383     
   1.3439999999999628        1.1299080394772161       0.98762651612240115       0.14228152335481492       0.14406409815062246     
   1.3449999999999627        1.1273914507519796       0.98530999837007494       0.14208145238190462       0.14419974689888401     
   1.3459999999999626        1.1246488804188477       0.98279642190255101       0.14185245851629669       0.14433554636034485     
   1.3469999999999624        1.1216808317955655       0.98008628942674414       0.14159454236882141       0.14447150612793547     
   1.3479999999999623        1.1184878533961995       0.97718014296011546       0.14130771043608403       0.14460763601686455     
   1.3489999999999622        1.1150705388304745       0.97407856372227075       0.14099197510820372       0.14474394608318611     
   1.3499999999999621        1.1114295266940701       0.97078217201871875       0.14064735467535139       0.14488044664322430     
   1.3509999999999620        1.1075655004498997       0.96729162711681183       0.14027387333308783       0.14501714829394272     
   1.3519999999999619        1.1034791883003903       0.96360762711389480       0.13987156118649546       0.14515406193434288     
   1.3529999999999618        1.0991713630507911       0.95973090879768785       0.13944045425310325       0.14529119878799010     
   1.3539999999999617        1.0946428419635317       0.95566224749893147       0.13898059446460020       0.14542857042676638     
   1.3549999999999616        1.0898944866036622       0.95140245693632275       0.13849202966733942       0.14556618879596678     
   1.3559999999999615        1.0849272026754000       0.94695238905377455       0.13797481362162545       0.14570406624085330     
   1.3569999999999613        1.0797419398498171       0.94231293385002923       0.13742900599978791       0.14584221553480234     
   1.3579999999999612        1.0743396915836991       0.93748501920066218       0.13685467238303695       0.14598064990918447     
   1.3589999999999611        1.0687214949296111       0.93246961067250977       0.13625188425710133       0.14611938308513306     
   1.3599999999999610        1.0628884303372064       0.92726771133055907       0.13562071900664729       0.14625842930736993     
   1.3609999999999609        1.0568416214458156       0.92188036153733821       0.13496125990847740       0.14639780338027211     
   1.3619999999999608        1.0505822348683576       0.91630863874484747       0.13427359612351009       0.14653752070638232     
   1.3629999999999607        1.0441114799666102       0.91055365727907234       0.13355782268753791       0.14667759732758312     
   1.3639999999999606        1.0374306086178893       0.90461656811712210       0.13281404050076717       0.14681804996917935     
   1.3649999999999605        1.0305409149731750       0.89849855865703809       0.13204235631613692       0.14695889608715357     
   1.3659999999999604        1.0234437352067371       0.89220085248031844       0.13124288272641871       0.14710015391888887     
   1.3669999999999602        1.0161404472573048       0.88572470910720535       0.13041573815009944       0.14724184253768438     
   1.3679999999999601        1.0086324705608309       0.87907142374478564       0.12956104681604530       0.14738398191141724     
   1.3689999999999600        1.0009212657749056       0.87224232702795346       0.12867893874695213       0.14752659296575074     
   1.3699999999999599       0.99300833449486814       0.86523878475328786       0.12776954974158028       0.14766969765232171     
   1.3709999999999598       0.98489521896167576       0.85806219760589775       0.12683302135577801       0.14781331902239511     
   1.3719999999999597       0.97658350176158437       0.85071400087928994       0.12586950088229443       0.14795748130652239     
   1.3729999999999596       0.96807480551770064       0.84319566418831493       0.12487914132938571       0.14810221000080456     
   1.3739999999999595       0.95937079257346458       0.83550869117524895       0.12386210139821563       0.14824753196042506     
   1.3749999999999594       0.95047316466812504       0.82765461920907069       0.12281854545905435       0.14839347550119772     
   1.3759999999999593       0.94138366260427075       0.81963501907799208       0.12174864352627868       0.14854007050996162     
   1.3769999999999591       0.93210406590748285       0.81145149467530664       0.12065257123217621       0.14868734856475185     
   1.3779999999999590       0.92263619247817408       0.80310568267861548       0.11953050979955859       0.14883534306579171     
   1.3789999999999589       0.91298189823568388       0.79459925222249772       0.11838264601318615       0.14898408937847518     
   1.3799999999999588       0.90314307675469796       0.78593390456468881       0.11720917219000915       0.14913362498965951     
   1.3809999999999587       0.89312165889406492       0.77711137274583497       0.11601028614822995       0.14928398967875189     
   1.3819999999999586       0.88291961241808092       0.76813342124289052       0.11478619117519040       0.14943522570526716     
   1.3829999999999585       0.87253894161031820       0.75900184561622863       0.11353709599408957       0.14958737801475244     
   1.3839999999999584       0.86198168688007182       0.74971847215053500       0.11226321472953682       0.14974049446522858     
   1.3849999999999583       0.85124992436150337       0.74028515748955714       0.11096476687194623       0.14989462607658935     
   1.3859999999999582       0.84034576550555895       0.73070378826478188       0.10964197724077707       0.15004982730573527     
   1.3869999999999580       0.82927135666474217       0.72097628071811515       0.10829507594662702       0.15020615635061074     
   1.3879999999999579       0.81802887867082430       0.71110458031864021       0.10692429835218409       0.15036367548676480     
   1.3889999999999578       0.80662054640557346       0.70109066137353027       0.10552988503204319       0.15052245144058266     
   1.3899999999999577       0.79504860836458846       0.69093652663319349       0.10411208173139497       0.15068255580395204     
   1.3909999999999576       0.78331534621432231       0.68064420689072980       0.10267113932359251       0.15084406549584470     
   1.3919999999999575       0.77142307434238333       0.67021576057577870       0.10120731376660463       0.15100706327714225     
   1.3929999999999574       0.75937413940120146       0.65965327334284063        9.9720866058360835E-002  0.15117163832602262     
   1.3939999999999573       0.74717091984515105       0.64895885765415273        9.8212062190998317E-002  0.15133788688240404     
   1.3949999999999572       0.73481582546122048       0.63813465235720346        9.6681173104017026E-002  0.15150591297132474     
   1.3959999999999571       0.72231129689332085       0.62718282225697031        9.5128474636350546E-002  0.15167582921678674     
   1.3969999999999569       0.70965980516032900       0.61610555768296615        9.3554247477362851E-002  0.15184775775956191     
   1.3979999999999568       0.69686385116795846       0.60490507405118021        9.1958777116778245E-002  0.15202183129480204     
   1.3989999999999567       0.68392596521455584       0.59358361142100280        9.0342353793553043E-002  0.15219819424811779     
   1.3999999999999566       0.67084870649091966       0.58214343404722046        8.8705272443699190E-002  0.15237700411219252     
   1.4009999999999565       0.65763466257424052       0.57058682992717269        8.7047832647067835E-002  0.15255843297010246     
   1.4019999999999564       0.64428644891626319       0.55891611034316024        8.5370338573102944E-002  0.15274266923651159     
   1.4029999999999563       0.63080670832577102       0.54713360940019629        8.3673098925574729E-002  0.15292991965399944     
   1.4039999999999562       0.61719811044549566       0.53524168355919310        8.1956426886302558E-002  0.15312041158924217     
   1.4049999999999561       0.60346335122355510       0.52324271116567778        8.0220640057877324E-002  0.15331439568295588     
   1.4059999999999560       0.58960515237952549       0.51113909197413121        7.8466060405394278E-002  0.15351214891888068     
   1.4069999999999558       0.57562626086525115       0.49893324666804489        7.6693014197206255E-002  0.15371397819121962     
   1.4079999999999557       0.56152944832050089       0.48662761637579260        7.4901831944708286E-002  0.15392022446762701     
   1.4089999999999556       0.54731751052357758       0.47422466218241260        7.3092848341164973E-002  0.15413126766707355     
   1.4099999999999555       0.53299326683699011       0.46172686463739909        7.1266402199591017E-002  0.15434753240004254     
   1.4109999999999554       0.51855955964829803       0.44913672325860032        6.9422836389697706E-002  0.15456949475433115     
   1.4119999999999553       0.50401925380623847       0.43645675603232353        6.7562497773914931E-002  0.15479769035563129     
   1.4129999999999552       0.48937523605224925       0.42368949890974605        6.5685737142503198E-002  0.15503272399133855     
   1.4139999999999551       0.47463041444749882       0.41083750529973345        6.3792909147765364E-002  0.15527528116310649     
   1.4149999999999550       0.45978771779553795       0.39790334555816631        6.1884372237371643E-002  0.15552614203472501     
   1.4159999999999549       0.44485009506068757       0.38488960647387771        5.9960488586809857E-002  0.15578619837550575     
   1.4169999999999547       0.42982051478227806       0.37179889075130390        5.8021624030974162E-002  0.15605647427760833     
   1.4179999999999546       0.41470196448485641       0.35863381648995218        5.6068147994904227E-002  0.15633815166583737     
   1.4189999999999545       0.39949745008447834       0.34539701666078987        5.4100433423688477E-002  0.15663260194519815     
   1.4199999999999544       0.38420999529120331       0.33209113857965861        5.2118856711544703E-002  0.15694142558110735     
   1.4209999999999543       0.36884264100791136       0.31871884337782025        5.0123797630091116E-002  0.15726650203318115     
   1.4219999999999542       0.35339844472556114       0.30528280546973940        4.8115639255821741E-002  0.15761005334639167     
   1.4229999999999541       0.33788047991500936       0.29178571201820935        4.6094767896800004E-002  0.15797472596575732     
   1.4239999999999540       0.32229183541551248       0.27823026239692866        4.4061573018583822E-002  0.15836369717297227     
   1.4249999999999539       0.30663561482003260       0.26461916765063520        4.2016447169397397E-002  0.15878081524642171     
   1.4259999999999537       0.29091493585746958       0.25095514995290641        3.9959785904563172E-002  0.15923078650532543     
   1.4269999999999536       0.27513292977194259       0.23724094206173360        3.7891987710208991E-002  0.15971942861510360     
   1.4279999999999535       0.25929274069924407       0.22347928677297946        3.5813453926264616E-002  0.16025401925792598     
   1.4289999999999534       0.24339752504059120       0.20967293637182804        3.3724588668763156E-002  0.16084378486003995     
   1.4299999999999533       0.22745045083379847       0.19582465208233688        3.1625798751461598E-002  0.16150059972104097     
   1.4309999999999532       0.21145469712199763       0.18193720351520137        2.9517493606796258E-002  0.16224000939054770     
   1.4319999999999531       0.19541345332003002       0.16801336811384193        2.7400085206188085E-002  0.16308276843555941     
   1.4329999999999530       0.17932991857863800       0.15405593059892450        2.5273987979713503E-002  0.16405722182492821     
   1.4339999999999529       0.16320730114658200       0.14006768241142573        2.3139618735156270E-002  0.16520312420953362     
   1.4349999999999528       0.14704881773081024       0.12605142115435405        2.0997396576456190E-002  0.16657802335083710     
   1.4359999999999526       0.13085769285480919       0.11200995003323848        1.8847742821570715E-002  0.16826846914919369     
   1.4369999999999525       0.11463715821526196        9.7946077295496758E-002   1.6691080919765205E-002  0.17041091772781600     
   1.4379999999999524        9.8390452037143777E-002   8.3862615668795312E-002   1.4527836368348465E-002  0.17323376158125450     
   1.4389999999999523        8.2120818427382530E-002   6.9762381798513046E-002   1.2358436628869485E-002  0.17715043996867808     
   1.4399999999999522        6.5831506727213857E-002   5.5648195684421663E-002   1.0183311042792194E-002  0.18299445143812529     
   1.4409999999999521        4.9525770863359714E-002   4.1522880116695138E-002   8.0028907466645760E-003  0.19273448094576770     
   1.4419999999999520        3.3206868698160127E-002   2.7389260111361058E-002   5.8176085867990696E-003  0.21240473686202013     
   1.4429999999999519        1.6878061378787869E-002   1.3250162345306852E-002   3.6278990334810170E-003  0.27380034590791280     
   1.4439999999999518        5.4261268567597568E-004  -8.9158540904616702E-004   1.4341980947221427E-003   1.6085930525225529     
   1.4449999999999517       -1.5796211619711675E-002  -1.5033154849287857E-002   7.6305677042381830E-004   5.0758259199330032E-002
   1.4459999999999515       -3.2135144447636460E-002  -2.9171717708670303E-002   2.9634267389661573E-003  0.10158561002684388     
   1.4469999999999514       -4.8470918033237304E-002  -4.3304446321751747E-002   5.1664717114855568E-003  0.11930580229796051     
   1.4479999999999513       -6.4800264589948614E-002  -5.7428514189920232E-002   7.3717504000283818E-003  0.12836394087525010     
   1.4489999999999512       -8.1119916963053290E-002  -7.1541096546683933E-002   9.5788204163693574E-003  0.13389255796657695     
   1.4499999999999511       -9.7426609283239970E-002  -8.5639370922615005E-002   1.1787238360624966E-002  0.13763807736602932     
   1.4509999999999510      -0.11371707762003404       -9.9720517709834061E-002   1.3996559910199977E-002  0.14035787450409204     
   1.4519999999999509      -0.12998806063497145      -0.11378172072592239        1.6206339909049058E-002  0.14243359834649466     
   1.4529999999999508      -0.14623630023438486      -0.12782016777714902        1.8416132457235834E-002  0.14407845629919575     
   1.4539999999999507      -0.16245854222167128      -0.14183305122090009        2.0625491000771184E-002  0.14542090735006252     
   1.4549999999999506      -0.17865153694891081      -0.15581756852719802        2.2833968421712786E-002  0.14654296455490581     
   1.4559999999999504      -0.19481203996770602      -0.16977092283919817        2.5041117128507845E-002  0.14749944637001253     
   1.4569999999999503      -0.21093681267911144      -0.18369032353255085        2.7246489146560582E-002  0.14832838563612397     
   1.4579999999999502      -0.22702262298252332      -0.19757298677351698        2.9449636209006341E-002  0.14905699756801885     
   1.4589999999999501      -0.24306624592339937      -0.21141613607572543        3.1650109847673941E-002  0.14970527053969734     
   1.4599999999999500      -0.25906446433967895      -0.22521700285546115        3.3847461484217800E-002  0.15028821561016992     
   1.4609999999999499      -0.27501406950677382      -0.23897282698537259        3.6041242521401229E-002  0.15081732503255399     
   1.4619999999999498      -0.29091186178100076      -0.25268085734648810        3.8231004434512661E-002  0.15130154629041992     
   1.4629999999999497      -0.30675465124132634      -0.26633835237843034        4.0416298862895994E-002  0.15174794956105295     
   1.4639999999999496      -0.32253925832929575      -0.27994258062771948        4.2596677701576269E-002  0.15216219556903809     
   1.4649999999999495      -0.33826251448701689      -0.29349082129405463        4.4771693192962259E-002  0.15254887016757693     
   1.4659999999999493      -0.35392126279307212      -0.30698036477446483        4.6940898018607291E-002  0.15291172793117977     
   1.4669999999999492      -0.36951235859623000      -0.32040851320522062        4.9103845391009371E-002  0.15325387237622651     
   1.4679999999999491      -0.38503267014682924      -0.33377258100139784        5.1260089145431398E-002  0.15357789124450796     
   1.4689999999999490      -0.40047907922570924      -0.34706989539398564        5.3409183831723606E-002  0.15388595940046815     
   1.4699999999999489      -0.41584848177055989      -0.36029779696443137        5.5550684806128514E-002  0.15417991804044387     
   1.4709999999999488      -0.43113778849956536      -0.37345364017651544        5.7684148323049911E-002  0.15446133634093137     
   1.4719999999999487      -0.44634392553221675      -0.38653479390544970        5.9809131626767043E-002  0.15473155992626361     
   1.4729999999999486      -0.46146383500716820      -0.39953864196409372        6.1925193043074478E-002  0.15499174933031798     
   1.4739999999999485      -0.47649447569701320      -0.41246258362618332        6.4031892070829877E-002  0.15524291078208990     
   1.4749999999999484      -0.49143282361985680      -0.42530403414646734        6.6128789473389460E-002  0.15548592104493383     
   1.4759999999999482      -0.50627587264756102      -0.43806042527764799        6.8215447369913029E-002  0.15572154760767823     
   1.4769999999999481      -0.52102063511054120      -0.45072920578402181        7.0291429326519383E-002  0.15595046521170247     
   1.4779999999999480      -0.53566414239899185      -0.46330784195171820        7.2356300447273647E-002  0.15617326946694327     
   1.4789999999999479      -0.55020344556042045      -0.47579381809543381        7.4409627464986638E-002  0.15639048813799783     
   1.4799999999999478      -0.56463561589336919      -0.48818463706156118        7.6450978831808014E-002  0.15660259055257278     
   1.4809999999999477      -0.57895774553720591      -0.50047782072761127        7.8479924809594648E-002  0.15680999548690874     
   1.4819999999999476      -0.59316694805786396      -0.51267091049782942        8.0496037560034539E-002  0.15701307780827434     
   1.4829999999999475      -0.60726035902941455      -0.52476146779490662        8.2498891234507932E-002  0.15721217409726262     
   1.4839999999999474      -0.62123513661135354      -0.53674707454768678        8.4488062063666769E-002  0.15740758742814631     
   1.4849999999999473      -0.63508846212148673      -0.54862533367477262        8.6463128446714110E-002  0.15759959145082025     
   1.4859999999999471      -0.64881754060429764      -0.56039386956393422        8.8423671040363416E-002  0.15778843389055908     
   1.4869999999999470      -0.66241960139468425      -0.57205032854722360        9.0369272847460658E-002  0.15797433956023074     
   1.4879999999999469      -0.67589189867694999      -0.58359237937170017        9.2299519305249822E-002  0.15815751296242106     
   1.4889999999999468      -0.68923171203893674      -0.59501771366567391        9.4213998373262831E-002  0.15833814054517276     
   1.4899999999999467      -0.70243634702118818      -0.60632404640037174        9.6112300620816438E-002  0.15851639266398310     
   1.4909999999999466      -0.71550313566103174      -0.61750911634693573        9.7994019314096015E-002  0.15869242529375055     
   1.4919999999999465      -0.72842943703147112      -0.62857068652866144        9.9858750502809679E-002  0.15886638152709393     
   1.4929999999999464      -0.74121263777477830      -0.63950654466838563       0.10170609310639267       0.15903839288952404     
   1.4939999999999463      -0.75385015263067912      -0.65031450363093446       0.10353564899974466       0.15920858049708062     
   1.4949999999999461      -0.76633942495902507      -0.66099240186054320       0.10534702309848187       0.15937705607803354     
   1.4959999999999460      -0.77867792725684482      -0.67153810381316004       0.10713982344368478       0.15954392287692726     
   1.4969999999999459      -0.79086316166967274      -0.68194950038354807       0.10891366128612467       0.15970927645649494     
   1.4979999999999458      -0.80289266049704933      -0.69222450932709900       0.11066815116995032       0.15987320541066824     
   1.4989999999999457      -0.81476398669209193      -0.70236107567627537       0.11240291101581656       0.16003579199998846     
   1.4999999999999456      -0.82647473435503516      -0.71235717215159700       0.11411756220343816       0.16019711271911327     
   1.5009999999999455      -0.83802252922064002      -0.72221079956709022       0.11581172965354980       0.16035723880475067     
   1.5019999999999454      -0.84940502913937388      -0.73191998723011853       0.11748504190925535       0.16051623669120760     
   1.5029999999999453      -0.86061992455226355      -0.74148279333551426       0.11913713121674929       0.16067416841976645     
   1.5039999999999452      -0.87166493895932540      -0.75089730535393351       0.12076763360539189       0.16083109200727305     
   1.5049999999999450      -0.88253782938147673      -0.76016164041435541       0.12237618896712132       0.16098706177861785     
   1.5059999999999449      -0.89323638681583628      -0.76927394568065000       0.12396244113518629       0.16114212866718747     
   1.5069999999999448      -0.90375843668431954      -0.77823239872213945       0.12552603796218009       0.16129634048684471     
   1.5079999999999447      -0.91410183927543964      -0.78703520787807790       0.12706663139736174       0.16144974217855579     
   1.5089999999999446      -0.92426449017922285      -0.79568061261597789       0.12858387756324496       0.16160237603439490     
   1.5099999999999445      -0.93424432071515096      -0.80416688388371083       0.13007743683144013       0.16175428190133032     
   1.5109999999999444      -0.94403929835304323      -0.81249232445531172       0.13154697389773151       0.16190549736690688     
   1.5119999999999443      -0.95364742712679240      -0.82065526927041865       0.13299215785637375       0.16205605792869254     
   1.5129999999999442      -0.96306674804087100      -0.82865408576727939       0.13441266227359161       0.16220599714914130     
   1.5139999999999441      -0.97229533946952429      -0.83648717420925811       0.13580816526026618       0.16235534679733415     
   1.5149999999999439      -0.98133131754856939      -0.84415296800477768       0.13717834954379171       0.16250413697889801     
   1.5159999999999438      -0.99017283655972055      -0.85164993402063238       0.13852290253908817       0.16265239625525793     
   1.5169999999999437      -0.99881808930736204      -0.85897657288860985       0.13984151641875220       0.16280015175324988     
   1.5179999999999436       -1.0072653074876916      -0.86613141930535953       0.14113388818233208       0.16294742926601366     
   1.5189999999999435       -1.0155127620501596      -0.87311304232544829       0.14239971972471133       0.16309425334598607     
   1.5199999999999434       -1.0235587635511301      -0.87992004564754500       0.14363871790358507       0.16324064739072902     
   1.5209999999999433       -1.0314016624996905      -0.88655106789367599       0.14485059460601446       0.16338663372225093     
   1.5219999999999432       -1.0390398496955406      -0.89300478288149632       0.14603506681404432       0.16353223366041422     
   1.5229999999999431       -1.0464717565588910      -0.89927989988952139       0.14719185666936963       0.16367746759096083     
   1.5239999999999430       -1.0536958554523022      -0.90537516391526751       0.14832069153703464       0.16382235502863399     
   1.5249999999999428       -1.0607106599944016      -0.91128935592624771       0.14942130406815390       0.16396691467583305     
   1.5259999999999427       -1.0675147253654105      -0.91702129310377445       0.15049343226163603       0.16411116447718677     
   1.5269999999999426       -1.0741066486044206      -0.92256982907951923       0.15153681952490139       0.16425512167040524     
   1.5279999999999425       -1.0804850688983576      -0.92793385416478280       0.15255121473357480       0.16439880283372516     
   1.5289999999999424       -1.0866486678625737      -0.93311229557242881       0.15353637229014494       0.16454222393024651     
   1.5299999999999423       -1.0925961698130102      -0.93810411763143775       0.15449205218157247       0.16468540034941972     
   1.5309999999999422       -1.0983263420298741      -0.94290832199403773       0.15541802003583638       0.16482834694592835     
   1.5319999999999421       -1.1038379950127755      -0.94752394783537097       0.15631404717740449       0.16497107807618550     
   1.5329999999999420       -1.1091299827272707      -0.95195007204565507       0.15717991068161563       0.16511360763264626     
   1.5339999999999419       -1.1142012028427635      -0.95618580941480213       0.15801539342796134       0.16525594907612023     
   1.5349999999999417       -1.1190505969617108      -0.96023031280945803       0.15882028415225280       0.16539811546625074     
   1.5359999999999416       -1.1236771508400896      -0.96408277334242598       0.15959437749766359       0.16554011949031927     
   1.5369999999999415       -1.1280798945990760      -0.96774242053444137       0.16033747406463461       0.16568197349051550     
   1.5379999999999414       -1.1322579029278943      -0.97120852246826517       0.16104938045962913       0.16582368948980419     
   1.5389999999999413       -1.1362102952777928      -0.97448038593506447       0.16172990934272835       0.16596527921651302     
   1.5399999999999412       -1.1399362360471059      -0.97755735657305265       0.16237887947405327       0.16610675412774997     
   1.5409999999999411       -1.1434349347573634      -0.98043881899835905       0.16299611575900430       0.16624812543175843     
   1.5419999999999410       -1.1467056462204115      -0.98312419692810382       0.16358144929230767       0.16638940410930647     
   1.5429999999999409       -1.1497476706965080      -0.98561295329565257       0.16413471740085539       0.16653060093419875     
   1.5439999999999408       -1.1525603540433604      -0.98790459035802791       0.16465576368533252       0.16667172649300011     
   1.5449999999999406       -1.1551430878560736      -0.98999864979545649       0.16514443806061707       0.16681279120404613     
   1.5459999999999405       -1.1574953095979781      -0.99189471280303121       0.16560059679494687       0.16695380533582052     
   1.5469999999999404       -1.1596165027223113      -0.99359240017447104       0.16602410254784028       0.16709477902476616     
   1.5479999999999403       -1.1615061967847251      -0.99509137237796086       0.16641482440676425       0.16723572229260139     
   1.5489999999999402       -1.1631639675465943      -0.99639132962405663       0.16677263792253771       0.16737664506320207     
   1.5499999999999401       -1.1645894370691066      -0.99749201192564263       0.16709742514346393       0.16751755717911462     
   1.5509999999999400       -1.1657822737981096      -0.99839319914992763       0.16738907464818198       0.16765846841775747     
   1.5519999999999399       -1.1667421926396988      -0.99909471106247072       0.16764748157722809       0.16779938850736797     
   1.5529999999999398       -1.1674689550265283      -0.99959640736322797       0.16787254766330029       0.16794032714275220     
   1.5539999999999397       -1.1679623689748300      -0.99989818771461159       0.16806418126021838       0.16808129400089167     
   1.5549999999999395       -1.1682222891321263      -0.99999999176155729       0.16822229737056904       0.16822229875645880     
   1.5559999999999394       -1.1682486168156276      -0.99990179914359512       0.16834681767203252       0.16836335109729747     
   1.5569999999999393       -1.1680413000413026      -0.99960362949892134       0.16843767054238123       0.16850446073991870     
   1.5579999999999392       -1.1676003335436143      -0.99910554246047101       0.16849479108314325       0.16864563744506467     
   1.5589999999999391       -1.1669257587859179      -0.99840763764399143       0.16851812114192644       0.16878689103339573     
   1.5599999999999390       -1.1660176639615127      -0.99751005462811948       0.16850760933339326       0.16892823140135102     
   1.5609999999999389       -1.1648761839853503      -0.99641297292646636       0.16846321105888395       0.16906966853724040     
   1.5619999999999388       -1.1635015004763956      -0.99511661195171541       0.16838488852468014       0.16921121253762211     
   1.5629999999999387       -1.1618938417306437      -0.99362123097174015       0.16827261075890354       0.16935287362402326     
   1.5639999999999386       -1.1600534826847966      -0.99192712905775193       0.16812635362704464       0.16949466216006276     
   1.5649999999999384       -1.1579807448706034      -0.99003464502448635       0.16794609984611708       0.16963658866903925     
   1.5659999999999383       -1.1556759963598733      -0.98794415736244157       0.16773183899743171       0.16977866385204693     
   1.5669999999999382       -1.1531396517001691      -0.98565608416218142       0.16748356753798765       0.16992089860668849     
   1.5679999999999381       -1.1503721718411928      -0.98317088303071887       0.16720128881047391       0.17006330404645412     
   1.5689999999999380       -1.1473740640518766      -0.98048905099999595       0.16688501305188064       0.17020589152084406     
   1.5699999999999379       -1.1441458818281920      -0.97761112442747911       0.16653475740071289       0.17034867263631134     
   1.5709999999999378       -1.1406882247916972      -0.97453767888888954       0.16615054590280764       0.17049165927811299     
   1.5719999999999377       -1.1370017385788367      -0.97126932906308971       0.16573240951574697       0.17063486363315572     
   1.5729999999999376       -1.1330871147210178      -0.96780672860914996       0.16528038611186779       0.17077829821393659     
   1.5739999999999374       -1.1289450905154832      -0.96415057003561877       0.16479452047986443       0.17092197588368008     
   1.5749999999999373       -1.1245764488870045      -0.96030158456202319       0.16427486432498128       0.17106590988278353     
   1.5759999999999372       -1.1199820182404225      -0.95626054197262766       0.16372147626779487       0.17121011385669127     
   1.5769999999999371       -1.1151626723040633      -0.95202825046247941       0.16313442184158389       0.17135460188532842     
   1.5779999999999370       -1.1101193299640559      -0.94760555647577238       0.16251377348828355       0.17149938851423205     
   1.5789999999999369       -1.1048529550895878      -0.94299334453656114       0.16185961055302667       0.17164448878753583     
   1.5799999999999368       -1.0993645563491268      -0.93819253707185901       0.16117201927726776       0.17178991828297085     
   1.5809999999999367       -1.0936551870176479      -0.93320409422715578       0.16045109279049208       0.17193569314906573     
   1.5819999999999366       -1.0877259447748990      -0.92802901367439172       0.15969693110050731       0.17208183014474004     
   1.5829999999999365       -1.0815779714947467      -0.92266833041242646       0.15890964108232020       0.17222834668150869     
   1.5839999999999363       -1.0752124530256393      -0.91712311656004297       0.15808933646559631       0.17237526086852961     
   1.5849999999999362       -1.0686306189622330      -0.91139448114152699       0.15723613782070600       0.17252259156075514     
   1.5859999999999361       -1.0618337424082216      -0.90548356986486622       0.15635017254335537       0.17267035841046677     
   1.5869999999999360       -1.0548231397304177      -0.89939156489261229       0.15543157483780545       0.17281858192250674     
   1.5879999999999359       -1.0476001703041322      -0.89311968460545232       0.15448048569867989       0.17296728351354582     
   1.5889999999999358       -1.0401662362499007      -0.88666918335853684       0.15349705289136384       0.17311648557576542     
   1.5899999999999357       -1.0325227821616083      -0.88004135123061289       0.15248143093099542       0.17326621154536861     
   1.5909999999999356       -1.0246712948260659      -0.87323751376601244       0.15143378106005345       0.17341648597638093     
   1.5919999999999355       -1.0166133029340911      -0.86625903170954832       0.15035427122454281       0.17356733462024757     
   1.5929999999999354       -1.0083503767831512      -0.85910730073436936       0.14924307604878184       0.17371878451179276     
   1.5939999999999352      -0.99988412797162451      -0.85178375116283078       0.14810037680879373       0.17387086406216523     
   1.5949999999999351      -0.99121620908474117      -0.84428984768043425       0.14692636140430693       0.17402360315946724     
   1.5959999999999350      -0.98234831337226358      -0.83662708904289584       0.14572122432936774       0.17417703327784104     
   1.5969999999999349      -0.97328217441796894      -0.82879700777639964       0.14448516664156930       0.17433118759587729     
   1.5979999999999348      -0.96401956580099990      -0.82080116987109775       0.14321839592990215       0.17448610112531127     
   1.5989999999999347      -0.95456230074914727      -0.81264117446791762       0.14192112628122966       0.17464181085108504     
   1.5999999999999346      -0.94491223178413442      -0.80431865353873899       0.14059357824539542       0.17479835588398909     
   1.6009999999999345      -0.93507125035897176      -0.79583527156000511       0.13923597879896665       0.17495577762724029     
   1.6019999999999344      -0.92504128648745232      -0.78719272517983285       0.13784856130761947       0.17511411995852502     
   1.6029999999999343      -0.91482430836586104      -0.77839274287868876       0.13643156548717228       0.17527342942922955     
   1.6039999999999341      -0.90442232198697226      -0.76943708462369886       0.13498523736327339       0.17543375548280118     
   1.6049999999999340      -0.89383737074641034      -0.76032754151666104       0.13350982922974930       0.17559515069443751     
   1.6059999999999339      -0.88307153504145097      -0.75106593543583056       0.13200559960562042       0.17575767103459411     
   1.6069999999999338      -0.87212693186234236      -0.74165411867155051       0.13047281319079185       0.17592137615913805     
   1.6079999999999337      -0.86100571437622542      -0.73209397355579997       0.12891174082042545       0.17608632972936203     
   1.6089999999999336      -0.84971007150373601      -0.72238741208573387       0.12732265941800214       0.17625259976552765     
   1.6099999999999335      -0.83824222748837141      -0.71253637554129001       0.12570585194708139       0.17642025903812542     
   1.6109999999999334      -0.82660444145870604      -0.70254283409693941       0.12406160736176663       0.17658938550165065     
   1.6119999999999333      -0.81479900698354302      -0.69240878642765802       0.12239022055588500       0.17676006277640177     
   1.6129999999999332      -0.80282825162008820      -0.68213625930919852       0.12069199231088967       0.17693238068463743     
   1.6139999999999330      -0.79069453645523669      -0.67172730721274165       0.11896722924249503       0.17710643584840466     
   1.6149999999999329      -0.77840025564006121      -0.66118401189400899       0.11721624374605222       0.17728233235748983     
   1.6159999999999328      -0.76594783591759463      -0.65050848197691891       0.11543935394067573       0.17746018251729992     
   1.6169999999999327      -0.75333973614400007      -0.63970285253186854       0.11363688361213153       0.17764010768807759     
   1.6179999999999326      -0.74057844680322193      -0.62876928464872683       0.11180916215449510       0.17782223922874871     
   1.6189999999999325      -0.72766648951521506      -0.61770996500462416       0.10995652451059090       0.17800671956096381     
   1.6199999999999324      -0.71460641653784751      -0.60652710542662358       0.10807931111122393       0.17819370337159507     
   1.6209999999999323      -0.70140081026257695      -0.59522294244936336       0.10617786781321359       0.17838335897518992     
   1.6219999999999322      -0.68805228270399876      -0.58379973686775710       0.10425254583624166       0.17857586986178628     
   1.6229999999999321      -0.67456347498336811      -0.57225977328484257       0.10230370169852554       0.17877143646021021     
   1.6239999999999319      -0.66093705680619663      -0.56060535965486846       0.10033169715132817       0.17897027815270347     
   1.6249999999999318      -0.64717572593402850      -0.54883882682171148        9.8336899112317022E-002  0.17917263558370924     
   1.6259999999999317      -0.63328220765049914      -0.53696252805271527        9.6319679597783869E-002  0.17937877331419275     
   1.6269999999999316      -0.61925925422178296      -0.52497883856804461        9.4280415653738348E-002  0.17958898288338965     
   1.6279999999999315      -0.60510964435153669      -0.51289015506564939        9.2219489285887302E-002  0.17980358635287766     
   1.6289999999999314      -0.59083618263044602      -0.50069889524193323        9.0137287388512788E-002  0.18002294042402323     
   1.6299999999999313      -0.57644169898048503      -0.48840749730822203        8.8034201672263002E-002  0.18024744124004871     
   1.6309999999999312      -0.56192904809399802      -0.47601841950312979        8.5910628590868232E-002  0.18047753000932640     
   1.6319999999999311      -0.54730110886771488      -0.46353413960091927        8.3766969266795610E-002  0.18071369961857603     
   1.6329999999999310      -0.53256078383181293      -0.45095715441595524        8.1603629415857692E-002  0.18095650244543607     
   1.6339999999999308      -0.51771099857413749      -0.43828997930335001        7.9421019270787485E-002  0.18120655963210711     
   1.6349999999999307      -0.50275470115969567      -0.42553514765590084        7.7219553503794836E-002  0.18146457214912984     
   1.6359999999999306      -0.48769486154553898      -0.41269521039741969        7.4999651148119295E-002  0.18173133406587319     
   1.6369999999999305      -0.47253447099115037      -0.39977273547255704        7.2761735518593329E-002  0.18200774855890131     
   1.6379999999999304      -0.45727654146445268      -0.38677030733322149        7.0506234131231194E-002  0.18229484734071541     
   1.6389999999999303      -0.44192410504355673      -0.37369052642169809        6.8233578621858637E-002  0.18259381439298028     
   1.6399999999999302      -0.42648021331436792      -0.36053600865056840        6.5944204663799522E-002  0.18290601515953617     
   1.6409999999999301      -0.41094793676417035      -0.34730938487953683        6.3638551884633521E-002  0.18323303272298949     
   1.6419999999999300      -0.39533036417130996      -0.33401330038926735        6.1317063782042602E-002  0.18357671299490824     
   1.6429999999999298      -0.37963060199109672      -0.32065041435233627        5.8980187638760451E-002  0.18393922165324880     
   1.6439999999999297      -0.36385177373804922      -0.30722339930140652        5.6628374436642703E-002  0.18432311655104927     
   1.6449999999999296      -0.34799701936460348      -0.29373494059473015        5.4262078769873323E-002  0.18473144073363545     
   1.6459999999999295      -0.33206949463641011      -0.28018773587908541        5.1881758757324703E-002  0.18516784324819341     
   1.6469999999999294      -0.31607237050434384      -0.26658449455025662        4.9487875954087213E-002  0.18563673794147745     
   1.6479999999999293      -0.30000883247335031      -0.25292793721116391        4.7080895262186395E-002  0.18614351495255979     
   1.6489999999999292      -0.28388207996825587      -0.23922079512775171        4.4661284840504162E-002  0.18669482649555436     
   1.6499999999999291      -0.26769532569666676      -0.22546580968274471        4.2229516013922053E-002  0.18729897927026562     
   1.6509999999999290      -0.25145179500908404      -0.21166573182738044        3.9786063181703607E-002  0.18796648299286489     
   1.6519999999999289      -0.23515472525636197      -0.19782332153122817        3.7331403725133799E-002  0.18871083265701161     
   1.6529999999999287      -0.21880736514463808      -0.18394134723020425        3.4866017914433833E-002  0.18954964959998200     
   1.6539999999999286      -0.20241297408786293      -0.17002258527289410        3.2390388814968835E-002  0.19050638927164157     
   1.6549999999999285      -0.18597482155805886      -0.15606981936529174        2.9905002192767122E-002  0.19161297369591032     
   1.6559999999999284      -0.16949618643343720      -0.14208584001406796        2.7410346419369236E-002  0.19291399070206666     
   1.6569999999999283      -0.15298035634450394      -0.12807344396847817        2.4906912376025769E-002  0.19447366764148183     
   1.6579999999999282      -0.13643062701828398      -0.11403543366102195        2.2395193357262033E-002  0.19638802290026153     
   1.6589999999999281      -0.11985030162079513       -9.9974616646965872E-002   1.9875684973829258E-002  0.19880731370058685     
   1.6599999999999280      -0.10324269009790263       -8.5893805042841789E-002   1.7348885055060839E-002  0.20198063232159325     
   1.6609999999999279       -8.6611108514685953E-002  -7.1795814964032936E-002   1.4815293550653016E-002  0.20635316359421416     
   1.6619999999999278       -6.9958878393449705E-002  -5.7683465961560203E-002   1.2275412431889503E-002  0.21280642949003339     
   1.6629999999999276       -5.3289326050510517E-002  -4.3559580458181348E-002   9.7297455923291698E-003  0.22336637520349972     
   1.6639999999999275       -3.6605781931892636E-002  -2.9426983183915869E-002   7.1787987479767675E-003  0.24395292929315765     
   1.6649999999999274       -1.9911579948064657E-002  -1.5288500611108393E-002   4.6230793369562637E-003  0.30238932218096026     
   1.6659999999999273       -3.2100568078502964E-003  -1.1469603891436329E-003   2.0630964187066635E-003   1.7987512369516570     
   1.6669999999999272        1.3495448648353676E-002   1.2994809221074058E-002   5.0063942727961858E-004   3.8526108291587473E-002
   1.6679999999999271        3.0201596115919219E-002   2.7133979912763437E-002   3.0676162031557826E-003  0.11305441417065469     
   1.6689999999999270        4.6905044493755092E-002   4.1267723898918307E-002   5.6373205948367852E-003  0.13660362293410974     
   1.6699999999999269        6.3602452552367780E-002   5.5393214477855487E-002   8.2092380745122928E-003  0.14819934448458655     
   1.6709999999999268        8.0290479602081716E-002   6.9507626598545730E-002   1.0782853003535986E-002  0.15513194064033239     
   1.6719999999999267        9.6965786161285178E-002   8.3608137425614515E-002   1.3357648735670663E-002  0.15976493612903236     
   1.6729999999999265       0.11362503462456822        9.7691926903899690E-002   1.5933107720668527E-002  0.16309543915887798     
   1.6739999999999264       0.13026488993061899       0.11175617832245313        1.8508711608165862E-002  0.16561689819745065     
   1.6749999999999263       0.14688202022974486       0.12579807887787353        2.1083941351871333E-002  0.16760145735087026     
   1.6759999999999262       0.16347309755088463       0.13981482023685771        2.3658277314026921E-002  0.16921151329986242     
   1.6769999999999261       0.18003479846797843       0.15380359909785787        2.6231199370120556E-002  0.17054997102786196     
   1.6779999999999260       0.19656380476556207       0.16776161775173268        2.8802187013829389E-002  0.17168520070218454     
   1.6789999999999259       0.21305680410345210       0.18168608464127961        3.1370719462172486E-002  0.17266440368347818     
   1.6799999999999258       0.22951049068038901       0.19557421491953722        3.3936275760851786E-002  0.17352121686805075     
   1.6809999999999257       0.24592156589650524       0.20942323100674515        3.6498334889760092E-002  0.17428025875784786     
   1.6819999999999256       0.26228673901448540       0.22323036314585090        3.9056375868634502E-002  0.17495996206894326     
   1.6829999999999254       0.27860272781928624       0.23699284995645195        4.1609877862834294E-002  0.17557440180359962     
   1.6839999999999253       0.29486625927628418       0.25070793898706267        4.4158320289221509E-002  0.17613451120708315     
   1.6849999999999252       0.31107407018771827       0.26437288726559544        4.6701182922122830E-002  0.17664891209213027     
   1.6859999999999251       0.32722290784729713       0.27798496184794591        4.9237945999351218E-002  0.17712449505194358     
   1.6869999999999250       0.34330953069283843       0.29154144036457269        5.1768090328265737E-002  0.17756683325543607     
   1.6879999999999249       0.35933070895681024       0.30503961156496229        5.4291097391847953E-002  0.17798048297175312     
   1.6889999999999248       0.37528322531464353       0.31847677585986994        5.6806449454773589E-002  0.17836920541976498     
   1.6899999999999247       0.39116387553068543       0.33185024586122880        5.9313629669456636E-002  0.17873613296721819     
   1.6909999999999246       0.40696946910166443       0.34515734691961825        6.1812122182046181E-002  0.17908389531236391     
   1.6919999999999245       0.42269682989753726       0.35839541765918514        6.4301412238352118E-002  0.17941471645572019     
   1.6929999999999243       0.43834279679958976       0.37156181050990994        6.6780986289679822E-002  0.17973049005772004     
   1.6939999999999242       0.45390422433566274       0.38465389223711194        6.9250332098550804E-002  0.18003283860146896     
   1.6949999999999241       0.46937798331237585       0.39766904446808748        7.1708938844288361E-002  0.18032316028069145     
   1.6959999999999240       0.48476096144422182       0.41060466421577563        7.4156297228446189E-002  0.18060266648475415     
   1.6969999999999239       0.50005006397940532       0.42345816439934703        7.6591899580058298E-002  0.18087241200957796     
   1.6979999999999238       0.51524221432230000       0.43622697436161134        7.9015239960688655E-002  0.18113331958969781     
   1.6989999999999237       0.53033435465239875       0.44890854038314032        8.1425814269258434E-002  0.18138619995904304     
   1.6999999999999236       0.54532344653963305       0.46150032619300296        8.3823120346630087E-002  0.18163176836320288     
   1.7009999999999235       0.56020647155593684       0.47399981347601128        8.6206658079925558E-002  0.18187065823452778     
   1.7019999999999234       0.57498043188293269       0.48640450237637506        8.8575929506557627E-002  0.18210343258298714     
   1.7029999999999232       0.58964235091561734       0.49871191199766457        9.0930438917952772E-002  0.18233059353589010     
   1.7039999999999231       0.60418927386192545       0.51091958089898160        9.3269692962943851E-002  0.18255259036819929     
   1.7049999999999230       0.61861826833805045       0.52302506758723954        9.5593200750810903E-002  0.18276982629492447     
   1.7059999999999229       0.63292642495940310       0.53502595100545369        9.7900473953949407E-002  0.18298266424267609     
   1.7069999999999228       0.64711085792708811       0.54691983101694475       0.10019102691014337       0.18319143177501501     
   1.7079999999999227       0.66116870560978125       0.55870432888535793       0.10246437672442332       0.18339642531291048     
   1.7089999999999226       0.67509713112088898       0.57037708775040252       0.10472004337048646       0.18359791376527390     
   1.7099999999999225       0.68889332289087468       0.58193577309921607       0.10695754979165861       0.18379614166359745     
   1.7109999999999224       0.70255449523463620       0.59337807323325908       0.10917642200137712       0.18399133187798036     
   1.7119999999999223       0.71607788891381963       0.60470169973064702       0.11137618918317260       0.18418368797835863     
   1.7129999999999221       0.72946077169395607       0.61590438790382707       0.11355638379012900       0.18437339629387531     
   1.7139999999999220       0.74270043889630977       0.62698389725250814       0.11571654164380163       0.18456062771449228     
   1.7149999999999219       0.75579421394432467       0.63793801191175348       0.11785620203257119       0.18474553927172840     
   1.7159999999999218       0.76873944890456025       0.64876454109514625       0.11997490780941400       0.18492827552950181     
   1.7169999999999217       0.78153352502200701       0.65946131953293929       0.12207220548906772       0.18510896981118596     
   1.7179999999999216       0.79417385324967293       0.67002620790510226       0.12414764534457068       0.18528774528496364     
   1.7189999999999215       0.80665787477233442       0.68045709326917814       0.12620078150315628       0.18546471592622996     
   1.7199999999999214       0.81898306152434597       0.69075188948286492       0.12823117204148105       0.18563998737300885     
   1.7209999999999213       0.83114691670140306       0.70090853762123706       0.13023837908016600       0.18581365768802396     
   1.7219999999999211       0.84314697526615523       0.71092500638852352       0.13222196887763171       0.18598581803911374     
   1.7229999999999210       0.85498080444756719       0.72079929252436015       0.13418151192320704       0.18615655330803788     
   1.7239999999999209       0.86664600423392590       0.73052942120443520       0.13611658302949070       0.18632594263633240     
   1.7249999999999208       0.87814020785939506       0.74011344643544752       0.13802676142394754       0.18649405991569995     
   1.7259999999999207       0.88946108228401743       0.74954945144429874       0.13991163083971869       0.18666097422941808     
   1.7269999999999206       0.90060632866706791       0.75883554906144146       0.14177077960562645       0.18682675025039916     
   1.7279999999999205       0.91157368283366158       0.76796988209830708       0.14360380073535450       0.18699144860080844     
   1.7289999999999204       0.92236091573452184       0.77695062371873691       0.14541029201578493       0.18715512617752239     
   1.7299999999999203       0.93296583389881538       0.78577597780434372       0.14718985609447166       0.18731783644717320     
   1.7309999999999202       0.94338627987996204       0.79444417931372924       0.14894210056623280       0.18747962971406573     
   1.7319999999999200       0.95362013269432888       0.80295349463548660       0.15066663805884228       0.18764055336385302     
   1.7329999999999199       0.96366530825271979       0.81130222193491686       0.15236308631780293       0.18780065208551294     
   1.7339999999999198       0.97351975978457184       0.81948869149439008       0.15403106829018176       0.18795996807386842     
   1.7349999999999197       0.98318147825477331       0.82751126604728353       0.15567021220748978       0.18811854121463389     
   1.7359999999999196       0.99264849277301792       0.83536834110542946       0.15728015166758846       0.18827640925374570     
   1.7369999999999195        1.0019188709956115       0.84305834528000734       0.15886052571560416       0.18843360795253308     
   1.7379999999999194        1.0109907195196506       0.85057974059581654       0.16041097892383405       0.18859017123011759     
   1.7389999999999193        1.0198621842694904       0.85793102279886602       0.16193116147062436       0.18874613129427262     
   1.7399999999999192        1.0285314508754264       0.86511072165722036       0.16342072921820605       0.18890151876184658     
   1.7409999999999191        1.0369967450445086       0.87211740125504100       0.16487934378946756       0.18905636276973040     
   1.7419999999999189        1.0452563329234155       0.87894966027976473       0.16630667264365073       0.18921069107725266     
   1.7429999999999188        1.0533085214533136       0.88560613230236163       0.16770238915095192       0.18936453016079088     
   1.7439999999999187        1.0611516587166270       0.89208548605061611       0.16906617266601087       0.18951790530130674     
   1.7449999999999186        1.0687841342756497       0.89838642567537719       0.17039770860027248       0.18967084066544429     
   1.7459999999999185        1.0762043795029290       0.90450769100972372       0.17169668849320530       0.18982335938076564     
   1.7469999999999184        1.0834108679033534       0.91044805782099369       0.17296281008235970       0.18997548360564082     
   1.7479999999999183        1.0904021154278771       0.91620633805562690       0.17419577737225023       0.19012723459426017     
   1.7489999999999182        1.0971766807788201       0.92178138007677124       0.17539530070204890       0.19027863275719561     
   1.7499999999999181        1.1037331657066776       0.92717206889460657       0.17656109681207099       0.19042969771789042     
   1.7509999999999180        1.1100702152983792       0.93237732638933901       0.17769288890904023       0.19058044836542906     
   1.7519999999999178        1.1161865182569395       0.93739611152682101       0.17879040673011848       0.19073090290390315     
   1.7529999999999177        1.1220808071724402       0.94222742056675490       0.17985338660568528       0.19088107889866174     
   1.7539999999999176        1.1277518587842894       0.94687028726343769       0.18088157152085171       0.19103099331970794     
   1.7549999999999175        1.1331984942347042       0.95132378305900678       0.18187471117569742       0.19118066258248531     
   1.7559999999999174        1.1384195793133622       0.95558701726914852       0.18283256204421372       0.19133010258626976     
   1.7569999999999173        1.1434140246931732       0.95965913726123220       0.18375488743194102       0.19147932875037113     
   1.7579999999999172        1.1481807861571216       0.96353932862483360       0.18464145753228800       0.19162835604832953     
   1.7589999999999171        1.1527188648161313       0.96722681533461441       0.18549204948151687       0.19177719904027418     
   1.7599999999999170        1.1570273073179096       0.97072085990552481       0.18630644741238478       0.19192587190360472     
   1.7609999999999169        1.1611052060467246       0.97402076354029776       0.18708444250642686       0.19207438846213742     
   1.7619999999999167        1.1649516993140761       0.97712586626920639       0.18782583304486966       0.19222276221385184     
   1.7629999999999166        1.1685659715402181       0.98003554708205565       0.18853042445816248       0.19237100635736160     
   1.7639999999999165        1.1719472534264974       0.98274922405238219       0.18919802937411523       0.19251913381722563     
   1.7649999999999164        1.1750948221184687       0.98526635445383792       0.18982846766463080       0.19266715726820721     
   1.7659999999999163        1.1780080013597547       0.98758643486873321       0.19042156649102149       0.19281508915858256     
   1.7669999999999162        1.1806861616366169       0.98970900128871897       0.19097716034789791       0.19296294173259301     
   1.7679999999999161        1.1831287203132073       0.99163362920758680       0.19149509110562046       0.19311072705213109     
   1.7689999999999160        1.1853351417574702       0.99335993370616849       0.19197520805130175       0.19325845701774316     
   1.7699999999999159        1.1873049374576705       0.99488756952931889       0.19241736792835162       0.19340614338903062     
   1.7709999999999158        1.1890376661295194       0.99621623115496571       0.19282143497455373       0.19355379780452456     
   1.7719999999999156        1.1905329338138768       0.99734565285521282       0.19318728095866400       0.19370143180110647     
   1.7729999999999155        1.1917903939650083       0.99827560874948507       0.19351478521552323       0.19384905683304671     
   1.7739999999999154        1.1928097475293769       0.99900591284970364       0.19380383467967321       0.19399668429072672     
   1.7749999999999153        1.1935907430149524       0.99953641909748292       0.19405432391746946       0.19414432551911218     
   1.7759999999999152        1.1941331765510221       0.99986702139334172       0.19426615515768042       0.19429199183603965     
   1.7769999999999151        1.1944368919384889       0.99999765361792292       0.19443923832056598       0.19443969455038035     
   1.7779999999999150        1.1945017806906455       0.99992828964521718       0.19457349104542832       0.19458744498014413     
   1.7789999999999149        1.1943277820644143       0.99965894334778782       0.19466883871662644       0.19473525447058385     
   1.7799999999999148        1.1939148830820450       0.99918966859399649       0.19472521448804847       0.19488313441236321     
   1.7809999999999147        1.1932631185432627       0.99852055923722971       0.19474255930603301       0.19503109625984760     
   1.7819999999999145        1.1923725710278641       0.99765174909712828       0.19472082193073581       0.19517915154958385     
   1.7829999999999144        1.1912433708887569       0.99658341193282418       0.19465995895593269       0.19532731191902877     
   1.7839999999999143        1.1898756962354440       0.99531576140818911       0.19455993482725487       0.19547558912559393     
   1.7849999999999142        1.1882697729079534       0.99384905104910237       0.19442072185885106       0.19562399506607314     
   1.7859999999999141        1.1864258744412157       0.99218357419274650       0.19424230024846922       0.19577254179651915     
   1.7869999999999140        1.1843443220198966       0.99031966392894111       0.19402465809095548       0.19592124155264418     
   1.7879999999999139        1.1820254844236890       0.98825769303352573       0.19376779139016331       0.19607010677081563     
   1.7889999999999138        1.1794697779630776       0.98599807389380600       0.19347170406927161       0.19621915010972821     
   1.7899999999999137        1.1766776664055814       0.98354125842607754       0.19313640797950382       0.19636838447283078     
   1.7909999999999136        1.1736496608924927       0.98088773798524431       0.19276192290724836       0.19651782303159765     
   1.7919999999999134        1.1703863198461228       0.97803804326654908       0.19234827657957376       0.19666747924973327     
   1.7929999999999133        1.1668882488675745       0.97499274419943638       0.19189550466813809       0.19681736690841009     
   1.7939999999999132        1.1631561006250568       0.97175244983356823       0.19140365079148858       0.19696750013264203     
   1.7949999999999131        1.1591905747327658       0.96831780821701652       0.19087276651574925       0.19711789341890468     
   1.7959999999999130        1.1549924176203497       0.96468950626665539       0.19030291135369426       0.19726856166412110     
   1.7969999999999129        1.1505624223929869       0.96086826963078020       0.18969415276220669       0.19741952019614289     
   1.7979999999999128        1.1459014286821001       0.95685486254398033       0.18904656613811976       0.19757078480586238     
   1.7989999999999127        1.1410103224867347       0.95265008767429460       0.18836023481244013       0.19772237178110602     
   1.7999999999999126        1.1358900360056330       0.94825478596268065       0.18763525004295234       0.19787429794246975     
   1.8009999999999124        1.1305415474600338       0.94366983645482927       0.18687171100520450       0.19802658068127146     
   1.8019999999999123        1.1249658809072336       0.93889615612535837       0.18606972478187522       0.19817923799981113     
   1.8029999999999122        1.1191641060449413       0.93393469969442111       0.18522940635052021       0.19833228855414234     
   1.8039999999999121        1.1131373380064675       0.92878645943676497       0.18435087856970256       0.19848575169958516     
   1.8049999999999120        1.1068867371467848       0.92345246498328015       0.18343427216350461       0.19863964753922211     
   1.8059999999999119        1.1004135088195008       0.91793378311507667       0.18247972570442417       0.19879399697564853     
   1.8069999999999118        1.0937189031447874       0.91223151755013210       0.18148738559465527       0.19894882176627005     
   1.8079999999999117        1.0868042147683101       0.90634680872255124       0.18045740604575888       0.19910414458247414     
   1.8089999999999116        1.0796707826112040       0.90028083355448330       0.17938994905672068       0.19925998907302556     
   1.8099999999999115        1.0723199896111442       0.89403480522074119       0.17828518439040297       0.19941637993208056     
   1.8109999999999113        1.0647532624545621       0.88760997290617105       0.17714328954839109       0.19957334297224807     
   1.8119999999999112        1.0569720713000579       0.88100762155581891       0.17596444974423897       0.19973090520317391     
   1.8129999999999111        1.0489779294930626       0.87422907161794627       0.17474885787511629       0.19988909491617166     
   1.8139999999999110        1.0407723932718074       0.86727567877994483       0.17349671449186255       0.20004794177548260     
   1.8149999999999109        1.0323570614646536       0.86014883369720341       0.17220822776745015       0.20020747691680565     
   1.8159999999999108        1.0237335751788452       0.85284996171498173       0.17088361346386349       0.20036773305381464     
   1.8169999999999107        1.0149036174807440       0.84538052258334584       0.16952309489739814       0.20052874459345602     
   1.8179999999999106        1.0058689130676071       0.83774201016522309       0.16812690290238397       0.20069054776090942     
   1.8189999999999105       0.99663122793097392       0.82993595213763460       0.16669527579333931       0.20085318073519842     
   1.8199999999999104       0.98719236901172724       0.82196390968616484       0.16522845932556240       0.20101668379655319     
   1.8209999999999102       0.97755418384689441       0.81382747719272974       0.16372670665416467       0.20118109948675411     
   1.8219999999999101       0.96771856020825919       0.80552828191670567       0.16219027829155352       0.20134647278383772     
   1.8229999999999100       0.95768742573285470       0.79706798366948295       0.16061944206337175       0.20151285129271382     
   1.8239999999999099       0.94746274754540849       0.78844827448250920       0.15901447306289929       0.20168028545343317     
   1.8249999999999098       0.93704653187281572       0.77967087826888837       0.15737565360392736       0.20184882876907012     
   1.8259999999999097       0.92644082365071390       0.77073755047860426       0.15570327317210964       0.20201853805542846     
   1.8269999999999096       0.91564770612223745       0.76165007774743632       0.15399762837480113       0.20218947371507634     
   1.8279999999999095       0.90466930042903093       0.75241027753963807       0.15225902288939286       0.20236170003854265     
   1.8289999999999094       0.89350776519459996       0.74301999778445083       0.15048776741014913       0.20253528553588870     
   1.8299999999999093       0.88216529610008321       0.73348111650652359       0.14868417959355962       0.20271030330231715     
   1.8309999999999091       0.87064412545252745       0.72379554145031466       0.14684858400221279       0.20288683142198286     
   1.8319999999999090       0.85894652174575170       0.71396520969854893       0.14498131204720277       0.20306495341477063     
   1.8329999999999089       0.84707478921388546       0.70399208728480800       0.14308270192907746       0.20324475873148803     
   1.8339999999999088       0.83503126737767008       0.69387816880032971       0.14115309857734037       0.20342634330373144     
   1.8349999999999087       0.82281833058361187       0.68362547699509679       0.13919285358851508       0.20360981015561744     
   1.8359999999999086       0.81043838753607811       0.67323606237329348       0.13720232516278463       0.20379527008567938     
   1.8369999999999085       0.79789388082242763       0.66271200278321174       0.13518187803921589       0.20398284242851863     
   1.8379999999999084       0.78518728643127000       0.65205540300168818       0.13313188342958182       0.20417265590733422     
   1.8389999999999083       0.77232111326394792       0.64126839431315585       0.13105271895079207       0.20436484959025444     
   1.8399999999999082       0.75929790263933949       0.63035313408339466       0.12894476855594483       0.20455957396554431     
   1.8409999999999080       0.74612022779207832       0.61931180532806518       0.12680842246401314       0.20475699215331364     
   1.8419999999999079       0.73279069336428926       0.60814661627611277       0.12464407708817649       0.20495728127439775     
   1.8429999999999078       0.71931193489094181       0.59685979992812943       0.12245213496281238       0.20516063400074422     
   1.8439999999999077       0.70568661827892154       0.58545361360976067       0.12023300466916087       0.20536726031603805     
   1.8449999999999076       0.69191743927992300       0.57393033852024833       0.11798710075967467       0.20557738952061352     
   1.8459999999999075       0.67800712295726873       0.56229227927619807       0.11571484368107066       0.20579127252115711     
   1.8469999999999074       0.66395842314675846       0.55054176345066397       0.11341665969609449       0.20600918445355720     
   1.8479999999999073       0.64977412191165673       0.53868114110764143       0.11109298080401531       0.20623142769688360     
   1.8489999999999072       0.63545702899192569       0.52671278433206237       0.10874424465986332       0.20645833534829539     
   1.8499999999999071       0.62100998124781226       0.51463908675538594       0.10637089449242632       0.20669027524329037     
   1.8509999999999069       0.60643584209790047       0.50246246307688058       0.10397337902101988       0.20692765462384632     
   1.8519999999999068       0.59173750095173916       0.49018534858069196       0.10155215237104720       0.20717092557965383     
   1.8529999999999067       0.57691787263715821       0.47781019864879415        9.9107673988364064E-002  0.20742059141607269     
   1.8539999999999066       0.56197989682238692       0.46533948826992172        9.6640408552465196E-002  0.20767721413835527     
   1.8549999999999065       0.54692653743308817       0.45277571154458002        9.4150825888508149E-002  0.20794142328731810     
   1.8559999999999064       0.53176078206442501       0.44012138118623351        9.1639400878191501E-002  0.20821392642002795     
   1.8569999999999063       0.51648564138827524       0.42737902801877131        8.9106613369503929E-002  0.20849552160428000     
   1.8579999999999062       0.50110414855571250       0.41455120047035104        8.6552948085361459E-002  0.20878711239325376     
   1.8589999999999061       0.48561935859487215       0.40164046406372150        8.3978894531150650E-002  0.20908972587440078     
   1.8599999999999060       0.47003434780432068       0.38864940090312683        8.1384946901193855E-002  0.20940453455498709     
   1.8609999999999058       0.45435221314205021       0.37558060915789415        7.8771603984156058E-002  0.20973288307075635     
   1.8619999999999057       0.43857607161021889       0.36243670254280846        7.6139369067410423E-002  0.21007632100509296     
   1.8629999999999056       0.42270905963575917       0.34922030979537827        7.3488749840380896E-002  0.21043664351435001     
   1.8639999999999055       0.40675433244697740       0.33593407415009696        7.0820258296880434E-002  0.21081594201497286     
   1.8649999999999054       0.39071506344626844       0.32258065280980469        6.8134410636463749E-002  0.21121666796500710     
   1.8659999999999053       0.37459444357907012       0.30916271641425663        6.5431727164813491E-002  0.21164171386416306     
   1.8669999999999052       0.35839568069918254       0.29568294850600396        6.2712732193178577E-002  0.21209451715104624     
   1.8679999999999051       0.34212199893057915       0.28214404499369422        5.9977953936884931E-002  0.21257919492231497     
   1.8689999999999050       0.32577663802583590       0.26854871361289878        5.7227924412937115E-002  0.21310072069616637     
   1.8699999999999048       0.30936285272130654       0.25489967338457448        5.4463179336732059E-002  0.21366515936865046     
   1.8709999999999047       0.29288391208917203       0.24119965407126867        5.1684258017903356E-002  0.21427998401122045     
   1.8719999999999046       0.27634309888649322       0.22745139563117578        4.8891703255317442E-002  0.21495450981799150     
   1.8729999999999045       0.25974370890139659       0.21365764767015477        4.6086061231241815E-002  0.21570049906376201     
   1.8739999999999044       0.24308905029652267       0.19982116889181717        4.3267881404705499E-002  0.21653302122424603     
   1.8749999999999043       0.22638244294986848       0.18594472654579550        4.0437716404072982E-002  0.21747170331347770     
   1.8759999999999042       0.20962721779315499       0.17203109587430263        3.7596121918852365E-002  0.21854259387106734     
   1.8769999999999041       0.19282671614785152       0.15808305955709254        3.4743656590758981E-002  0.21978102326777857     
   1.8779999999999040       0.17598428905898941       0.14410340715493369        3.1880881904055719E-002  0.22123614238890818     
   1.8789999999999039       0.15910329662689773       0.13009493455170609        2.9008362075191640E-002  0.22297841322686010     
   1.8799999999999037       0.14218710733699427       0.11606044339523396        2.6126663941760317E-002  0.22511256356989942     
   1.8809999999999036       0.12523909738776542       0.10200274053696537        2.3236356850800055E-002  0.22780129953841088     
   1.8819999999999035       0.10826265001706917        8.7924637470611425E-002   2.0338012546457743E-002  0.23131187266203593     
   1.8829999999999034        9.1261154826895369E-002   7.3828949769856822E-002   1.7432205057038547E-002  0.23611611856025394     
   1.8839999999999033        7.4238007106718157E-002   5.9718496525254502E-002   1.4519510581463654E-002  0.24313255400399209     
   1.8849999999999032        5.7196607155575563E-002   4.5596099780416996E-002   1.1600507375158567E-002  0.25441885229273170     
   1.8859999999999031        4.0140359603011620E-002   3.1464583967617046E-002   8.6757756353945739E-003  0.27573145871954235     
   1.8869999999999030        2.3072672729016561E-002   1.7326775342910578E-002   5.7458973861059838E-003  0.33161954676448063     
   1.8879999999999029        5.9969577831009008E-003   3.1855014208949442E-003   2.8114563622059566E-003  0.88257890697034991     
   1.8889999999999028       -1.1083371697360563E-002  -1.0956409590784604E-002   1.2696210657595942E-004   1.1587929925762066E-002
   1.8899999999999026       -2.8164900569378652E-002  -2.5096129357067010E-002   3.0687712123116419E-003  0.12228065805085928     
   1.8909999999999025       -4.5244212767057271E-002  -3.9230829981132989E-002   6.0133827859242817E-003  0.15328206894466051     
   1.8919999999999024       -6.2317891984622009E-002  -5.3357684569974959E-002   8.9602074146470506E-003  0.16792721586140699     
   1.8929999999999023       -7.9382522359633334E-002  -6.7473867799766246E-002   1.1908654559867088E-002  0.17649284009043192     
   1.8939999999999022       -9.6434689156247727E-002  -8.1576556480916398E-002   1.4858132675331329E-002  0.18213728693987180     
   1.8949999999999021      -0.11347097944839020       -9.5662930122699719E-002   1.7808049325690481E-002  0.18615412786174773     
   1.8959999999999020      -0.13048798280270144      -0.10973017149734399        2.0757811305357449E-002  0.18917141039791313     
   1.8969999999999019      -0.14748229196112297      -0.12377546720346666        2.3706824757656314E-002  0.19153088486174860     
   1.8979999999999018      -0.16445050352298399      -0.13779600822874571        2.6654495294238273E-002  0.19343445167142267     
   1.8989999999999017      -0.18138921862645277      -0.15178899051171280        2.9600228114739974E-002  0.19500905839712976     
   1.8999999999999015      -0.19829504362921696      -0.16575161550255615        3.2543428126660806E-002  0.19633852754912626     
   1.9009999999999014      -0.21516459078825587      -0.17968109072282126        3.5483500065434603E-002  0.19748043560227482     
   1.9019999999999013      -0.23199447893856892      -0.19357463032389718        3.8419848614671737E-002  0.19847563986244496     
   1.9029999999999012      -0.24878133417072432      -0.20742945564417706        4.1351878526547259E-002  0.19935393648953098     
   1.9039999999999011      -0.26552179050709201      -0.22124279576478112        4.4278994742310895E-002  0.20013756646515635     
   1.9049999999999010      -0.28221249057662556      -0.23501188806373127        4.7200602512894291E-002  0.20084346754447707     
   1.9059999999999009      -0.29885008628805770      -0.24873397876846620        5.0116107519591502E-002  0.20148476604494006     
   1.9069999999999008      -0.31543123950137453      -0.26240632350658682        5.3024915994787702E-002  0.20207179189207569     
   1.9079999999999007      -0.33195262269743370      -0.27602618785472149        5.5926434842712203E-002  0.20261278568302904     
   1.9089999999999006      -0.34841091964559262      -0.28959084788540168        5.8820071760190940E-002  0.20311440154167962     
   1.9099999999999004      -0.36480282606921205      -0.30309759071183828        6.1705235357373767E-002  0.20358207141289461     
   1.9109999999999003      -0.38112505030890237      -0.31654371503049000        6.4581335278412366E-002  0.20402027338369927     
   1.9119999999999002      -0.39737431398337886      -0.32992653166131503        6.7447782322063832E-002  0.20443273228872094     
   1.9129999999999001      -0.41354735264779352      -0.34324336408559808        7.0303988562195441E-002  0.20482257173269933     
   1.9139999999999000      -0.42964091644941155      -0.35649154898124519        7.3149367468166360E-002  0.20519243072439483     
   1.9149999999998999      -0.44565177078050000      -0.36966843675543937        7.5983334025060634E-002  0.20554455417390352     
   1.9159999999998998      -0.46157669692829856      -0.38277139207455019        7.8805304853748370E-002  0.20588086384052420     
   1.9169999999998997      -0.47741249272194103      -0.39579779439119178        8.1614698330749247E-002  0.20620301448694867     
   1.9179999999998996      -0.49315597317619786      -0.40874503846832366        8.4410934707874197E-002  0.20651243871775035     
   1.9189999999998995      -0.50880397113191034      -0.42161053490028932        8.7193436231621013E-002  0.20681038307603536     
   1.9199999999998993      -0.52435333789298755      -0.43439171063068877        8.9961627262298782E-002  0.20709793732409038     
   1.9209999999998992      -0.53980094385983834      -0.44708600946698129        9.2714934392857051E-002  0.20737605836378636     
   1.9219999999998991      -0.55514367915911056      -0.45969089259171542        9.5452786567395143E-002  0.20764558990768092     
   1.9229999999998990      -0.57037845426961076      -0.47220383907028385        9.8174615199326909E-002  0.20790727875618645     
   1.9239999999998989      -0.58550220064427916      -0.48462234635510210       0.10087985428917706       0.20816178834489479     
   1.9249999999998988      -0.60051187132809369      -0.49694393078610960       0.10356794054198409       0.20840971008168108     
   1.9259999999998987      -0.61540444157177931      -0.50916612808749351       0.10623831348428581       0.20865157288316349     
   1.9269999999998986      -0.63017690944119931      -0.52128649386053549       0.10889041558066381       0.20888785123559378     
   1.9279999999998985      -0.64482629642230493      -0.53330260407248364       0.11152369234982129       0.20911897203986574     
   1.9289999999998984      -0.65934964802152241      -0.54521205554135055       0.11413759248017186       0.20934532044938486     
   1.9299999999998982      -0.67374403436145536      -0.55701246641654201       0.11673156794491335       0.20956724486956058     
   1.9309999999998981      -0.68800655077178396      -0.56870147665521886       0.11930507411656510       0.20978506125612723     
   1.9319999999998980      -0.70213431837524032      -0.58027674849429822       0.12185756988094210       0.20999905682441705     
   1.9329999999998979      -0.71612448466854228      -0.59173596691799768       0.12438851775054460       0.21020949326168351     
   1.9339999999998978      -0.72997422409816926      -0.60307684012083129       0.12689738397733796       0.21041660951847041     
   1.9349999999998977      -0.74368073863086248      -0.61429709996596260       0.12938363866489988       0.21062062424203021     
   1.9359999999998976      -0.75724125831873612      -0.62539450243882466       0.13184675587991146       0.21082173790424158     
   1.9369999999998975      -0.77065304185888361      -0.63636682809591560       0.13428621376296801       0.21102013466787412     
   1.9379999999998974      -0.78391337714736731      -0.64721188250867956       0.13670149463868775       0.21121598402800412     
   1.9389999999998973      -0.79701958182747923      -0.65792749670238548       0.13909208512509375       0.21140944225958117     
   1.9399999999998971      -0.80996900383216164      -0.66851152758991450       0.14145747624224714       0.21160065369736078     
   1.9409999999998970      -0.82275902192047856      -0.67896185840037038       0.14379716352010818       0.21178975187044136     
   1.9419999999998969      -0.83538704620802906      -0.68927639910242666       0.14611064710560240       0.21197686051033690     
   1.9429999999998968      -0.84785051869119543      -0.69945308682232588       0.14839743186886956       0.21216209444875217     
   1.9439999999998967      -0.86014691376512020      -0.70948988625644749       0.15065702750867271       0.21234556041890812     
   1.9449999999998966      -0.87227373873530678      -0.71938479007836187       0.15288894865694491       0.21252735777231385     
   1.9459999999998965      -0.88422853432274029      -0.72913581934028870       0.15509271498245158       0.21270757912123583     
   1.9469999999998964      -0.89600887516242678      -0.73874102386888008       0.15726785129354670       0.21288631091571861     
   1.9479999999998963      -0.90761237029524877      -0.74819848265524880       0.15941388763999997       0.21306363396282629     
   1.9489999999998961      -0.91903666365303827      -0.75750630423916354       0.16153035941387472       0.21323962389476772     
   1.9499999999998960      -0.93027943453676865      -0.76666262708733457       0.16361680744943408       0.21341435159170166     
   1.9509999999998959      -0.94133839808776842      -0.77566561996571437       0.16567277812205405       0.21358788356428257     
   1.9519999999998958      -0.95221130575186086      -0.78451348230573825       0.16769782344612261       0.21376028230037214     
   1.9529999999998957      -0.96289594573633575      -0.79320444456443218       0.16969150117190357       0.21393160657979582     
   1.9539999999998956      -0.97339014345966024      -0.80173676857831522       0.17165337488134502       0.21410191176055260     
   1.9549999999998955      -0.98369176199383745      -0.81010874791102661       0.17358301408281085       0.21427125003947653     
   1.9559999999998954      -0.99379870249932278      -0.81831870819460728       0.17547999430471550       0.21443967068999720     
   1.9569999999998953       -1.0037089046524093      -0.82636500746436814       0.17734389718804111       0.21460722027933637     
   1.9579999999998952       -1.0134203470649958      -0.83424603648727702       0.17917431057771882       0.21477394286721480     
   1.9589999999998950       -1.0229310476966520      -0.84196021908380037       0.18097082861285163       0.21493988018790183     
   1.9599999999998949       -1.0322390642588952      -0.84950601244313373       0.18273305181576149       0.21510507181724475     
   1.9609999999998948       -1.0413424946115990      -0.85688190743175874       0.18446058717984026       0.21526955532612937     
   1.9619999999998947       -1.0502394771514512      -0.86408642889526477       0.18615304825618639       0.21543336642167060     
   1.9629999999998946       -1.0589281911923809      -0.87111813595337506       0.18781005523900585       0.21559653907728771     
   1.9639999999998945       -1.0674068573378803      -0.87797562228811787       0.18943123504976245       0.21575910565270615     
   1.9649999999998944       -1.0756737378451413      -0.88465751642508528       0.19101622142005603       0.21592109700481102     
   1.9659999999998943       -1.0837271369809347      -0.89116248200772352       0.19256465497321118       0.21608254259018755     
   1.9669999999998942       -1.0915654013691591      -0.89748921806460014       0.19407618330455900       0.21624347056009940     
   1.9679999999998941       -1.0991869203299873      -0.90363645926959357       0.19555046106039375       0.21640390784857946     
   1.9689999999998939       -1.1065901262105418      -0.90960297619495434       0.19698715001558742       0.21656388025424331     
   1.9699999999998938       -1.1137734947070301      -0.91538757555718642       0.19838591914984371       0.21672341251637414     
   1.9709999999998937       -1.1207355451782763      -0.92098910045570004       0.19974644472257630       0.21688252838577884     
   1.9719999999998936       -1.1274748409505813      -0.92640643060418792       0.20106841034639333       0.21704125069086538     
   1.9729999999998935       -1.1339899896138506      -0.93163848255467874       0.20235150705917182       0.21719960139935032     
   1.9739999999998934       -1.1402796433089297      -0.93668420991422319       0.20359543339470654       0.21735760167597015     
   1.9749999999998933       -1.1463424990060860      -0.94154260355416897       0.20479989545191701       0.21751527193653372     
   1.9759999999998932       -1.1521772987745806      -0.94621269181198331       0.20596460696259733       0.21767263189862540     
   1.9769999999998931       -1.1577828300432740      -0.95069354068558221       0.20708928935769177       0.21782970062923918     
   1.9779999999998930       -1.1631579258522124      -0.95498425402012754       0.20817367183208491       0.21798649658960489     
   1.9789999999998928       -1.1683014650951422      -0.95908397368725540       0.20921749140788681       0.21814303767743895     
   1.9799999999998927       -1.1732123727529016      -0.96299187975669842       0.21022049299620316       0.21829934126683989     
   1.9809999999998926       -1.1778896201176419      -0.96670719066026967       0.21118242945737220       0.21845542424602502     
   1.9819999999998925       -1.1823322250078316      -0.97022916334817311       0.21210306165965853       0.21861130305309526     
   1.9829999999998924       -1.1865392519739979      -0.97355709343761154       0.21298215853638636       0.21876699370999436     
   1.9839999999998923       -1.1905098124951625      -0.97669031535366058       0.21381949714150195       0.21892251185482237     
   1.9849999999998922       -1.1942430651659324      -0.97962820246238147       0.21461486270355090       0.21907787277264743     
   1.9859999999998921       -1.1977382158742031      -0.98237016719614567       0.21536804867805748       0.21923309142495148     
   1.9869999999998920       -1.2009945179694408      -0.98491566117114671       0.21607885679829408       0.21938818247783606     
   1.9879999999998919       -1.2040112724215035      -0.98726417529707489       0.21674709712442863       0.21954316032910631     
   1.9889999999998917       -1.2067878279699724      -0.98941523987893365       0.21737258809103877       0.21969803913434444     
   1.9899999999998916       -1.2093235812639569      -0.99136842471097719       0.21795515655297970       0.21985283283207471     
   1.9909999999998915       -1.2116179769923474      -0.99312333916274986       0.21849463782959755       0.22000755516812132     
   1.9919999999998914       -1.2136705080044852      -0.99467963225721123       0.21899087574727394       0.22016221971924901     
   1.9929999999998913       -1.2154807154212244      -0.99603699274093027       0.21944372268029411       0.22031683991617723     
   1.9939999999998912       -1.2170481887363629      -0.99719514914633500       0.21985303959002789       0.22047142906605255     
   1.9949999999998911       -1.2183725659084170      -0.99815386984600496       0.22021869606241207       0.22062600037445868     
   1.9959999999998910       -1.2194535334427239      -0.99891296309899602       0.22054057034372787       0.22078056696704562     
   1.9969999999998909       -1.2202908264638490      -0.99947227708918807       0.22081854937466094       0.22093514191085079     
   1.9979999999998908       -1.2208842287782857      -0.99983169995564758       0.22105252882263815       0.22108973823538902     
   1.9989999999998906       -1.2212335729274297      -0.99999115981499931       0.22124241311243042       0.22124436895358235     
   1.9999999999998905       -1.2213387402308180      -0.99995062477580299       0.22138811545501502       0.22139904708260172     
   2.0009999999998906       -1.2211996608196207      -0.99971010294493134       0.22148955787468938       0.22155378566469289     
   2.0019999999998905       -1.2208163136603774      -0.99926964242594885       0.22154667123442850       0.22170859778805527     
   2.0029999999998904       -1.2201887265689699      -0.99862933130949105       0.22155939525947888       0.22186349660784610     
   2.0039999999998903       -1.2193169762148306      -0.99778929765564683       0.22152767855918376       0.22201849536738219     
   2.0049999999998902       -1.2182011881153774      -0.99674970946834673       0.22145147864703063       0.22217360741960984     
   2.0059999999998901       -1.2168415366206813      -0.99551077466176285       0.22133076195891843       0.22232884624892010     
   2.0069999999998900       -1.2152382448883621      -0.99407274101872667       0.22116550386963540       0.22248422549338270     
   2.0079999999998899       -1.2133915848487187      -0.99243589614117311       0.22095568870754556       0.22263975896747976     
   2.0089999999998898       -1.2113018771600976      -0.99060056739262148       0.22070130976747615       0.22279546068541858     
   2.0099999999998897       -1.2089694911545068      -0.98856712183270345       0.22040236932180335       0.22295134488510973     
   2.0109999999998895       -1.2063948447734840      -0.98633596614375274       0.22005887862973128       0.22310742605289827     
   2.0119999999998894       -1.2035784044942304      -0.98390754654946966       0.21967085794476071       0.22326371894914207     
   2.0129999999998893       -1.2005206852460220      -0.98128234872567810       0.21923833652034386       0.22342023863473459     
   2.0139999999998892       -1.1972222503169148      -0.97846089770319189       0.21876135261372287       0.22357700049867740     
   2.0149999999998891       -1.1936837112507583      -0.97544375776281034       0.21823995348794800       0.22373402028681125     
   2.0159999999998890       -1.1899057277345384      -0.97223153232246418       0.21767419541207422       0.22389131413182481     
   2.0169999999998889       -1.1858890074760684      -0.96882486381653365       0.21706414365953475       0.22404889858466739     
   2.0179999999998888       -1.1816343060720516      -0.96522443356736409       0.21640987250468746       0.22420679064749760     
   2.0189999999998887       -1.1771424268665394      -0.96143096164900343       0.21571146521753592       0.22436500780831653     
   2.0199999999998886       -1.1724142207998129      -0.95744520674319011       0.21496901405662283       0.22452356807743956     
   2.0209999999998884       -1.1674505862477131      -0.95326796598761898       0.21418262026009416       0.22468249002597446     
   2.0219999999998883       -1.1622524688514533      -0.94890007481651661       0.21335239403493667       0.22484179282649061     
   2.0229999999998882       -1.1568208613379440      -0.94434240679355708       0.21247845454438696       0.22500149629607488     
   2.0239999999998881       -1.1511568033306645      -0.93959587343715234       0.21156092989351216       0.22516162094198794     
   2.0249999999998880       -1.1452613811511172      -0.93466142403815133       0.21059995711296586       0.22532218801015749     
   2.0259999999998879       -1.1391357276109038      -0.92954004546998514       0.20959568214091862       0.22548321953676009     
   2.0269999999998878       -1.1327810217944603      -0.92423276199129567       0.20854825980316460       0.22564473840316937     
   2.0279999999998877       -1.1261984888324945      -0.91874063504108705       0.20745785379140746       0.22580676839457497     
   2.0289999999998876       -1.1193893996661699      -0.91306476302644168       0.20632463663972822       0.22596933426260499     
   2.0299999999998875       -1.1123550708020788      -0.90720628110284229       0.20514878969923656       0.22613246179231489     
   2.0309999999998873       -1.1050968640580545      -0.90116636094714475       0.20393050311090977       0.22629617787394385     
   2.0319999999998872       -1.0976161862998697      -0.89494621052324641       0.20266997577662327       0.22646051057988012     
   2.0329999999998871       -1.0899144891688732      -0.88854707384049758       0.20136741532837565       0.22662548924731810     
   2.0339999999998870       -1.0819932688006169      -0.88197023070490366       0.20002303809571320       0.22679114456714405     
   2.0349999999998869       -1.0738540655345268      -0.87521699646316831       0.19863706907135847       0.22695750867964057     
   2.0359999999998868       -1.0654984636146765      -0.86828872173962834       0.19720974187504814       0.22712461527766445     
   2.0369999999998867       -1.0569280908817194      -0.86118679216613336       0.19574129871558599       0.22729249971802298     
   2.0379999999998866       -1.0481446184560392      -0.85391262810492430       0.19423199035111494       0.22746119914185028     
   2.0389999999998865       -1.0391497604121829      -0.84646768436456532       0.19268207604761756       0.22763075260488180     
   2.0399999999998863       -1.0299452734446353      -0.83885344990898725       0.19109182353564802       0.22780120121861672     
   2.0409999999998862       -1.0205329565250052      -0.83107144755969964       0.18946150896530556       0.22797258830348119     
   2.0419999999998861       -1.0109146505506861      -0.82312323369123142       0.18779141685945466       0.22814495955522823     
   2.0429999999998860       -1.0010922379850620      -0.81501039791986141       0.18608184006520057       0.22831836322595933     
   2.0439999999998859      -0.99106764248932777      -0.80673456278570022       0.18433307970362756       0.22849285032131880     
   2.0449999999998858      -0.98084282854599658      -0.79829738342818768       0.18254544511780890       0.22866847481560124     
   2.0459999999998857      -0.97041980107416759      -0.78970054725507044       0.18071925381909715       0.22884529388672878     
   2.0469999999998856      -0.95980060503662934      -0.78094577360492601       0.17885483143170333       0.22902336817329971     
   2.0479999999998855      -0.94898732503887628      -0.77203481340330093       0.17695251163557535       0.22920276205619455     
   2.0489999999998854      -0.93798208492011592      -0.76296944881253137       0.17501263610758455       0.22938354396754720     
   2.0499999999998852      -0.92678704733634776      -0.75375149287531651       0.17303555446103125       0.22956578673026165     
   2.0509999999998851      -0.91540441333559552      -0.74438278915211631       0.17102162418347922       0.22974956793168219     
   2.0519999999998850      -0.90383642192537605      -0.73486521135244542       0.16897121057293063       0.22993497033552063     
   2.0529999999998849      -0.89208534963248942      -0.72520066296013752       0.16688468667235190       0.23012208233671338     
   2.0539999999998848      -0.88015351005521780      -0.71539107685265479       0.16476243320256301       0.23031099846454783     
   2.0549999999998847      -0.86804325340801969      -0.70543841491451897       0.16260483849350071       0.23050181994016339     
   2.0559999999998846      -0.85575696605881046      -0.69534466764494118       0.16041229841386928       0.23069465529543609     
   2.0569999999998845      -0.84329707005891963      -0.68511185375972827       0.15818521629919136       0.23088962106130426     
   2.0579999999998844      -0.83066602266581702      -0.67474201978754689       0.15592400287827013       0.23108684253481834     
   2.0589999999998843      -0.81786631585870262      -0.66423723966062420       0.15362907619807842       0.23128645463565314     
   2.0599999999998841      -0.80490047584705504      -0.65359961429996849       0.15130086154708655       0.23148860286451647     
   2.0609999999998840      -0.79177106257223573      -0.64283127119519190       0.14893979137704383       0.23169344437790915     
   2.0619999999998839      -0.77848066920224701      -0.63193436397901981       0.14654630522322720       0.23190114919607779     
   2.0629999999998838      -0.76503192161974387      -0.62091107199657125       0.14412084962317262       0.23211190156384984     
   2.0639999999998837      -0.75142747790340025      -0.60976359986949713       0.14166387803390312       0.23232590148743271     
   2.0649999999998836      -0.73767002780273272      -0.59849417705506347       0.13917585074766925       0.23254336647433180     
   2.0659999999998835      -0.72376229220648447      -0.58710505740026708       0.13665723480621739       0.23276453350843715     
   2.0669999999998834      -0.70970702260467577      -0.57559851869107403       0.13410850391360174       0.23298966129823953     
   2.0679999999998833      -0.69550700054442571      -0.56397686219686971       0.13153013834755600       0.23321903284330525     
   2.0689999999998832      -0.68116503707965470      -0.55224241221021286       0.12892262486944184       0.23345295837286584     
   2.0699999999998830      -0.66668397221477482      -0.54039751558198468       0.12628645663279014       0.23369177872104965     
   2.0709999999998829      -0.65206667434247900      -0.52844454125202645       0.12362213309045256       0.23393586921639623     
   2.0719999999998828      -0.63731603967574024      -0.51638587977535966       0.12093015990038058       0.23418564417948090     
   2.0729999999998827      -0.62243499167413296      -0.50422394284408278       0.11821104883005018       0.23444156214256501     
   2.0739999999998826      -0.60742648046459058      -0.49196116280504099       0.11546531765954959       0.23470413193024198     
   2.0749999999998825      -0.59229348225671341      -0.47959999217336474       0.11269349008334867       0.23497391977148421     
   2.0759999999998824      -0.57703899875274323      -0.46714290314197515       0.10989609561076807       0.23525155765315822     
   2.0769999999998823      -0.56166605655232171      -0.45459238708715344       0.10707366946516828       0.23553775317544054     
   2.0779999999998822      -0.54617770655214970      -0.44195095407027418       0.10422675248187552       0.23583330123392499     
   2.0789999999998821      -0.53057702334066725      -0.42922113233580123       0.10135589100486603       0.23613909793604995     
   2.0799999999998819      -0.51486710458787432      -0.41640546780564730        9.8461636782227024E-002  0.23645615726684674     
   2.0809999999998818      -0.49905107043041325      -0.40350652356999817        9.5544546860415080E-002  0.23678563115929530     
   2.0819999999998817      -0.48313206285203464      -0.39052687937470304        9.2605183477331598E-002  0.23712883380935915     
   2.0829999999998816      -0.46711324505956991      -0.37746913110533409        8.9644113954235827E-002  0.23748727132132116     
   2.0839999999998815      -0.45099780085453478      -0.36433589026801788        8.6661910586516899E-002  0.23786267809840378     
   2.0849999999998814      -0.43478893400048774      -0.35112978346714296        8.3659150533344773E-002  0.23825706183985157     
   2.0859999999998813      -0.41848986758626977      -0.33785345188004773        8.0636415706222042E-002  0.23867275961664994     
   2.0869999999998812      -0.40210384338525174      -0.32450955072879367        7.7594292656458064E-002  0.23911250834434419     
   2.0879999999998811      -0.38563412121071644      -0.31110074874912991        7.4533372461586533E-002  0.23957953415820890     
   2.0889999999998810      -0.36908397826750411      -0.29762972765675483        7.1454250610749281E-002  0.24007766688264010     
   2.0899999999998808      -0.35245670850004962      -0.28409918161098208        6.8357526889067544E-002  0.24061148821846917     
   2.0909999999998807      -0.33575562193694164      -0.27051181667591745        6.5243805261024190E-002  0.24118652583368858     
   2.0919999999998806      -0.31898404403213365      -0.25687035027925531        6.2113693752878341E-002  0.24180951084993557     
   2.0929999999998805      -0.30214531500293829      -0.24317751066880186        5.8967804334136426E-002  0.24248872427371887     
   2.0939999999998804      -0.28524278916493645      -0.22943603636683488        5.5806752798101572E-002  0.24323447040758098     
   2.0949999999998803      -0.26827983426393404      -0.21564867562240836        5.2631158641525677E-002  0.24405973507428624     
   2.0959999999998802      -0.25125983080509867      -0.20181818586171174        4.9441644943386931E-002  0.24498111868503736     
   2.0969999999998801      -0.23418617137941050      -0.18794733313659404        4.6238838242816466E-002  0.24602018805561648     
   2.0979999999998800      -0.21706225998756132      -0.17403889157136254        4.3023368416198776E-002  0.24720548394527991     
   2.0989999999998799      -0.19989151136143624      -0.16009564280796731        3.9795868553468922E-002  0.24857558803897967     
   2.0999999999998797      -0.18267735028331364      -0.14612037544968196        3.6556974833631684E-002  0.25018396456434272     
   2.1009999999998796      -0.16542321090291875      -0.13211588450339237        3.3307326399526382E-002  0.25210690239651795     
   2.1019999999998795      -0.14813253605246721      -0.11808497082060462        3.0047565231862583E-002  0.25445715083853487     
   2.1029999999998794      -0.13080877655983508      -0.10403044053728401        2.6778336022551072E-002  0.25740865735307394     
   2.1039999999998793      -0.11345539055999247       -8.9955104512637191E-002   2.3500286047355282E-002  0.26124460834853330     
   2.1049999999998792       -9.6075842804837885E-002  -7.5861777766949759E-002   2.0214065037888126E-002  0.26645915285542737     
   2.1059999999998791       -7.8673603971571304E-002  -6.1753278918591524E-002   1.6920325052979780E-002  0.27399881187338421     
   2.1069999999998790       -6.1252149969743756E-002  -4.7632429620302258E-002   1.3619720349441498E-002  0.28593377364979922     
   2.1079999999998789       -4.3814961247121892E-002  -3.3502053994870558E-002   1.0312907252251334E-002  0.30782910366720578     
   2.1089999999998787       -2.6365522094506082E-002  -1.9364978070318690E-002   7.0005440241873926E-003  0.36150539384897867     
   2.1099999999998786       -8.9073199496408489E-003  -5.2240292147064053E-003   3.6832907349344437E-003  0.70506702461874493     
   2.1109999999998785        8.5561552996432852E-003   8.9179644293332378E-003   3.6180912968995262E-004   4.0570820006848099E-002
   2.1119999999998784        2.6021412012917348E-002   2.3058174510212984E-002   2.9632375027043648E-003  0.12851136595361790     
   2.1129999999998783        4.3484957495131482E-002   3.7193773033052255E-002   6.2911844620792273E-003  0.16914617553020406     
   2.1139999999998782        6.0943298694943034E-002   5.1321932925266725E-002   9.6213657696763086E-003  0.18747083792979150     
   2.1149999999998781        7.8392942903255561E-002   6.5439828601973379E-002   1.2953114301282181E-002  0.19793930665783516     
   2.1159999999998780        9.5830398451829099E-002   7.9544636531098112E-002   1.6285761920730987E-002  0.20473739815712202     
   2.1169999999998779       0.11325217541182198        9.3633535798072681E-002   1.9618639613749295E-002  0.20952577990922264     
   2.1179999999998778       0.13065478629212449       0.10770370867000825        2.2951077622116234E-002  0.21309458982917376     
   2.1189999999998776       0.14803474673734462       0.12175234115923260        2.6282405578112025E-002  0.21586776342755365     
   2.1199999999998775       0.16538857622530634       0.13577662358607820        2.9611952639228140E-002  0.21809315813819066     
   2.1209999999998774       0.18271279876392060       0.14977375114080885        3.2939047623111756E-002  0.21992536991441389     
   2.1219999999998773       0.20000394358728979       0.16374092444457228        3.6263019142717512E-002  0.22146582637007683     
   2.1229999999998772       0.21725854585090620       0.17767535010926649        3.9583195741639710E-002  0.22278383420827313     
   2.1239999999998771       0.23447314732580515       0.19157424129620823        4.2898906029596923E-002  0.22392836186816734     
   2.1249999999998770       0.25164429709153391       0.20543481827349128        4.6209478818042632E-002  0.22493499011703497     
   2.1259999999998769       0.26876855222779750       0.21925430897192363        4.9514243255873863E-002  0.22583019457197695     
   2.1269999999998768       0.28584247850464278       0.23302994953943212        5.2812528965210659E-002  0.22663408317081576     
   2.1279999999998767       0.30286265107104254       0.24675898489382359        5.6103666177218958E-002  0.22736220203434318     
   2.1289999999998765       0.31982565514174138       0.26043866927379211        5.9386985867949271E-002  0.22802675974940320     
   2.1299999999998764       0.33672808668222598       0.27406626678806223        6.2661819894163751E-002  0.22863747745584709     
   2.1309999999998763       0.35356655309168222       0.28763905196255785        6.5927501129124377E-002  0.22920219170276712     
   2.1319999999998762       0.37033767388380207       0.30115431028548828        6.9183363598313785E-002  0.22972729008171702     
   2.1329999999998761       0.38703808136530354       0.31460933875024127        7.2428742615062269E-002  0.23021803136162219     
   2.1339999999998760       0.40366442131202829       0.32800144639597545        7.5662974916052839E-002  0.23067878433898642     
   2.1349999999998759       0.42021335364247997       0.34132795484580358        7.8885398796676387E-002  0.23111320850445202     
   2.1359999999998758       0.43668155308866924       0.35458619884245884        8.2095354246210395E-002  0.23152439241631345     
   2.1369999999998757       0.45306570986412997       0.36777352678133751        8.5292183082792461E-002  0.23191496089794295     
   2.1379999999998756       0.46936253032897302       0.38088730124081105        8.8475229088161966E-002  0.23228715895735430     
   2.1389999999998754       0.48556873765184322       0.39392489950970166        9.1643838142141554E-002  0.23264291812019497     
   2.1399999999998753       0.50168107246864757       0.40688371411181562        9.4797358356831951E-002  0.23298390933086280     
   2.1409999999998752       0.51769629353792157       0.41976115332743003        9.7935140210491545E-002  0.23331158549132899     
   2.1419999999998751       0.53361117839270189       0.43255464171162800       0.10105653668107389       0.23362721593089605     
   2.1429999999998750       0.54942252398877467       0.44526162060937913       0.10416090337939554       0.23393191453788970     
   2.1439999999998749       0.56512714734916880       0.45787954866726183       0.10724759868190697       0.23422666287251701     
   2.1449999999998748       0.58072188620476528       0.47040590234172569       0.11031598386303959       0.23451232927536844     
   2.1459999999998747       0.59620359963089187       0.48283817640379179       0.11336542322710008       0.23478968475826140     
   2.1469999999998746       0.61156916867977751       0.49517388444008997       0.11639528423968754       0.23505941629231852     
   2.1479999999998745       0.62681549700873695       0.50741055935013335       0.11940493765860360       0.23532213797744300     
   2.1489999999998743       0.64193951150396045       0.51954575383973034       0.12239375766423011       0.23557840047709480     
   2.1499999999998742       0.65693816289978224       0.53157704091043489       0.12536112198934735       0.23582869902477480     
   2.1509999999998741       0.67180842639330318       0.54350201434493861       0.12830641204836457       0.23607348024828795     
   2.1519999999998740       0.68654730225424421       0.55531828918830572       0.13122901306593848       0.23631314801058059     
   2.1529999999998739       0.70115181642990654       0.56702350222495657       0.13412831420494997       0.23654806842862913     
   2.1539999999998738       0.71561902114511799       0.57861531245130238       0.13700370869381562       0.23677857420226184     
   2.1549999999998737       0.72994599549704353       0.59009140154393869       0.13985459395310484       0.23700496836114490     
   2.1559999999998736       0.74412984604473997       0.60144947432330187       0.14268037172143810       0.23722752751919773     
   2.1569999999998735       0.75816770739333705       0.61268725921269751       0.14548044818063954       0.23744650471038320     
   2.1579999999998734       0.77205674277272518       0.62380250869260834       0.14825423408011684       0.23766213186739876     
   2.1589999999998732       0.78579414461063468       0.63479299975019032       0.15100114486044436       0.23787462199467818     
   2.1599999999998731       0.79937713509998964       0.64565653432386827       0.15372060077612137       0.23808417107881924     
   2.1609999999998730       0.81280296676042241       0.65639093974294049       0.15641202701748191       0.23829095977274894     
   2.1619999999998729       0.82606892299383516       0.66699406916210557       0.15907485383172959       0.23849515488430556     
   2.1629999999998728       0.83917231863389585       0.67746380199082479       0.16170851664307107       0.23869691069525389     
   2.1639999999998727       0.85211050048935777       0.68779804431743263       0.16431245617192514       0.23889637013287526     
   2.1649999999998726       0.86488084788109298       0.69799472932791240       0.16688611855318058       0.23909366581302480     
   2.1659999999998725       0.87748077317273032       0.70805181771925207       0.16942895545347825       0.23928892097083510     
   2.1669999999998724       0.88990772229479143       0.71796729810729820       0.17194042418749322       0.23948225029296141     
   2.1679999999998723       0.90215917526221800       0.72773918742902588       0.17441998783319212       0.23967376066333210     
   2.1689999999998721       0.91423264668518556       0.73736553133914484       0.17686711534604072       0.23986355183273711     
   2.1699999999998720       0.92612568627310066       0.74684440460096191       0.17928128167213875       0.24005171702120273     
   2.1709999999998719       0.93783587933167878       0.75617391147142199       0.18166196786025679       0.24023834346091735     
   2.1719999999998718       0.94936084725300229       0.76535218608025057       0.18400866117275172       0.24042351288646818     
   2.1729999999998717       0.96069824799845938       0.77437739280312101       0.18632085519533836       0.24060730197828603     
   2.1739999999998716       0.97184577657446591       0.78324772662877384       0.18859804994569207       0.24078978276445037     
   2.1749999999998715       0.98280116550087271       0.79196141352001270       0.19083975198086001       0.24097102298537368     
   2.1759999999998714       0.99356218527196472       0.80051671076850595       0.19304547450345877       0.24115108642533237     
   2.1769999999998713        1.0041266448099564       0.80891190734332252       0.19521473746663387       0.24133003321433347     
   2.1779999999998712        1.0144923919108937       0.81714532423313246       0.19734706767776122       0.24150792010339875     
   2.1789999999998710        1.0246573136828692       0.82521531478200338       0.19944199890086578       0.24168480071598314     
   2.1799999999998709        1.0346193369764625       0.83312026501872638       0.20149907195773609       0.24186072577793666     
   2.1809999999998708        1.0443764288073192       0.84085859397960494       0.20351783482771424       0.24203574332814701     
   2.1819999999998707        1.0539265967707805       0.84842875402464213       0.20549784274613836       0.24220989891175917     
   2.1829999999998706        1.0632678894484804       0.85582923114706366       0.20743865830141672       0.24238323575766127     
   2.1839999999998705        1.0723983968068260       0.86305854527611414       0.20933985153071188       0.24255579494174268     
   2.1849999999998704        1.0813162505872820       0.87011525057306627       0.21120100001421571       0.24272761553727129     
   2.1859999999998703        1.0900196246883767       0.87699793572038387       0.21302168896799278       0.24289873475359147     
   2.1869999999998702        1.0985067355393539       0.88370522420398046       0.21480151133537340       0.24306918806422267     
   2.1879999999998700        1.1067758424653933       0.89023577458851777       0.21654006787687552       0.24323900932532627     
   2.1889999999998699        1.1148252480443250       0.89658828078568820       0.21823696725863684       0.24340823088541139     
   2.1899999999998698        1.1226532984547637       0.90276147231542803       0.21989182613933567       0.24357688368706179     
   2.1909999999998697        1.1302583838155935       0.90875411456000921       0.22150426925558431       0.24374499736139282     
   2.1919999999998696        1.1376389385167323       0.91456500901095916       0.22307392950577309       0.24391260031587325     
   2.1929999999998695        1.1447934415411078       0.92019299350875794       0.22460044803234991       0.24407971981609342     
   2.1939999999998694        1.1517204167777801       0.92563694247526651       0.22608347430251363       0.24424638206199803     
   2.1949999999998693        1.1584184333261442       0.93089576713883870       0.22752266618730554       0.24441261225906039     
   2.1959999999998692        1.1648861057911528       0.93596841575207190       0.22891769003908091       0.24457843468482893     
   2.1969999999998691        1.1711220945694960       0.94085387380215280       0.23026822076734321       0.24474387275123777     
   2.1979999999998689        1.1771251061266810       0.94555116421375685       0.23157394191292413       0.24490894906303892     
   2.1989999999998688        1.1828938932649522       0.95005934754445998       0.23283454572049223       0.24507368547268174     
   2.1999999999998687        1.1884272553819981       0.95437752217262373       0.23404973320937439       0.24523810313193908     
   2.2009999999998686        1.1937240387203909       0.95850482447771690       0.23521921424267400       0.24540222254055261     
   2.2019999999998685        1.1987831366077073       0.96244042901303661       0.23634270759467069       0.24556606359214919     
   2.2029999999998684        1.2036034896872796       0.96618354867079503       0.23741994101648456       0.24572964561765684     
   2.2039999999998683        1.2081840861395303       0.96973343483953800       0.23845065129999232       0.24589298742643517     
   2.2049999999998682        1.2125239618938437       0.97308937755386526       0.23943458433997844       0.24605610734531377     
   2.2059999999998681        1.2166222008309291       0.97625070563642069       0.24037149519450840       0.24621902325572151     
   2.2069999999998680        1.2204779349756358       0.97921678683212598       0.24126114814350985       0.24638175262907430     
   2.2079999999998678        1.2240903446801763       0.98198702793462933       0.24210331674554697       0.24654431256057666     
   2.2089999999998677        1.2274586587977216       0.98456087490494459       0.24289778389277705       0.24670671980158451     
   2.2099999999998676        1.2305821548463309       0.98693781298225758       0.24364434186407335       0.24686899079066232     
   2.2109999999998675        1.2334601591631806       0.98911736678687623       0.24434279237630441       0.24703114168346477     
   2.2119999999998674        1.2360920470490611       0.99109910041530502       0.24499294663375604       0.24719318838156090     
   2.2129999999998673        1.2384772429031090       0.99288261752742435       0.24559462537568466       0.24735514656031443     
   2.2139999999998672        1.2406152203477472       0.99446756142575699       0.24614765892199020       0.24751703169592687     
   2.2149999999998671        1.2425055023438047       0.99585361512680670       0.24665188721699804       0.24767885909174583     
   2.2159999999998670        1.2441476612957927       0.99704050142445355       0.24710715987133913       0.24784064390393534     
   2.2169999999998669        1.2455413191473119       0.99802798294539452       0.24751333620191740       0.24800240116660105     
   2.2179999999998667        1.2466861474665718       0.99881586219661711       0.24787028526995469       0.24816414581646018     
   2.2189999999998666        1.2475818675220023       0.99940398160489752       0.24817788591710477       0.24832589271714442     
   2.2199999999998665        1.2482282503479396       0.99979222354831454       0.24843602679962506       0.24848765668321834     
   2.2209999999998664        1.2486251168003724       0.99998051037977365       0.24864460642059871       0.24864945250399750     
   2.2219999999998663        1.2487723376027355       0.99996880444253633       0.24880353316019921       0.24881129496724896     
   2.2229999999998662        1.2486698333817388       0.99975710807775087       0.24891272530398789       0.24897319888285308     
   2.2239999999998661        1.2483175746932214       0.99934546362398469       0.24897211106923667       0.24913517910650695     
   2.2249999999998660        1.2477155820380277       0.99873395340875637       0.24898162862927131       0.24929725056355370     
   2.2259999999998659        1.2468639258678953       0.99792269973207048       0.24894122613582481       0.24945942827301390     
   2.2269999999998658        1.2457627265813553       0.99691186484195815       0.24885086173939719       0.24962172737190549     
   2.2279999999998656        1.2444121545096418       0.99570165090202789       0.24871050360761393       0.24978416313993418     
   2.2289999999998655        1.2428124298926120       0.99429229995103352       0.24852012994157846       0.24994675102464081     
   2.2299999999998654        1.2409638228446802       0.99268409385446721       0.24827972899021300       0.25010950666709497     
   2.2309999999998653        1.2388666533107699       0.99087735424818746       0.24798929906258249       0.25027244592822534     
   2.2319999999998652        1.2365212910122907       0.98887244247409289       0.24764884853819780       0.25043558491588347     
   2.2329999999998651        1.2339281553831494       0.98666975950785507       0.24725839587529430       0.25059894001274075     
   2.2339999999998650        1.2310877154958055       0.98426974587872473       0.24681796961708080       0.25076252790512177     
   2.2349999999998649        1.2280004899773851       0.98167288158142740       0.24632760839595769       0.25092636561288711     
   2.2359999999998648        1.2246670469158654       0.97887968598016606       0.24578736093569931       0.25109047052047967     
   2.2369999999998647        1.2210880037563503       0.97589071770475011       0.24519728605160018       0.25125486040926065     
   2.2379999999998645        1.2172640271874520       0.97270657453887099       0.24455745264858098       0.25141955349126516     
   2.2389999999998644        1.2131958330178023       0.96932789330054780       0.24386793971725451       0.25158456844452048     
   2.2399999999998643        1.2088841860427153       0.96575534971476551       0.24312883632794979       0.25174992445007688     
   2.2409999999998642        1.2043298999010248       0.96198965827833249       0.24234024162269230       0.25191564123091226     
   2.2419999999998641        1.1995338369221256       0.95803157211698331       0.24150226480514225       0.25208173909288756     
   2.2429999999998640        1.1944969079632461       0.95388188283475617       0.24061502512848998       0.25224823896793985     
   2.2439999999998639        1.1892200722369823       0.94954142035567479       0.23967865188130755       0.25241516245971646     
   2.2449999999998638        1.1837043371291258       0.94501105275776631       0.23869328437135950       0.25258253189187141     
   2.2459999999998637        1.1779507580068220       0.94029168609944869       0.23765907190737334       0.25275037035926495     
   2.2469999999998636        1.1719604380170925       0.93538426423832177       0.23657617377877072       0.25291870178232406     
   2.2479999999998634        1.1657345278757614       0.93028976864239921       0.23544475923336217       0.25308755096485047     
   2.2489999999998633        1.1592742256468269       0.92500921819381798       0.23426500745300893       0.25325694365558549     
   2.2499999999998632        1.1525807765123173       0.91954366898506545       0.23303710752725182       0.25342690661386807     
   2.2509999999998631        1.1456554725326784       0.91389421410776428       0.23176125842491413       0.25359746767976077     
   2.2519999999998630        1.1384996523977371       0.90806198343405775       0.23043766896367934       0.25376865584904579     
   2.2529999999998629        1.1311147011682892       0.90204814339063921       0.22906655777764995       0.25394050135354118     
   2.2539999999998628        1.1235020500083617       0.89585389672547056       0.22764815328289112       0.25411303574722588     
   2.2549999999998627        1.1156631759082005       0.88948048226723675       0.22618269364096377       0.25428629199871428     
   2.2559999999998626        1.1075996013980376       0.88292917467758392       0.22467042672045368       0.25446030459067770     
   2.2569999999998624        1.0993128942526931       0.87620128419619170       0.22311161005650137       0.25463510962686980     
   2.2579999999998623        1.0908046671870690       0.86929815637872920       0.22150651080833983       0.25481074494748562     
   2.2589999999998622        1.0820765775425945       0.86222117182774893       0.21985540571484552       0.25498725025365920     
   2.2599999999998621        1.0731303269646824       0.85497174591657021       0.21815858104811214       0.25516466724199854     
   2.2609999999998620        1.0639676610712618       0.84755132850620984       0.21641633256505199       0.25534303975014810     
   2.2619999999998619        1.0545903691124483       0.83996140365541427       0.21462896545703403       0.25552241391448910     
   2.2629999999998618        1.0450002836214205       0.83220348932385313       0.21279679429756737       0.25570283834120910     
   2.2639999999998617        1.0351992800565704       0.82427913706853218       0.21092014298803818       0.25588436429211947     
   2.2649999999998616        1.0251892764349959       0.81618993173348708       0.20899934470150883       0.25606704588675816     
   2.2659999999998615        1.0149722329574100       0.80793749113281998       0.20703474182459003       0.25625094032250423     
   2.2669999999998613        1.0045501516245372       0.79952346572714206       0.20502668589739514       0.25643610811463757     
   2.2679999999998612       0.99392507584507295       0.79094953829348669       0.20297553755158626       0.25662261335851611     
   2.2689999999998611       0.98309909003528373       0.78221742358875990       0.20088166644652383       0.25681052401631826     
   2.2699999999998610       0.97207431921032550       0.77332886800679457       0.19874545120353093       0.25699991223111140     
   2.2709999999998609       0.96085292856736026       0.76428564922907771       0.19656727933828255       0.25719085467136105     
   2.2719999999998608       0.94943712306055295       0.75508957586921976       0.19434754719133318       0.25738343290941396     
   2.2729999999998607       0.93782914696803210       0.74574248711123825       0.19208665985679385       0.25757773383795601     
   2.2739999999998606       0.92603128345089913       0.73624625234172658       0.18978503110917255       0.25777385012899784     
   2.2749999999998605       0.91404585410437256       0.72660277077598368       0.18744308332838888       0.25797188074056876     
   2.2759999999998604       0.90187521850115582       0.71681397107817657       0.18506124742297925       0.25817193147703904     
   2.2769999999998602       0.88952177372711827       0.70688181097561442       0.18263996275150385       0.25837411560983631     
   2.2779999999998601       0.87698795390938045       0.69680827686720959       0.18017967704217086       0.25857855456631956     
   2.2789999999998600       0.86427622973689722       0.68659538342620408       0.17768084631069314       0.25878537869573431     
   2.2799999999998599       0.85138910797363210       0.67624517319724198       0.17514393477639012       0.25899472812252589     
   2.2809999999998598       0.83832913096441963       0.66575971618786733       0.17256941477655230       0.25920675369889129     
   2.2819999999998597       0.82509887613361244       0.65514110945452930       0.16995776667908313       0.25942161807032688     
   2.2829999999998596       0.81170095547661236       0.64439147668317809       0.16730947879343427       0.25963949687015142     
   2.2839999999998595       0.79813801504438553       0.63351296776453458       0.16462504727985094       0.25986058006162099     
   2.2849999999998594       0.78441273442106341       0.62250775836411965       0.16190497605694376       0.26008507344938453     
   2.2859999999998593       0.77052782619473237       0.61137804948712815       0.15914977670760422       0.26031320038577038     
   2.2869999999998591       0.75648603542151716       0.60012606703823523       0.15635996838328192       0.26054520370187473     
   2.2879999999998590       0.74229013908306296       0.58875406137642283       0.15353607770664013       0.26078134789880636     
   2.2889999999998589       0.72794294553752448       0.57726430686491537       0.15067863867260911       0.26102192164094629     
   2.2899999999998588       0.71344729396416939       0.56565910141631470       0.14778819254785469       0.26126724060095213     
   2.2909999999998587       0.69880605380170679       0.55394076603302522       0.14486528776868157       0.26151765071582561     
   2.2919999999998586       0.68402212418045139       0.54211164434306114       0.14191047983739025       0.26177353192506952     
   2.2929999999998585       0.66909843334843555       0.53017410213132887       0.13892433121710668       0.26203530247634366     
   2.2939999999998584       0.65403793809158373       0.51813052686647754       0.13590741122510619       0.26230342390177214     
   2.2949999999998583       0.63884362314806220       0.50598332722341355       0.13286029592464865       0.26257840679004246     
   2.2959999999998582       0.62351850061692227       0.49373493260157358       0.12978356801534868       0.26286081750686935     
   2.2969999999998580       0.60806560936115273       0.48138779263905263       0.12667781672210010       0.26315128605075339     
   2.2979999999998579       0.59248801440525989       0.46894437672268469       0.12354363768257520       0.26345051527429675     
   2.2989999999998578       0.57678880632749474       0.45640717349417365       0.12038163283332109       0.26375929175630680     
   2.2999999999998577       0.56097110064684863       0.44377869035237311       0.11719241029447552       0.26407849868009969     
   2.3009999999998576       0.54503803720493693       0.43106145295181508       0.11397658425312185       0.26440913116363107     
   2.3019999999998575       0.52899277954289592       0.41825800469758756       0.11073477484530836       0.26475231460393150     
   2.3029999999998574       0.51283851427341387       0.40537090623666172       0.10746760803675215       0.26510932675077309     
   2.3039999999998573       0.49657845044802329       0.39240273494577138       0.10417571550225191       0.26548162442509127     
   2.3049999999998572       0.48021581891977799       0.37935608441594604       0.10085973450383195       0.26587087606388310     
   2.3059999999998571       0.46375387170144311       0.36623356393380141        9.7520307767641701E-002  0.26627900162986973     
   2.3069999999998569       0.44719588131932425       0.35303779795969070        9.4158083359633549E-002  0.26670822190655169     
   2.3079999999998568       0.43054514016286510       0.33977142560282142        9.0773714560043683E-002  0.26716111985872043     
   2.3089999999998567       0.41380495983014209       0.32643710009344223        8.7367859736699860E-002  0.26764071765032504     
   2.3099999999998566       0.39697867046938651       0.31303748825220579        8.3941182217180721E-002  0.26815057418794391     
   2.3109999999998565       0.38006962011666490       0.29957526995681344        8.0494350159851458E-002  0.26869490986841293     
   2.3119999999998564       0.36308117402984941       0.28605313760604872        7.7028036423800683E-002  0.26927876781370391     
   2.3129999999998563       0.34601671401901057       0.27247379558130658        7.3542918437703997E-002  0.26990822468195363     
   2.3139999999998562       0.32887963777336582       0.25883995970572593        7.0039678067639888E-002  0.27059066979946877     
   2.3149999999998561       0.31167335818491726       0.24515435670103428        6.6519001483882984E-002  0.27133517992096262     
   2.3159999999998560       0.29440130266891401       0.23141972364221236        6.2981579026701651E-002  0.27215303015431236     
   2.3169999999998558       0.27706691248127380       0.21763880741008831        5.9428105071185483E-002  0.27305840248980701     
   2.3179999999998557       0.25967364203309978       0.20381436414197066        5.5859277891129128E-002  0.27406938724014229     
   2.3189999999998556       0.24222495820242951       0.18994915868043000        5.2275799521999511E-002  0.27520942911860002     
   2.3199999999998555       0.22472433964335262       0.17604596402033976        4.8678375623012859E-002  0.27650946668330734     
   2.3209999999998554       0.20717527609263522       0.16210756075428645        4.5067715338348774E-002  0.27801118670004471     
   2.3219999999998553       0.18958126767398917       0.14813673651646037        4.1444531157528802E-002  0.27977213574516441     
   2.3229999999998552       0.17194582420012458       0.13413628542513814        3.7809538774986440E-002  0.28187405559316803     
   2.3239999999998551       0.15427246447272519       0.12010900752386829        3.4163456948856905E-002  0.28443709304706294     
   2.3249999999998550       0.13656471558048577       0.10605770822147192        3.0507007359013849E-002  0.28764535714187295     
   2.3259999999998549       0.11882611219535183        9.1985197730970303E-002   2.6840914464381527E-002  0.29179601856032666     
   2.3269999999998547       0.10106019586710178        7.7894290507551589E-002   2.3165905359550196E-002  0.29740184047641255     
   2.3279999999998546        8.3270514316412664E-002   6.3787804685689231E-002   1.9482709630723433E-002  0.30543000698524386     
   2.3289999999998545        6.5460620726550123E-002   4.9668561515524401E-002   1.5792059211025722E-002  0.31794879354598898     
   2.3299999999998544        4.7634073033824303E-002   3.5539384798625423E-002   1.2094688235198880E-002  0.34031788405258701     
   2.3309999999998543        2.9794433216953176E-002   2.1403100323236855E-002   8.3913328937163210E-003  0.39206155963330430     
   2.3319999999998542        1.1945266585475282E-002   7.2625352991312550E-003   4.6827312863440274E-003  0.64477914302243411     
   2.3329999999998541       -5.9098589326460026E-003  -6.8794822078233411E-003   9.6962327517733857E-004  0.14094422310950724     
   2.3339999999998540       -2.3767373504084383E-002  -2.1020123841267172E-002   2.7472496628172111E-003  0.13069616923111319     
   2.3349999999998539       -4.1623706103736238E-002  -3.5156561520010593E-002   6.4671445837256453E-003  0.18395270481854839     
   2.3359999999998537       -5.9475285228687273E-002  -4.9285968003640886E-002   1.0189317225046388E-002  0.20673870551337606     
   2.3369999999998536       -7.7318539612417553E-002  -6.3405517457960914E-002   1.3913022154456639E-002  0.21942920288729198     
   2.3379999999998535       -9.5149898939102098E-002  -7.7512386020146554E-002   1.7637512918955545E-002  0.22754444579181587     
   2.3389999999998534      -0.11296579455786417       -9.1603752363509830E-002   2.1362042194354336E-002  0.23320051464249691     
   2.3399999999998533      -0.13076266019683841      -0.10567679826175486        2.5085861935083553E-002  0.23738287256723500     
   2.3409999999998532      -0.14853693267690107      -0.11972870915261370        2.8808223524287371E-002  0.24061249576796662     
   2.3419999999998531      -0.16628505262492438      -0.13375667470074948        3.2528377924174900E-002  0.24319068933905422     
   2.3429999999998530      -0.18400346518641231      -0.14775788935981399        3.6245575826598320E-002  0.24530382765778802     
   2.3439999999998529      -0.20168862073737526      -0.16172955293354768        3.9959067803827575E-002  0.24707338318214589     
   2.3449999999998528      -0.21933697559530091      -0.17566887113580959        4.3668104459491319E-002  0.24858191537948413     
   2.3459999999998526      -0.23694499272907910      -0.18957305614942521        4.7371936579653884E-002  0.24988749742112293     
   2.3469999999998525      -0.25450914246773820      -0.20343932718374066        5.1069815283997538E-002  0.25103216762938230     
   2.3479999999998524      -0.27202590320785153      -0.21726491103077153        5.4760992177079998E-002  0.25204710653587370     
   2.3489999999998523      -0.28949176211947131      -0.23104704261983519        5.8444719499636116E-002  0.25295592982681481     
   2.3499999999998522      -0.30690321585044950      -0.24478296557055584        6.2120250279893652E-002  0.25377685140426248     
   2.3509999999998521      -0.32425677122900382      -0.25846993274413127        6.5786838484872545E-002  0.25452414440018178     
   2.3519999999998520      -0.34154894596438801      -0.27210520679275152        6.9443739171636487E-002  0.25520915233543545     
   2.3529999999998519      -0.35877626934552642      -0.28568606070705926        7.3090208638467158E-002  0.25584100413430183     
   2.3539999999998518      -0.37593528293747197      -0.29920977836154272        7.6725504575929249E-002  0.25642712947442475     
   2.3549999999998517      -0.39302254127554836      -0.31267365505775152        8.0348886217796844E-002  0.25697363662748057     
   2.3559999999998515      -0.41003461255703727      -0.32607499806522755        8.3959614491809720E-002  0.25748559377439473     
   2.3569999999998514      -0.42696807933027109      -0.33941112716004196        8.7556952170229130E-002  0.25796724138906485     
   2.3579999999998513      -0.44381953918099348      -0.35267937516083098        9.1140164020162506E-002  0.25842215462302048     
   2.3589999999998512      -0.46058560541584981      -0.36587708846222344        9.4708516953626365E-002  0.25885336890507410     
   2.3599999999998511      -0.47726290774286995      -0.37900162756555300        9.8261280177316945E-002  0.25926347812403905     
   2.3609999999998510      -0.49384809294880694      -0.39205036760674883       0.10179772534205811       0.25965471213170149     
   2.3619999999998509      -0.51033782557319540      -0.40502069888129999       0.10531712669189541       0.26002899847536154     
   2.3629999999998508      -0.52672878857899408      -0.41791002736618743       0.10881876121280665       0.26038801198099953     
   2.3639999999998507      -0.54301768401967809      -0.43071577523868004       0.11230190878099805       0.26073321488809237     
   2.3649999999998506      -0.55920123370264629      -0.44343538139189065       0.11576585231075565       0.26106588957196081     
   2.3659999999998504      -0.57527617984881052      -0.45606630194698866       0.11920987790182186       0.26138716540315304     
   2.3669999999998503      -0.59123928574823426      -0.46860601076196756       0.12263327498626669       0.26169804093392074     
   2.3679999999998502      -0.60708733641168822      -0.48105199993686476       0.12603533647482346       0.26199940233356239     
   2.3689999999998501      -0.62281713921799253      -0.49340178031533333       0.12941535890265921       0.26229203879229984     
   2.3699999999998500      -0.63842552455701451      -0.50565288198246483       0.13277264257454968       0.26257665545977055     
   2.3709999999998499      -0.65390934646819288      -0.51780285475876431       0.13610649170942857       0.26285388436654777     
   2.3719999999998498      -0.66926548327445989      -0.52984926869017768       0.13941621458428222       0.26312429368625589     
   2.3729999999998497      -0.68449083821143319      -0.54178971453407476       0.14270112367735843       0.26338839562518779     
   2.3739999999998496      -0.69958234005175168      -0.55362180424108964       0.14596053581066204       0.26364665317101488     
   2.3749999999998495      -0.71453694372442789      -0.56534317143272250       0.14919377229170538       0.26389948588856332     
   2.3759999999998493      -0.72935163092909372      -0.57695147187460760       0.15240015905448612       0.26414727491605772     
   2.3769999999998492      -0.74402341074501466      -0.58844438394535215       0.15557902679966251       0.26439036728764309     
   2.3779999999998491      -0.75854932023474975      -0.59981960910085308       0.15872971113389667       0.26462907968586935     
   2.3789999999998490      -0.77292642504233589      -0.61107487233399782       0.16185155270833806       0.26486370170998319     
   2.3799999999998489      -0.78715181998587502      -0.62220792262965874       0.16494389735621628       0.26509449873140190     
   2.3809999999998488      -0.80122262964440571      -0.63321653341488804       0.16800609622951768       0.26532171439598035     
   2.3819999999998487      -0.81513600893893923      -0.64409850300422522       0.17103750593471401       0.26554557282303143     
   2.3829999999998486      -0.82888914370754385      -0.65485165504002696       0.17403748866751689       0.26576628054315460     
   2.3839999999998485      -0.84247925127436074      -0.66547383892773104       0.17700541234662970       0.26598402821038936     
   2.3849999999998484      -0.85590358101243613      -0.67596293026596854       0.17994065074646759       0.26619899211879422     
   2.3859999999998482      -0.86915941490025661      -0.68631683127143650       0.18284258362882011       0.26641133554905688     
   2.3869999999998481      -0.88224406807187461      -0.69653347119844811       0.18571059687342650       0.26662120996697375     
   2.3879999999998480      -0.89515488936051257      -0.70661080675307453       0.18854408260743805       0.26682875609249612     
   2.3889999999998479      -0.90788926183553609      -0.71654682250179702       0.19134243933373907       0.26703410485538676     
   2.3899999999998478      -0.92044460333268752      -0.72633953127458706       0.19410507205810046       0.26723737825130234     
   2.3909999999998477      -0.93281836697747189      -0.73598697456233364       0.19683139241513825       0.26743869011022536     
   2.3919999999998476      -0.94500804170158970      -0.74548722290853831       0.19952081879305139       0.26763814678756748     
   2.3929999999998475      -0.95701115275231197      -0.75483837629520045       0.20217277645711151       0.26783584778689928     
   2.3939999999998474      -0.96882526219469400      -0.76403856452281427       0.20478669767187974       0.26803188632210040     
   2.3949999999998473      -0.98044796940652557      -0.77308594758440263       0.20736202182212293       0.26822634982572091     
   2.3959999999998471      -0.99187691156591817      -0.78197871603351221       0.20989819553240596       0.26841932040949645     
   2.3969999999998470       -1.0031097641314295      -0.79071509134609663       0.21239467278533286       0.26861087528221661     
   2.3979999999998469       -1.0141442413146275      -0.79929332627621574       0.21485091503841180       0.26880108712951362     
   2.3989999999998468       -1.0249780965449993      -0.80771170520547853       0.21726639133952075       0.26899002445959241     
   2.3999999999998467       -1.0356091229271083      -0.81596854448616141       0.21964057844094687       0.26917775191844040     
   2.4009999999998466       -1.0460351536899082      -0.82406219277793191       0.22197296091197627       0.26936433057764791     
   2.4019999999998465       -1.0562540626281227      -0.83199103137811148       0.22426303125001124       0.26954981819760909     
   2.4029999999998464       -1.0662637645355992      -0.83975347454541038       0.22651028999018885       0.26973426946855711     
   2.4039999999998463       -1.0760622156305502      -0.84734796981707095       0.22871424581347921       0.26991773623161569     
   2.4049999999998461       -1.0856474139725940      -0.85477299831935460       0.23087441565323941       0.27010026768180811     
   2.4059999999998460       -1.0950173998715116      -0.86202707507131193       0.23299032480019966       0.27028191055475298     
   2.4069999999998459       -1.1041702562876348      -0.86910874928177351       0.23506150700586126       0.27046270929859439     
   2.4079999999998458       -1.1131041092237837      -0.87601660463950370       0.23708750458427996       0.27064270623254416     
   2.4089999999998457       -1.1218171281086751      -0.88274925959645789       0.23906786851221717       0.27082194169327906     
   2.4099999999998456       -1.1303075261717217      -0.88930536764408763       0.24100215852763407       0.27100045417030078     
   2.4109999999998455       -1.1385735608091465      -0.89568361758263793       0.24288994322650859       0.27117828043125841     
   2.4119999999998454       -1.1466135339413370      -0.90188273378338246       0.24473080015795456       0.27135545563813279     
   2.4129999999998453       -1.1544257923613657      -0.90790147644374564       0.24652431591762003       0.27153201345509087     
   2.4139999999998452       -1.1620087280746061      -0.91373864183525855       0.24827008623934754       0.27170798614874503     
   2.4149999999998450       -1.1693607786293743      -0.91939306254430075       0.24996771608507351       0.27188340468147582     
   2.4159999999998449       -1.1764804274385274      -0.92486360770557918       0.25161681973294825       0.27205829879841903     
   2.4169999999998448       -1.1833662040919548      -0.93014918322829732       0.25321702086365749       0.27223269710866099     
   2.4179999999998447       -1.1900166846598943      -0.93524873201496983       0.25476795264492447       0.27240662716113317     
   2.4189999999998446       -1.1964304919870155      -0.94016123417283848       0.25626925781417698       0.27258011551565914     
   2.4199999999998445       -1.2026062959772046      -0.94488570721784726       0.25772058875935733       0.27275318780955887     
   2.4209999999998444       -1.2085428138689964      -0.94942120627113591       0.25912160759786051       0.27292586882018782     
   2.4219999999998443       -1.2142388105015929      -0.95376682424801273       0.26047198625358015       0.27309818252374890     
   2.4229999999998442       -1.2196930985714154      -0.95792169203936817       0.26177140653204722       0.27327015215069278     
   2.4239999999998441       -1.2249045388791377      -0.96188497868549405       0.26301956019364370       0.27344180023799164     
   2.4249999999998439       -1.2298720405671457      -0.96565589154227249       0.26421614902487323       0.27361314867854963     
   2.4259999999998438       -1.2345945613473779      -0.96923367643970237       0.26536088490767551       0.27378421876799497     
   2.4269999999998437       -1.2390711077194967      -0.97261761783273049       0.26645348988676620       0.27395503124907461     
   2.4279999999998436       -1.2433007351793459      -0.97580703894435850       0.26749369623498742       0.27412560635386046     
   2.4289999999998435       -1.2472825484176513      -0.97880130190099579       0.26848124651665550       0.27429596384395899     
   2.4299999999998434       -1.2510157015089207      -0.98159980786003231       0.26941589364888840       0.27446612304890017     
   2.4309999999998433       -1.2544993980905066      -0.98420199712960499       0.27029740096090160       0.27463610290287532     
   2.4319999999998432       -1.2577328915317907      -0.98660734928053406       0.27112554225125662       0.27480592197997522     
   2.4329999999998431       -1.2607154850934568      -0.98881538325040763       0.27190010184304914       0.27497559852807546     
   2.4339999999998430       -1.2634465320768165      -0.99082565743979201       0.27262087463702445       0.27514515050150523     
   2.4349999999998428       -1.2659254359631575      -0.99263776980055041       0.27328766616260713       0.27531459559262844     
   2.4359999999998427       -1.2681516505430832      -0.99425135791625141       0.27390029262683180       0.27548395126245651     
   2.4369999999998426       -1.2701246800358161      -0.99566609907465065       0.27445858096116549       0.27565323477041254     
   2.4379999999998425       -1.2718440791984404      -0.99688171033223238       0.27496236886620806       0.27582246320335330     
   2.4389999999998424       -1.2733094534250577      -0.99789794857079739       0.27541150485426036       0.27599165350395632     
   2.4399999999998423       -1.2745204588358352      -0.99871461054608546       0.27580584828974974       0.27616082249857377     
   2.4409999999998422       -1.2754768023559278      -0.99933153292842392       0.27614526942750384       0.27632998692465199     
   2.4419999999998421       -1.2761782417842531      -0.99974859233539271       0.27642964944886039       0.27649916345781117     
   2.4429999999998420       -1.2766245858521073      -0.99996570535650076       0.27665888049560650       0.27666836873867989     
   2.4439999999998419       -1.2768156942716047      -0.99998282856986764       0.27683286570173704       0.27683761939957657     
   2.4449999999998417       -1.2767514777739315      -0.99979995855090775       0.27695151922302375       0.27700693209112787     
   2.4459999999998416       -1.2764318981374041      -0.99941713187301529       0.27701476626438881       0.27717632350891697     
   2.4469999999998415       -1.2758569682053218      -0.99883442510024978       0.27702254310507202       0.27734581042024875     
   2.4479999999998414       -1.2750267518936120      -0.99805195477202335       0.27697479712158868       0.27751540969112748     
   2.4489999999998413       -1.2739413641882613      -0.99706987737979336       0.27687148680846796       0.27768513831353564     
   2.4499999999998412       -1.2726009711325319      -0.99588838933576451       0.27671258179676739       0.27785501343311025     
   2.4509999999998411       -1.2710057898039648      -0.99450772693360723       0.27649806287035761       0.27802505237731195     
   2.4519999999998410       -1.2691560882811712      -0.99292816630119962       0.27622792197997159       0.27819527268418659     
   2.4529999999998409       -1.2670521856004169      -0.99115002334540292       0.27590216225501396       0.27836569213182133     
   2.4539999999998408       -1.2646944517020062      -0.98917365368888088       0.27552079801312535       0.27853632876860196     
   2.4549999999998406       -1.2620833073664754      -0.98699945259897670       0.27508385476749875       0.27870720094438273     
   2.4559999999998405       -1.2592192241406044      -0.98462785490866078       0.27459136923194361       0.27887832734268536     
   2.4569999999998404       -1.2561027242532599      -0.98205933492956565       0.27404338932369421       0.27904972701404940     
   2.4579999999998403       -1.2527343805210873      -0.97929440635712506       0.27343997416396226       0.27922141941066625     
   2.4589999999998402       -1.2491148162440642      -0.97633362216783692       0.27278119407622725       0.27939342442243037     
   2.4599999999998401       -1.2452447050909368      -0.97317757450866937       0.27206713058226739       0.27956576241455894     
   2.4609999999998400       -1.2411247709745605      -0.96982689457863380       0.27129787639592673       0.27973845426693295     
   2.4619999999998399       -1.2367557879171660      -0.96628225250254696       0.27047353541461905       0.27991152141532905     
   2.4629999999998398       -1.2321385799055766      -0.96254435719700826       0.26959422270856837       0.28008498589472203     
   2.4639999999998397       -1.2272740207364039      -0.95861395622861867       0.26866006450778523       0.28025887038485053     
   2.4649999999998395       -1.2221630338512499      -0.95449183566447016       0.26767119818677976       0.28043319825825463     
   2.4659999999998394       -1.2168065921619486      -0.95017881991493469       0.26662777224701395       0.28060799363101352     
   2.4669999999998393       -1.2112057178658773      -0.94567577156878502       0.26552994629709226       0.28078328141642422     
   2.4679999999998392       -1.2053614822513734      -0.94098359122067976       0.26437789103069365       0.28095908738188791     
   2.4689999999998391       -1.1992750054932964      -0.93610321729104740       0.26317178820224896       0.28113543820929443     
   2.4699999999998390       -1.1929474564387692      -0.93103562583840549       0.26191183060036372       0.28131236155921518     
   2.4709999999998389       -1.1863800523831434      -0.92578183036415196       0.26059822201899141       0.28148988613924980     
   2.4719999999998388       -1.1795740588362298      -0.92034288160986844       0.25923117722636135       0.28166804177690041     
   2.4729999999998387       -1.1725307892788395      -0.91471986734717547       0.25781092193166399       0.28184685949738281     
   2.4739999999998386       -1.1652516049096819      -0.90891391216018158       0.25633769274950036       0.28202637160682487     
   2.4749999999998384       -1.1577379143826687      -0.90292617722057023       0.25481173716209848       0.28220661178134399     
   2.4759999999998383       -1.1499911735346735      -0.89675786005536973       0.25323331347930378       0.28238761516254574     
   2.4769999999998382       -1.1420128851038018      -0.89041019430745139       0.25160269079635045       0.28256941846004302     
   2.4779999999998381       -1.1338045984382230      -0.88388444948880518       0.24992014894941783       0.28275206006165082     
   2.4789999999998380       -1.1253679091956235      -0.87718193072664163       0.24818597846898183       0.28293558015198633     
   2.4799999999998379       -1.1167044590333364      -0.87030397850237073       0.24640048053096564       0.28312002084027521     
   2.4809999999998378       -1.1078159352892101      -0.86325196838351004       0.24456396690570004       0.28330542629825728     
   2.4819999999998377       -1.0987040706532771      -0.85602731074857585       0.24267675990470128       0.28349184290917789     
   2.4829999999998376       -1.0893706428302863      -0.84863145050501232       0.24073919232527397       0.28367931942896107     
   2.4839999999998374       -1.0798174741931650      -0.84106586680021433       0.23875160739295065       0.28386790716078769     
   2.4849999999998373       -1.0700464314274776      -0.83333207272570353       0.23671435870177404       0.28405766014443329     
   2.4859999999998372       -1.0600594251669515      -0.82543161501451456       0.23462781015243694       0.28424863536189027     
   2.4869999999998371       -1.0498584096201400      -0.81736607373185399       0.23249233588828599       0.28444089296096436     
   2.4879999999998370       -1.0394453821882950      -0.80913706195909241       0.23030832022920256       0.28463449649874806     
   2.4889999999998369       -1.0288223830745260      -0.80074622547115337       0.22807615760337263       0.28482951320710159     
   2.4899999999998368       -1.0179914948843194      -0.79219524240736405       0.22579625247695534       0.28502601428253210     
   2.4909999999998367       -1.0069548422174979      -0.78348582293583302       0.22346901928166485       0.28522407520316650     
   2.4919999999998366      -0.99571459125169948      -0.77461970891142229       0.22109488234027719       0.28542377607585423     
   2.4929999999998365      -0.98427294931745757      -0.76559867352738198       0.21867427579007559       0.28562520201683006     
   2.4939999999998363      -0.97263216446496525      -0.75642452096071788       0.21620764350424737       0.28582844356981829     
   2.4949999999998362      -0.96079452502260942      -0.74709908601136177       0.21369543901124766       0.28603359716598264     
   2.4959999999998361      -0.94876235914736062      -0.73762423373521768       0.21113812541214294       0.28624076563072143     
   2.4969999999998360      -0.93653803436710736      -0.72800185907115700       0.20853617529595037       0.28645005874300583     
   2.4979999999998359      -0.92412395711502460      -0.71823388646203690       0.20589007065298770       0.28666159385375961     
   2.4989999999998358      -0.91152257225606836      -0.70832226946981824       0.20320030278625012       0.28687549657071532     
   2.4999999999998357      -0.89873636260568923      -0.69826899038485968       0.20046737222082955       0.28709190151826658     
   2.5009999999998356      -0.88576784844085887      -0.68807605982946618       0.19769178861139269       0.28731095318210742     
   2.5019999999998355      -0.87261958700350728      -0.67774551635577118       0.19487407064773610       0.28753280684993893     
   2.5029999999998354      -0.85929417199646752      -0.66727942603803325       0.19201474595843426       0.28775762966126561     
   2.5039999999998352      -0.84579423307202706      -0.65667988205942773       0.18911435101259932       0.28798560178136384     
   2.5049999999998351      -0.83212243531318730      -0.64594900429341739       0.18617343101976991       0.28821691771693181     
   2.5059999999998350      -0.81828147870773316      -0.63508893887978468       0.18319253982794848       0.28845178779381137     
   2.5069999999998349      -0.80427409761521640      -0.62410185779541094       0.18017223981980546       0.28869043982059156     
   2.5079999999998348      -0.79010306022695809      -0.61298995841988824       0.17711310180706985       0.28893312096598855     
   2.5089999999998347      -0.77577116801917678      -0.60175546309605077       0.17401570492312601       0.28918009988278254     
   2.5099999999998346      -0.76128125519935008      -0.59040061868551375       0.17088063651383634       0.28943166911696383     
   2.5109999999998345      -0.74663618814591948      -0.57892769611930850       0.16770849202661098       0.28968814784782504     
   2.5119999999998344      -0.73183886484144900      -0.56733898994370402       0.16449987489774498       0.28994988501331098     
   2.5129999999998343      -0.71689221429934935      -0.55563681786130503       0.16125539643804432       0.29021726288536909     
   2.5139999999998341      -0.70179919598428142      -0.54382352026751957       0.15797567571676185       0.29049070117278103     
   2.5149999999998340      -0.68656279922635366      -0.53190145978248737       0.15466133944386629       0.29077066174458815     
   2.5159999999998339      -0.67118604262922898      -0.51987302077856401       0.15131302185066497       0.29105765408648820     
   2.5169999999998338      -0.65567197347225903      -0.50774060890345407       0.14793136456880496       0.29135224162645978     
   2.5179999999998337      -0.64002366710676328      -0.49550665059908994       0.14451701650767335       0.29165504909559892     
   2.5189999999998336      -0.62424422634657306      -0.48317359261635123       0.14107063373022183       0.29196677112739999     
   2.5199999999998335      -0.60833678085296150      -0.47074390152572293       0.13759287932723857       0.29228818234561887     
   2.5209999999998334      -0.59230448651408063      -0.45822006322398950       0.13408442329009113       0.29262014925031182     
   2.5219999999998333      -0.57615052481902918      -0.44560458243706380       0.13054594238196537       0.29296364428748528     
   2.5229999999998332      -0.55987810222667489      -0.43289998221905018       0.12697812000762471       0.29331976258518982     
   2.5239999999998330      -0.54349044952935677      -0.42010880344764223       0.12338164608171454       0.29368974196488473     
   2.5249999999998329      -0.52699082121159335      -0.40723360431595551       0.11975721689563784       0.29407498700112977     
   2.5259999999998328      -0.51038249480392406      -0.39427695982089761       0.11610553498302645       0.29447709811845968     
   2.5269999999998327      -0.49366877023201244      -0.38124146124817732       0.11242730898383513       0.29489790700033058     
   2.5279999999998326      -0.47685296916114006      -0.36812971565405611       0.10872325350708395       0.29533951996761615     
   2.5289999999998325      -0.45993843433622128      -0.35494434534394548       0.10499408899227580       0.29580437150093269     
   2.5299999999998324      -0.44292852891747025      -0.34168798734795480       0.10124054156951545       0.29629529078649780     
   2.5309999999998323      -0.42582663581185198      -0.32836329289349392        9.7463342918358065E-002  0.29681558513902079     
   2.5319999999998322      -0.40863615700045020      -0.31497292687503659        9.3663230125413610E-002  0.29736914551571564     
   2.5329999999998321      -0.39136051286188606      -0.30151956732115048        8.9840945540735573E-002  0.29796058126153180     
   2.5339999999998319      -0.37400314149192182      -0.28800590485890037        8.5997236633021445E-002  0.29859539399080426     
   2.5349999999998318      -0.35656749801938520      -0.27443464217573166        8.2132855843653541E-002  0.29928020454159915     
   2.5359999999998317      -0.33905705391855018      -0.26080849347894197        7.8248560439608206E-002  0.30002305291459419     
   2.5369999999998316      -0.32147529631811128      -0.24713018395284861        7.4345112365262672E-002  0.30083380012960054     
   2.5379999999998315      -0.30382572730688867      -0.23340244921376094        7.0423278093127734E-002  0.30172467482820109     
   2.5389999999998314      -0.28611186323640247      -0.21962803476286613        6.6483828473536344E-002  0.30271102933338806     
   2.5399999999998313      -0.26833723402045490      -0.20580969543713815        6.2527538583316750E-002  0.30381240519553154     
   2.5409999999998312      -0.25050538243186005      -0.19195019485837944        5.8555187573480605E-002  0.30505406684625941     
   2.5419999999998311      -0.23261986339646110      -0.17805230488050591        5.4567558515955183E-002  0.30646926223491716     
   2.5429999999998310      -0.21468424328457578      -0.16411880503518531        5.0565438249390471E-002  0.30810264697302531     
   2.5439999999998308      -0.19670209920001117      -0.15015248197594011        4.6549617224071055E-002  0.31001563618195799     
   2.5449999999998307      -0.17867701826678964      -0.13615612892082624        4.2520889345963403E-002  0.31229508126431077     
   2.5459999999998306      -0.16061259691372809      -0.12213254509379866        3.8480051819929431E-002  0.31506795989862063     
   2.5469999999998305      -0.14251244015701320      -0.10808453516487593        3.4427904992137270E-002  0.31852757602759491     
   2.5479999999998304      -0.12438016088091555       -9.4014908689215568E-002   3.0365252191699985E-002  0.32298337162755952     
   2.5489999999998303      -0.10621937911678650       -7.9926479545212412E-002   2.6292899571574088E-002  0.32896356403012661     
   2.5499999999998302       -8.8033721320481276E-002  -6.5822065371732255E-002   2.2211655948749021E-002  0.33744999983376350     
   2.5509999999998301       -6.9826819648352689E-002  -5.1704487004593513E-002   1.8122332643759176E-002  0.35049825834553117     
   2.5519999999998300       -5.1602311231960005E-002  -3.7576567912409459E-002   1.4025743319550546E-002  0.37325770017752524     
   2.5529999999998298       -3.3363837451637651E-002  -2.3441133631903893E-002   9.9227038197337580E-003  0.42330306953366548     
   2.5539999999998297       -1.5115043209068906E-002  -9.3010112028132381E-003   5.8140320062556681E-003  0.62509676415582882     
   2.5549999999998296        3.1404238009901699E-003   4.8409713975120037E-003   1.7005475965218338E-003  0.35128230614951017     
   2.5559999999998295        2.1398913819691060E-002   1.8981985819693285E-002   2.4169279999977748E-003  0.12732745788326735     
   2.5569999999998294        3.9656775753631753E-002   3.3119203907984451E-002   6.5375718456473011E-003  0.19739519898517877     
   2.5579999999998293        5.7910357904808508E-002   4.7249798265893476E-002   1.0660559638915032E-002  0.22562127310943864     
   2.5589999999998292        7.6156008700834540E-002   6.1370942821652327E-002   1.4785065879182213E-002  0.24091312923362623     
   2.5599999999998291        9.4390077425279606E-002   7.5479813393421913E-002   1.8910264031857693E-002  0.25053405913038107     
   2.5609999999998290       0.11260891494798450        8.9573588254119013E-002   2.3035326693865488E-002  0.25716650569489957     
   2.5619999999998289       0.13080887445520434       0.10364944869575229        2.7159425759452044E-002  0.26203155058908745     
   2.5629999999998287       0.14898631217943459       0.11770457959315454        3.1281732586280045E-002  0.26576478752488003     
   2.5639999999998286       0.16713758812877380       0.13173616996699827        3.5401418161775527E-002  0.26872967515788621     
   2.5649999999998285       0.18525906681567711       0.14574141354598225        3.9517653269694863E-002  0.27114910105648743     
   2.5659999999998284       0.20334711798495467       0.15971750932807638        4.3629608656878288E-002  0.27316734928077629     
   2.5669999999998283       0.22139811734086909       0.17366166214071280        4.7736455200156291E-002  0.27488194349698719     
   2.5679999999998282       0.23940844727318653       0.18757108319981103        5.1837364073375497E-002  0.27636117033111912     
   2.5689999999998281       0.25737449758203579       0.20144299066752552        5.5931506914510265E-002  0.27765427195639297     
   2.5699999999998280       0.27529266620143039       0.21527461020860397        6.0018055992826419E-002  0.27879765261062661     
   2.5709999999998279       0.29315935992130859       0.22906317554524513        6.4096184376063459E-002  0.27981880642095186     
   2.5719999999998278       0.31097099510794651       0.24280592901034509        6.8165066097601423E-002  0.28073888630082489     
   2.5729999999998276       0.32872399842260019       0.25650012209902151        7.2223876323578684E-002  0.28157443252871733     
   2.5739999999998275       0.34641480753823228       0.27014301601830554        7.6271791519926746E-002  0.28233856512047822     
   2.5749999999998274       0.36403987185417985       0.28373188223489110        8.0307989619288755E-002  0.28304182450953730     
   2.5759999999998273       0.38159565320861977       0.29726400302083267        8.4331650187787099E-002  0.28369277588540387     
   2.5769999999998272       0.39907862658868887       0.31073667199708160        8.8341954591607263E-002  0.28429845123795672     
   2.5779999999998271       0.41648528083811620       0.32414719467475306        9.2338086163363142E-002  0.28486467777706515     
   2.5789999999998270       0.43381211936222580       0.33749288899401469        9.6319230368211106E-002  0.28539632540204213     
   2.5799999999998269       0.45105566083016779       0.35077108586048988       0.10028457496967791       0.28589749558081734     
   2.5809999999998268       0.46821243987423733       0.36397912967906743       0.10423331019516990       0.28637166720816082     
   2.5819999999998267       0.48527900778614086       0.37711437888501187       0.10816462890112899       0.28682181045690142     
   2.5829999999998265       0.50225193321006956       0.39017420647226769       0.11207772673780186       0.28725047652725344     
   2.5839999999998264       0.51912780283244098       0.40315600051885164       0.11597180231358933       0.28765986904408353     
   2.5849999999998263       0.53590322206817043       0.41605716470922849       0.11984605735894194       0.28805190133595998     
   2.5859999999998262       0.55257481574333334       0.42887511885356550       0.12369969688976784       0.28842824274915257     
   2.5869999999998261       0.56913922877408263       0.44160729940376175       0.12753192937032087       0.28879035636980804     
   2.5879999999998260       0.58559312684168330       0.45425115996614923       0.13134196687553407       0.28913952995809999     
   2.5889999999998259       0.60193319706352910       0.46680417181076311       0.13512902525276599       0.28947690147796212     
   2.5899999999998258       0.61815614866000657       0.47926382437707921       0.13889232428292736       0.28980348029282615     
   2.5909999999998257       0.63425871361707131       0.49162762577611785       0.14263108784095346       0.29012016486214748     
   2.5919999999998256       0.65023764734440404       0.50389310328881320       0.14634454405559083       0.29042775759467271     
   2.5929999999998254       0.66608972932901345       0.51605780386054911       0.15003192546846433       0.29072697737753128     
   2.5939999999998253       0.68181176378415398       0.52811929459176166       0.15369246919239232       0.29101847019468813     
   2.5949999999998252       0.69740058029342866       0.54007516322451077       0.15732541706891789       0.29130281816628784     
   2.5959999999998251       0.71285303444994652       0.55192301862492421       0.16093001582502231       0.29158054727626265     
   2.5969999999998250       0.72816600849040569       0.56366049126141604       0.16450551722898965       0.29185213400506871     
   2.5979999999998249       0.74333641192397482       0.57528523367858531       0.16805117824538951       0.29211801104437962     
   2.5989999999998248       0.75836118215584591       0.58679492096669883       0.17156626118914708       0.29237857223867081     
   2.5999999999998247       0.77323728510533218       0.59818725122666605       0.17505003387866613       0.29263417687304721     
   2.6009999999998246       0.78796171581838736       0.60945994603041065       0.17850176978797672       0.29288515340607779     
   2.6019999999998245       0.80253149907442145       0.62061075087654882       0.18192074819787263       0.29313180272969536     
   2.6029999999998243       0.81694368998729183       0.63163743564128183       0.18530625434601000       0.29337440102465479     
   2.6039999999998242       0.83119537460034731       0.64253779502441366       0.18865757957593365       0.29361320226892718     
   2.6049999999998241       0.84528367047540531       0.65330964899040345       0.19197402148500187       0.29384844044729819     
   2.6059999999998240       0.85920572727554334       0.66395084320436537       0.19525488407117797       0.29408033150291241     
   2.6069999999998239       0.87295872734158619       0.67445924946292846       0.19849947787865774       0.29430907506528048     
   2.6079999999998238       0.88653988626217395       0.68483276611987032       0.20170712014230363       0.29453485598409240     
   2.6089999999998237       0.89994645343729340       0.69506931850643894       0.20487713493085447       0.29475784569385582     
   2.6099999999998236       0.91317571263516040       0.70516685934628009       0.20800885328888030       0.29497820343076447     
   2.6109999999998235       0.92622498254233998       0.71512336916488550       0.21110161337745448       0.29519607732016506     
   2.6119999999998234       0.93909161730699253       0.72493685669348085       0.21415476061351169       0.29541160535042432     
   2.6129999999998232       0.95177300707513657       0.73460535926727311       0.21716764780786346       0.29562491624683462     
   2.6139999999998231       0.96426657851981923       0.74412694321797701       0.22013963530184222       0.29583613025735683     
   2.6149999999998230       0.97656979536308686       0.75349970426054202       0.22307009110254483       0.29604535986043673     
   2.6159999999998229       0.98868015889065053       0.76272176787400336       0.22595839101664716       0.29625271040379436     
   2.6169999999998228        1.0005952084591416       0.77179128967637944       0.22880391878276218       0.29645828068194729     
   2.6179999999998227        1.0123125219958546       0.78070645579354270       0.23160606620231194       0.29666216345924518     
   2.6189999999998226        1.0238297164908758       0.78946548322198784       0.23436423326888800       0.29686444594435513     
   2.6199999999998225        1.0351444484814978       0.79806662018542696       0.23707782829607082       0.29706521022140597     
   2.6209999999998224        1.0462544145288215       0.80650814648513869       0.23974626804368282       0.29726453364237726     
   2.6219999999998223        1.0571573516864490       0.81478837384400260       0.24236897784244638       0.29746248918476803     
   2.6229999999998221        1.0678510379611708       0.82290564624414853       0.24494539171702223       0.29765914577811659     
   2.6239999999998220        1.0783332927655551       0.83085834025815497       0.24747495250740015       0.29785456860252196     
   2.6249999999998219        1.0886019773623472       0.83864486537372906       0.24995711198861814       0.29804881936196992     
   2.6259999999998218        1.0986549953005862       0.84626366431180355       0.25239133098878264       0.29824195653494318     
   2.6269999999998217        1.1084902928433529       0.85371321333798778       0.25477707950536510       0.29843403560452808     
   2.6279999999998216        1.1181058593870594       0.86099202256730911       0.25711383681975031       0.29862510926998759     
   2.6289999999998215        1.1274997278721972       0.86809863626218531       0.25940109161001190       0.29881522764155910     
   2.6299999999998214        1.1366699751854576       0.87503163312356680       0.26163834206189085       0.29900443842004948     
   2.6309999999998213        1.1456147225531437       0.88178962657519222       0.26382509597795145       0.29919278706263447     
   2.6319999999998211        1.1543321359257925       0.88837126504089858       0.26596087088489395       0.29938031693612888     
   2.6329999999998210        1.1628204263539308       0.89477523221493227       0.26804519413899852       0.29956706945886036     
   2.6339999999998209        1.1710778503548838       0.90100024732520578       0.27007760302967798       0.29975308423216951     
   2.6349999999998208        1.1791027102705660       0.90704506538944785       0.27205764488111817       0.29993839916245818     
   2.6359999999998207        1.1868933546161773       0.91290847746419568       0.27398487715198161       0.30012305057461502     
   2.6369999999998206        1.1944481784197345       0.91858931088657969       0.27585886753315481       0.30030707331757284     
   2.6379999999998205        1.2017656235523684       0.92408642950885211       0.27767919404351626       0.30049050086267531     
   2.6389999999998204        1.2088441790493183       0.92939873392561301       0.27944544512370528       0.30067336539547240     
   2.6399999999998203        1.2156823814215578       0.93452516169368716       0.28115721972787067       0.30085569790150457     
   2.6409999999998202        1.2222788149579875       0.93946468754460977       0.28281412741337775       0.30103752824658303     
   2.6419999999998200        1.2286321120181329       0.94421632358967622       0.28441578842845672       0.30121888525203466     
   2.6429999999998199        1.2347409533152867       0.94877911951751692       0.28596183379776974       0.30139979676533146     
   2.6439999999998198        1.2406040681900368       0.95315216278415604       0.28745190540588073       0.30158028972649459     
   2.6449999999998197        1.2462202348741238       0.95733457879551764       0.28888565607860617       0.30176039023062473     
   2.6459999999998196        1.2515882807445728       0.96132553108234131       0.29026274966223153       0.30194012358688660     
   2.6469999999998195        1.2567070825680471       0.96512422146747334       0.29158286110057374       0.30211951437424439     
   2.6479999999998194        1.2615755667353725       0.96872989022549938       0.29284567650987314       0.30229858649422392     
   2.6489999999998193        1.2661927094861842       0.97214181623468721       0.29405089325149703       0.30247736322095364     
   2.6499999999998192        1.2705575371236488       0.97535931712120838       0.29519822000244045       0.30265586724872184     
   2.6509999999998191        1.2746691262192162       0.97838174939561107       0.29628737682360518       0.30283412073726312     
   2.6519999999998189        1.2785266038073588       0.98120850858151554       0.29731809522584329       0.30301214535497795     
   2.6529999999998188        1.2821291475702576       0.98383902933650746       0.29829011823375018       0.30318996232027351     
   2.6539999999998187        1.2854759860123950       0.98627278556520448       0.29920320044719051       0.30336759244119849     
   2.6549999999998186        1.2885663986250182       0.98850929052447378       0.30005710810054442       0.30354505615353700     
   2.6559999999998185        1.2913997160404391       0.99054809692077872       0.30085161911966041       0.30372237355751708     
   2.6569999999998184        1.2939753201761350       0.99238879699963634       0.30158652317649870       0.30389956445327465     
   2.6579999999998183        1.2962926443686227       0.99403102262716669       0.30226162174145599       0.30407664837521464     
   2.6589999999998182        1.2983511734970752       0.99547444536371865       0.30287672813335653       0.30425364462539650     
   2.6599999999998181        1.3001504440966540       0.99671877652955643       0.30343166756709761       0.30443057230606885     
   2.6609999999998180        1.3016900444615334       0.99776376726259486       0.30392627719893850       0.30460745035147196     
   2.6619999999998178        1.3029696147375933       0.99860920856817070       0.30436040616942261       0.30478429755902381     
   2.6629999999998177        1.3039888470047611       0.99925493136084120       0.30473391564391994       0.30496113261999747     
   2.6639999999998176        1.3047474853489813       0.99970080649820026       0.30504667885078107       0.30513797414979904     
   2.6649999999998175        1.3052453259238006       0.99994674480670664       0.30529858111709396       0.30531484071795173     
   2.6659999999998174        1.3054822170015501       0.99999269709951866       0.30548951990203144       0.30549175087788599     
   2.6669999999998173        1.3054580590141147       0.99983865418633078       0.30561940482778394       0.30566872319664135     
   2.6679999999998172        1.3051728045832791       0.99948464687521232       0.30568815770806679       0.30584577628457815     
   2.6689999999998171        1.3046264585406406       0.99893074596644538       0.30569571257419526       0.30602292882520182     
   2.6699999999998170        1.3038190779370855       0.99817706223836533       0.30564201569872018       0.30620019960520056     
   2.6709999999998169        1.3027507720418223       0.99722374642520550       0.30552702561661682       0.30637760754480003     
   2.6719999999998167        1.3014217023309718       0.99607098918695069       0.30535071314402107       0.30655517172853869     
   2.6729999999998166        1.2998320824657128       0.99471902107120591       0.30511306139450689       0.30673291143657111     
   2.6739999999998165        1.2979821782599876       0.99316811246708758       0.30481406579290005       0.30691084617660963     
   2.6749999999998164        1.2958723076377694       0.99141857355114682       0.30445373408662257       0.30708899571661691     
   2.6759999999998163        1.2935028405798992       0.98947075422533470       0.30403208635456447       0.30726738011836829     
   2.6769999999998162        1.2908741990605013       0.98732504404702359       0.30354915501347768       0.30744601977200575     
   2.6779999999998161        1.2879868569729875       0.98498187215109645       0.30300498482189109       0.30762493543171526     
   2.6789999999998160        1.2848413400456615       0.98244170716412171       0.30239963288153981       0.30780414825265806     
   2.6799999999998159        1.2814382257469410       0.97970505711062927       0.30173316863631172       0.30798367982930575     
   2.6809999999998158        1.2777781431802113       0.97677246931150741       0.30100567386870392       0.30816355223532482     
   2.6819999999998156        1.2738617729683324       0.97364453027454034       0.30021724269379202       0.30834378806517737     
   2.6829999999998155        1.2696898471278173       0.97032186557710864       0.29936798155070865       0.30852441047760637     
   2.6839999999998154        1.2652631489327086       0.96680513974107585       0.29845800919163279       0.30870544324119342     
   2.6849999999998153        1.2605825127681742       0.96309505609988644       0.29748745666828780       0.30888691078218367     
   2.6859999999998152        1.2556488239738535       0.95919235665790137       0.29645646731595210       0.30906883823479436     
   2.6869999999998151        1.2504630186769790       0.95509782194199955       0.29536519673497941       0.30925125149423294     
   2.6879999999998150        1.2450260836153098       0.95081227084547537       0.29421381276983438       0.30943417727267591     
   2.6889999999998149        1.2393390559499051       0.94633656046426240       0.29300249548564272       0.30961764315847512     
   2.6899999999998148        1.2334030230677775       0.94167158592551747       0.29173143714226002       0.30980167767888328     
   2.6909999999998147        1.2272191223744597       0.93681828020859781       0.29040084216586193       0.30998631036661611     
   2.6919999999998145        1.2207885410765285       0.93177761395846870       0.28901092711805976       0.31017157183059518     
   2.6929999999998144        1.2141125159541224       0.92655059529157735       0.28756192066254505       0.31035749383124817     
   2.6939999999998143        1.2071923331235008       0.92113826959423317       0.28605406352926765       0.31054410936077614     
   2.6949999999998142        1.2000293277896885       0.91554171931353401       0.28448760847615451       0.31073145272884023     
   2.6959999999998141        1.1926248839892515       0.90976206374088020       0.28286282024837128       0.31091955965415669     
   2.6969999999998140        1.1849804343232566       0.90380045878812021       0.28117997553513641       0.31110846736254422     
   2.6979999999998139        1.1770974596804638       0.89765809675637187       0.27943936292409188       0.31129821469201641     
   2.6989999999998138        1.1689774889508062       0.89133620609756636       0.27764128285323986       0.31148884220557405     
   2.6999999999998137        1.1606220987292126       0.88483605116876174       0.27578604756045089       0.31168039231241851     
   2.7009999999998136        1.1520329130098290       0.87815893197927586       0.27387398103055316       0.31187290939838264     
   2.7019999999998134        1.1432116028706996       0.87130618393068893       0.27190541894001063       0.31206643996645878     
   2.7029999999998133        1.1341598861489681       0.86427917754976735       0.26988070859920077       0.31226103278840173     
   2.7039999999998132        1.1248795271066625       0.85707931821436323       0.26780020889229927       0.31245673906848381     
   2.7049999999998131        1.1153723360871270       0.84970804587234328       0.26566429021478377       0.31265361262060604     
   2.7059999999998130        1.1056401691621702       0.84216683475360432       0.26347333440856591       0.31285171006009899     
   2.7069999999998129        1.0956849277699960       0.83445719307523181       0.26122773469476424       0.31305109101170253     
   2.7079999999998128        1.0855085583439894       0.82658066273986175       0.25892789560412766       0.31325181833538301     
   2.7089999999998127        1.0751130519324288       0.81853881902730530       0.25657423290512349       0.31345395837184420     
   2.7099999999998126        1.0645004438091994       0.81033327027949797       0.25416717352970142       0.31365758120980858     
   2.7109999999998124        1.0536728130755835       0.80196565757883664       0.25170715549674683       0.31386276097739629     
   2.7119999999998123        1.0426322822532057       0.79343765441996839       0.24919462783323731       0.31406957616021841     
   2.7129999999998122        1.0313810168682129       0.78475096637509745       0.24663005049311548       0.31427810994912564     
   2.7139999999998121        1.0199212250267695       0.77590733075287621       0.24401389427389331       0.31448845062092973     
   2.7149999999998120        1.0082551569819524       0.76690851625094936       0.24134664073100309       0.31470069195584360     
   2.7159999999998119       0.99638510469212993       0.75775632260222026       0.23862878208990967       0.31491493369587686     
   2.7169999999998118       0.98431340137091106       0.74845258021491035       0.23586082115600071       0.31513128204899199     
   2.7179999999998117       0.97204242102875371       0.73899914980648351       0.23304327122227020       0.31534985024447670     
   2.7189999999998116       0.95957457800632218       0.72939792203150910       0.23017665597481307       0.31557075914574612     
   2.7199999999998115       0.94691232649968493       0.71965081710353684       0.22726150939614809       0.31579413792766076     
   2.7209999999998113       0.93405816007744646       0.70975978441106102       0.22429837566638544       0.31602012482646086     
   2.7219999999998112       0.92101461118990802       0.69972680212764893       0.22128780906225909       0.31624886797160340     
   2.7229999999998111       0.90778425067035406       0.68955387681631275       0.21823037385404132       0.31648052631016493     
   2.7239999999998110       0.89436968722856214       0.67924304302820404       0.21512664420035810       0.31671527063608873     
   2.7249999999998109       0.88077356693663611       0.66879636289570976       0.21197720404092635       0.31695328473845408     
   2.7259999999998108       0.86699857270726444       0.65821592572003307       0.20878264698723137       0.31719476668517349     
   2.7269999999998107       0.85304742376450537       0.64750384755333967       0.20554357621116570       0.31743993026116119     
   2.7279999999998106       0.83892287510720487       0.63666227077555493       0.20226060433164994       0.31768900658313654     
   2.7289999999998105       0.82462771696515147       0.62569336366589456       0.19893435329925691       0.31794224591693632     
   2.7299999999998104       0.81016477424807665       0.61459931996921635       0.19556545427886030       0.31819991972762945     
   2.7309999999998102       0.79553690598760873       0.60338235845727817       0.19215454753033057       0.31846232299802291     
   2.7319999999998101       0.78074700477229131       0.59204472248499140       0.18870228228729991       0.31872977685749676     
   2.7329999999998100       0.76579799617577626       0.58058867954175708       0.18520931663401918       0.31900263157077036     
   2.7339999999998099       0.75069283817830679       0.56901652079797582       0.18167631738033097       0.31928126994547051     
   2.7349999999998098       0.73543452058160219       0.55733056064682118       0.17810395993478101       0.31956611122863759     
   2.7359999999998097       0.72002606441726191       0.54553313624136890       0.17449292817589301       0.31985761557605796     
   2.7369999999998096       0.70447052134880528       0.53362660702717413       0.17084391432163115       0.32015628919517347     
   2.7379999999998095       0.68877097306746526       0.52161335427038980       0.16715761879707547       0.32046269028308971     
   2.7389999999998094       0.67293053068185549       0.50949578058152190       0.16343475010033359       0.32077743590691660     
   2.7399999999998093       0.65695233410163223       0.49727630943491491       0.15967602466671732       0.32110121000569447     
   2.7409999999998091       0.64083955141527260       0.48495738468406524       0.15588216673120736       0.32143477273319548     
   2.7419999999998090       0.62459537826209255       0.47254147007285863       0.15205390818923392       0.32177897141131240     
   2.7429999999998089       0.60822303719862947       0.46003104874282957       0.14819198845579989       0.32213475342757447     
   2.7439999999998088       0.59172577705951401       0.44742862273654127       0.14429715432297274       0.32250318149167451     
   2.7449999999998087       0.57510687231295887       0.43473671249718554       0.14037015981577333       0.32288545177026445     
   2.7459999999998086       0.55836962241099175       0.42195785636450245       0.13641176604648930       0.32328291555413508     
   2.7469999999998085       0.54151735113456201       0.40909461006712095       0.13242274106744106       0.32369710528748891     
   2.7479999999998084       0.52455340593365007       0.39614954621142162       0.12840385972222845       0.32412976601947291     
   2.7489999999998083       0.50748115726251131       0.38312525376702394       0.12435590349548736       0.32458289364320370     
   2.7499999999998082       0.49030399791018575       0.37002433754900105       0.12027966036118470       0.32505878169501884     
   2.7509999999998080       0.47302534232640769       0.35684941769692541       0.11617592462948229       0.32556007903633816     
   2.7519999999998079       0.45564862594304761       0.34360312915084956       0.11204549679219805       0.32608986148961272     
   2.7529999999998078       0.43817730449122227       0.33028812112432693       0.10788918336689535       0.32665172153219446     
   2.7539999999998077       0.42061485331420834       0.31690705657457802       0.10370779673963032       0.32724988159178042     
   2.7549999999998076       0.40296476667629616       0.30346261166990773        9.9502155006388426E-002  0.32788933852128765     
   2.7559999999998075       0.38523055706772114       0.28995747525448073        9.5273081813240401E-002  0.32857604974530880     
   2.7569999999998074       0.36741575450581082       0.27639434831056148        9.1021406195249344E-002  0.32931717580916708     
   2.7579999999998073       0.34952390583248699       0.26277594341832683        8.6747962414160162E-002  0.33012140032948728     
   2.7589999999998072       0.33155857400826200       0.24910498421335903        8.2453589794902971E-002  0.33099935778194334     
   2.7599999999998071       0.31352333740287047       0.23538420484192768        7.8139132560942792E-002  0.33196421405343296     
   2.7609999999998069       0.29542178908267730       0.22161634941416963        7.3805439668507666E-002  0.33303246743125314     
   2.7619999999998068       0.27725753609500359       0.20780417145527608        6.9453364639727511E-002  0.33422507427708381     
   2.7629999999998067       0.25903419874951333       0.19395043335479667        6.5083765394716664E-002  0.33556906405905201     
   2.7639999999998066       0.24075540989680408       0.18005790581417083        6.0697504082633247E-002  0.33709991132117378     
   2.7649999999998065       0.22242481420434490       0.16612936729259672        5.6295446911748176E-002  0.33886511355091936     
   2.7659999999998064       0.20404606742990639       0.15216760345134867        5.1878463978557721E-002  0.34092975641260204     
   2.7669999999998063       0.18562283569262700       0.13817540659665414        4.7447429095972854E-002  0.34338548562752536     
   2.7679999999998062       0.16715879474186163       0.12415557512124188        4.3003219620619745E-002  0.34636559476790091     
   2.7689999999998061       0.14865762922395773       0.11011091294467264        3.8546716279285090E-002  0.35007171631256601     
   2.7699999999998060       0.13012303194710545        9.6044228952564634E-002   3.4078802994540816E-002  0.35482405727232219     
   2.7709999999998058       0.11155870314440838        8.1958336434825779E-002   2.9600366709582604E-002  0.36116358624630163     
   2.7719999999998057        9.2968349735321892E-002   6.7856052523005084E-002   2.5112297212316809E-002  0.37008190542476727     
   2.7729999999998056        7.4355684585606513E-002   5.3740197626875742E-002   2.0615486958730771E-002  0.38361390298313419     
   2.7739999999998055        5.5724425765944073E-002   3.9613594870362555E-002   1.6110830895581518E-002  0.40669954212196613     
   2.7749999999998054        3.7078295809364517E-002   2.5479069526926582E-002   1.1599226282437935E-002  0.45524528555407939     
   2.7759999999998053        1.8421020967631766E-002   1.1339448454519859E-002   7.0815725131119066E-003  0.62450766820931403     
   2.7769999999998052       -2.4366953326285593E-004  -2.8024404697767746E-003   2.5587709365139186E-003  0.91305095116533730     
   2.7779999999998051       -1.8912044238351005E-002  -1.6943768915319662E-002   1.9682753230313432E-003  0.11616514205713302     
   2.7789999999998050       -3.7580370209532504E-002  -3.1081708663559027E-002   6.4986615459734776E-003  0.20908314971733427     
   2.7799999999998048       -5.6244913771866328E-002  -4.5213432173673254E-002   1.1031481598193074E-002  0.24398682134590202     
   2.7809999999998047       -7.4901941260158256E-002  -5.9336113148067644E-002   1.5565828112090611E-002  0.26233312709997642     
   2.7819999999998046       -9.3547719765695800E-002  -7.3446927097624487E-002   2.0100792668071313E-002  0.27367778969641110     
   2.7829999999998045      -0.11217851788298132       -8.7543051906591493E-002   2.4635465976389825E-002  0.28140972287184923     
   2.7839999999998044      -0.13079060645631368      -0.10162166839699552        2.9168938059318167E-002  0.28703463069870794     
   2.7849999999998043      -0.14938025932606946      -0.11567996089246876        3.3700298433600701E-002  0.29132356350748667     
   2.7859999999998042      -0.16794375407453399      -0.12971511778137468        3.8228636293159313E-002  0.29471226597959749     
   2.7869999999998041      -0.18647737277113330      -0.14372433207912089        4.2753040692012412E-002  0.29746557227677128     
   2.7879999999998040      -0.20497740271691769      -0.15770480198954678        4.7272600727370911E-002  0.29975371790203509     
   2.7889999999998039      -0.22344013718814787      -0.17165373146527343        5.1786405722874435E-002  0.30169111548472882     
   2.7899999999998037      -0.24186187617883464      -0.18556833076690366        5.6293545411930990E-002  0.30335750275537327     
   2.7909999999998036      -0.26023892714208380      -0.19944581702096065        6.0793110121123151E-002  0.30481015360043440     
   2.7919999999998035      -0.27856760573009720      -0.21328341477645346        6.5284190953643739E-002  0.30609126838141343     
   2.7929999999998034      -0.29684423653268216      -0.22707835655995787        6.9765879972724293E-002  0.30723262678846841     
   2.7939999999998033      -0.31506515381412109      -0.24082788342910183        7.4237270385019261E-002  0.30825861743237148     
   2.7949999999998032      -0.33322670224825351      -0.25452924552434480        7.8697456723908710E-002  0.30918826856924614     
   2.7959999999998031      -0.35132523765162310      -0.26817970261894053        8.3145535032682572E-002  0.31003664416327947     
   2.7969999999998030      -0.36935712771454304      -0.28177652466697306        8.7580603047569983E-002  0.31081582523980672     
   2.7979999999998029      -0.38731875272993266      -0.29531699234935710        9.2001760380575559E-002  0.31153561347305875     
   2.7989999999998028      -0.40520650631977939      -0.30879839761769251        9.6408108702086881E-002  0.31220404459949569     
   2.7999999999998026      -0.42301679615908011      -0.32221804423586520       0.10079875192321491       0.31282776904148091     
   2.8009999999998025      -0.44074604469711687      -0.33557324831928520       0.10517279637783167       0.31341233815445191     
   2.8019999999998024      -0.45839068987592180      -0.34886133887165460       0.10952935100426719       0.31396242231519622     
   2.8029999999998023      -0.47594718584578732      -0.36207965831915812       0.11386752752662921       0.31448197906290482     
   2.8039999999998022      -0.49341200367767768      -0.37522556304196875       0.11818644063570893       0.31497438414794210     
   2.8049999999998021      -0.51078163207239891      -0.38829642390296309       0.12248520816943581       0.31544253469623862     
   2.8059999999998020      -0.52805257806638450      -0.40128962677353996       0.12676295129284454       0.31588893117434297     
   2.8069999999998019      -0.54522136773395569      -0.41420257305643732       0.13101879467751837       0.31631574306919230     
   2.8079999999998018      -0.56228454688591356      -0.42703268020544322       0.13525186668047035       0.31672486193656507     
   2.8089999999998017      -0.57923868176432469      -0.43977738224189633       0.13946129952242836       0.31711794456432207     
   2.8099999999998015      -0.59608035973335860      -0.45243413026787310       0.14364622946548550       0.31749644833478136     
   2.8109999999998014      -0.61280618996603964      -0.46500039297595896       0.14780579699008067       0.31786166038298896     
   2.8119999999998013      -0.62941280412677403      -0.47747365715550122       0.15193914697127281       0.31821472178472460     
   2.8129999999998012      -0.64589685704951516      -0.48985142819524286       0.15604542885427231       0.31855664773539538     
   2.8139999999998011      -0.66225502741143094      -0.50213123058223663       0.16012379682919431       0.31888834447426390     
   2.8149999999998010      -0.67848401840193684      -0.51431060839693910       0.16417341000499774       0.31921062355044905     
   2.8159999999998009      -0.69458055838696042      -0.52638712580438674       0.16819343258257369       0.31952421390540781     
   2.8169999999998008      -0.71054140156830370      -0.53835836754135435       0.17218303402694934       0.31982977215213987     
   2.8179999999998007      -0.72636332863796960      -0.55022193939940012       0.17614138923856948       0.32012789135750974     
   2.8189999999998006      -0.74204314742732180      -0.56197546870369885       0.18006767872362295       0.32041910857600708     
   2.8199999999998004      -0.75757769355094640      -0.57361660478756960       0.18396108876337680       0.32070391133726694     
   2.8209999999998003      -0.77296383104508548      -0.58514301946260061       0.18782081158248487       0.32098274325306109     
   2.8219999999998002      -0.78819845300051439      -0.59655240748427962       0.19164604551623476       0.32125600888013350     
   2.8229999999998001      -0.80327848218973430      -0.60784248701303478       0.19543599517669952       0.32152407795164295     
   2.8239999999998000      -0.81820087168835409      -0.61901100007059529       0.19918987161775881       0.32178728907086002     
   2.8249999999997999      -0.83296260549053602      -0.63005571299157914       0.20290689249895688       0.32204595294522592     
   2.8259999999997998      -0.84756069911838028      -0.64097441687021917       0.20658628224816111       0.32230035522617362     
   2.8269999999997997      -0.86199220022512635      -0.65176492800213659       0.21022727222298976       0.32255075900969715     
   2.8279999999997996      -0.87625418919204878      -0.66242508832107450       0.21382910087097429       0.32279740704405852     
   2.8289999999997995      -0.89034377971892620      -0.67295276583050423       0.21739101388842197       0.32304052368391034     
   2.8299999999997993      -0.90425811940796519      -0.68334585503001744       0.22091226437794775       0.32328031662421325     
   2.8309999999997992      -0.91799439034106034      -0.69360227733641888       0.22439211300464146       0.32351697844239380     
   2.8319999999997991      -0.93154980965027401      -0.70371998149943660       0.22782982815083741       0.32375068797306816     
   2.8329999999997990      -0.94492163008141938      -0.71369694401196471       0.23122468606945468       0.32398161153619615     
   2.8339999999997989      -0.95810714055063473      -0.72353116951475849       0.23457597103587624       0.32420990403661026     
   2.8349999999997988      -0.97110366669383374      -0.73322069119549915       0.23788297549833459       0.32443570995039978     
   2.8359999999997987      -0.98390857140892263      -0.74276357118215008       0.24114500022677254       0.32465916421153596     
   2.8369999999997986      -0.99651925539067276      -0.75215790093052459       0.24436135446014817       0.32488039301034927     
   2.8379999999997985       -1.0089331576581411      -0.76140180160598858       0.24753135605215248       0.32509951451394831     
   2.8389999999997984       -1.0211477560745312      -0.77049342445922087       0.25065433161531037       0.32531663951737788     
   2.8399999999997982       -1.0331605678593898      -0.77943095119595740       0.25372961666343241       0.32553187203319311     
   2.8409999999997981       -1.0449691500930336      -0.78821259434064350       0.25675655575239009       0.32574530982618005     
   2.8419999999997980       -1.0565711002131055      -0.79683659759392333       0.25973450261918218       0.32595704489911709     
   2.8429999999997979       -1.0679640565031587      -0.80530123618389393       0.26266282031926480       0.32616716393476969     
   2.8439999999997978       -1.0791456985731693      -0.81360481721105382       0.26554088136211551       0.32637574869868630     
   2.8449999999997977       -1.0901137478318792      -0.82174567998687698       0.26836806784500222       0.32658287640683181     
   2.8459999999997976       -1.1008659679508745      -0.82972219636594546       0.27114377158492908       0.32678862006162634     
   2.8469999999997975       -1.1114001653203036      -0.83753277107157265       0.27386739424873097       0.32699304875955382     
   2.8479999999997974       -1.1217141894961424      -0.84517584201485363       0.27653834748128880       0.32719622797314735     
   2.8489999999997973       -1.1318059336389172      -0.85264988060707758       0.27915605303183966       0.32739821980985157     
   2.8499999999997971       -1.1416733349437926      -0.85995339206544019       0.28171994287835245       0.32759908324998421     
   2.8509999999997970       -1.1513143750619403      -0.86708491571199586       0.28422945934994448       0.32779887436578575     
   2.8519999999997969       -1.1607270805130994      -0.87404302526578770       0.28668405524731166       0.32799764652333208     
   2.8529999999997968       -1.1699095230892460      -0.88082632912809944       0.28908319396114657       0.32819545056889976     
   2.8539999999997967       -1.1788598202492899      -0.88743347066077050       0.29142634958851943       0.32839233500121140     
   2.8549999999997966       -1.1875761355047161      -0.89386312845751881       0.29371300704719727       0.32858834613084287     
   2.8559999999997965       -1.1960566787960922      -0.90011401660821799       0.29594266218787424       0.32878352822794193     
   2.8569999999997964       -1.2042997068603676      -0.90618488495607485       0.29811482190429273       0.32897792365930173     
   2.8579999999997963       -1.2123035235888837      -0.91207451934765682       0.30022900424122689       0.32917157301572214     
   2.8589999999997961       -1.2200664803760277      -0.91778174187571837       0.30228473850030935       0.32936451523051036     
   2.8599999999997960       -1.2275869764584539      -0.92330541111477860       0.30428156534367534       0.32955678768988528     
   2.8609999999997959       -1.2348634592448049      -0.92864442234940248       0.30621903689540242       0.32974842633598189     
   2.8619999999997958       -1.2418944246358643      -0.93379770779514049       0.30809671684072382       0.32993946576308691     
   2.8629999999997957       -1.2486784173350747      -0.93876423681208165       0.30991418052299302       0.33012993930767998     
   2.8639999999997956       -1.2552140311493578      -0.94354301611097835       0.31167101503837946       0.33031987913280375     
   2.8649999999997955       -1.2614999092801740      -0.94813308995190049       0.31336681932827348       0.33050931630723995     
   2.8659999999997954       -1.2675347446047602      -0.95253354033538074       0.31500120426937950       0.33069828087992542     
   2.8669999999997953       -1.2733172799474906      -0.95674348718601099       0.31657379276147957       0.33088680195001002     
   2.8679999999997952       -1.2788463083413000      -0.96076208852845491       0.31808421981284507       0.33107490773291931     
   2.8689999999997950       -1.2841206732791197      -0.96458854065583965       0.31953213262328006       0.33126262562276027     
   2.8699999999997949       -1.2891392689552712      -0.96822207829049522       0.32091719066477598       0.33144998225137701     
   2.8709999999997948       -1.2939010404967670      -0.97166197473700677       0.32223906575976025       0.33163700354434322     
   2.8719999999997947       -1.2984049841844718      -0.97490754202755170       0.32349744215692011       0.33182371477415218     
   2.8729999999997946       -1.3026501476640771      -0.97795813105949092       0.32469201660458613       0.33201014061085049     
   2.8739999999997945       -1.3066356301468456      -0.98081313172518703       0.32582249842165856       0.33219630517034149     
   2.8749999999997944       -1.3103605826000813      -0.98347197303402378       0.32688860956605748       0.33238223206056589     
   2.8759999999997943       -1.3138242079272875      -0.98593412322660268       0.32789008470068481       0.33256794442575960     
   2.8769999999997942       -1.3170257611379736      -0.98819908988109262       0.32882667125688103       0.33275346498897085     
   2.8779999999997941       -1.3199645495070744      -0.99026642001171283       0.32969812949536159       0.33293881609300852     
   2.8789999999997939       -1.3226399327239475      -0.99213570015932850       0.33050423256461903       0.33312401973998401     
   2.8799999999997938       -1.3250513230309193      -0.99380655647414140       0.33124476655677793       0.33330909762960176     
   2.8809999999997937       -1.3271981853513464      -0.99527865479045818       0.33191953056088819       0.33349407119634161     
   2.8819999999997936       -1.3290800374071672      -0.99655170069352284       0.33252833671364435       0.33367896164567312     
   2.8829999999997935       -1.3306964498259177      -0.99762543957839833       0.33307101024751939       0.33386378998943422     
   2.8839999999997934       -1.3320470462371867      -0.99849965670088703       0.33354738953629970       0.33404857708050067     
   2.8849999999997933       -1.3331315033584907      -0.99917417722047863       0.33395732613801210       0.33423334364687129     
   2.8859999999997932       -1.3339495510705472      -0.99964886623531768       0.33430068483522957       0.33441811032528601     
   2.8869999999997931       -1.3345009724819321      -0.99992362880918351       0.33457734367274861       0.33460289769449619     
   2.8879999999997930       -1.3347856039831028      -0.99999840999047729       0.33478719399262546       0.33478772630829839     
   2.8889999999997928       -1.3348033352897770      -0.99987319482321213       0.33493014046656489       0.33497261672844825     
   2.8899999999997927       -1.3345541094756548      -0.99954800835000412       0.33500610112565066       0.33515758955756342     
   2.8909999999997926       -1.3340379229944745      -0.99902291560706391       0.33501500738741063       0.33534266547212904     
   2.8919999999997925       -1.3332548256913992      -0.99829802161118975       0.33495680408020945       0.33552786525571832     
   2.8929999999997924       -1.3322049208037248      -0.99737347133876442       0.33483144946496035       0.33571320983254094     
   2.8939999999997923       -1.3308883649509122      -0.99624944969676044       0.33463891525415179       0.33589872030143614     
   2.8949999999997922       -1.3293053681139388      -0.99492618148575940       0.33437918662817945       0.33608441797042560     
   2.8959999999997921       -1.3274561936039753      -0.99340393135499250       0.33405226224898277       0.33627032439195104     
   2.8969999999997920       -1.3253411580203889      -0.99168300374941165       0.33365815427097723       0.33645646139891827     
   2.8979999999997919       -1.3229606311980817      -0.98976374284880131       0.33319688834928041       0.33664285114167936     
   2.8989999999997917       -1.3203150361441705      -0.98764653249894385       0.33266850364522660       0.33682951612608669     
   2.8999999999997916       -1.3174048489640195      -0.98533179613485167       0.33207305282916788       0.33701647925276190     
   2.9009999999997915       -1.3142305987766398      -0.98281999669608155       0.33141060208055828       0.33720376385772777     
   2.9019999999997914       -1.3107928676194673      -0.98011163653414834       0.33068123108531899       0.33739139375455995     
   2.9029999999997913       -1.3070922903425395      -0.97720725731205638       0.32988503303048311       0.33757939327822584     
   2.9039999999997912       -1.3031295544920878      -0.97410743989596837       0.32902211459611941       0.33776778733078761     
   2.9049999999997911       -1.2989054001835676      -0.97081280423903460       0.32809259594453299       0.33795660142915634     
   2.9059999999997910       -1.2944206199641490      -0.96732400925740392       0.32709661070674512       0.33814586175510203     
   2.9069999999997909       -1.2896760586646938      -0.96364175269844299       0.32603430596625083       0.33833559520773310     
   2.9079999999997908       -1.2846726132412456      -0.95976677100118901       0.32490584224005659       0.33852582945868009     
   2.9089999999997906       -1.2794112326060645      -0.95569983914906442       0.32371139345700006       0.33871659301023432     
   2.9099999999997905       -1.2738929174482352      -0.95144177051488277       0.32245114693335242       0.33890791525671043     
   2.9109999999997904       -1.2681187200438846      -0.94699341669817694       0.32112530334570766       0.33909982654932841     
   2.9119999999997903       -1.2620897440560443      -0.94235566735488185       0.31973407670116250       0.33929235826493287     
   2.9129999999997902       -1.2558071443241954      -0.93752945001940657       0.31827769430478881       0.33948554287889360     
   2.9139999999997901       -1.2492721266435352      -0.93251572991913034       0.31675639672440481       0.33967941404256480     
   2.9149999999997900       -1.2424859475340102      -0.92731550978136024       0.31517043775264997       0.33987400666571393     
   2.9159999999997899       -1.2354499139991566      -0.92192982963278913       0.31352008436636747       0.34006935700436619     
   2.9169999999997898       -1.2281653832747961      -0.91635976659149387       0.31180561668330220       0.34026550275455597     
   2.9179999999997897       -1.2206337625676358      -0.91060643465151536       0.31002732791612042       0.34046248315252281     
   2.9189999999997895       -1.2128565087838206      -0.90467098446006311       0.30818552432375745       0.34066033908193988     
   2.9199999999997894       -1.2048351282474918      -0.89855460308738999       0.30628052516010185       0.34085911318882217     
   2.9209999999997893       -1.1965711764094062      -0.89225851378938192       0.30431266262002432       0.34105885000482883     
   2.9219999999997892       -1.1880662575456711      -0.88578397576291090       0.30228228178276018       0.34125959607974338     
   2.9229999999997891       -1.1793220244466540      -0.87913228389399967       0.30018974055265435       0.34146140012399928     
   2.9239999999997890       -1.1703401780961280      -0.87230476849884897       0.29803540959727903       0.34166431316220908     
   2.9249999999997889       -1.1611224673407126      -0.86530279505777874       0.29581967228293382       0.34186838869875730     
   2.9259999999997888       -1.1516706885496779      -0.85812776394213652       0.29354292460754139       0.34207368289663559     
   2.9269999999997887       -1.1419866852651752      -0.85078111013422786       0.29120557513094736       0.34228025477082324     
   2.9279999999997885       -1.1320723478429624      -0.84326430294032473       0.28880804490263767       0.34248816639766588     
   2.9289999999997884       -1.1219296130836967      -0.83557884569680907       0.28635076738688758       0.34269748314187259     
   2.9299999999997883       -1.1115604638548622      -0.82772627546951061       0.28383418838535157       0.34290827390293066     
   2.9309999999997882       -1.1009669287034112      -0.81970816274629865       0.28125876595711252       0.34312061138295957     
   2.9319999999997881       -1.0901510814591890      -0.81152611112299000       0.27862497033619904       0.34333457237825377     
   2.9329999999997880       -1.0791150408292263      -0.80318175698263483       0.27593328384659144       0.34355023809705038     
   2.9339999999997879       -1.0678609699829718      -0.79467676916824581       0.27318420081472594       0.34376769450635403     
   2.9349999999997878       -1.0563910761285513      -0.78601284864903498       0.27037822747951634       0.34398703271101838     
   2.9359999999997877       -1.0447076100801342      -0.77719172818022542       0.26751588189990883       0.34420834936868205     
   2.9369999999997876       -1.0328128658164915      -0.76821517195650624       0.26459769385998522       0.34443174714462144     
   2.9379999999997874       -1.0207091800308328      -0.75908497525919938       0.26162420477163340       0.34465733521111841     
   2.9389999999997873       -1.0083989316720108      -0.74980296409720926       0.25859596757480152       0.34488522979655156     
   2.9399999999997872      -0.99588454147718253      -0.74037099484182722       0.25551354663535530       0.34511555479012679     
   2.9409999999997871      -0.98316847149601994      -0.73079095385546355       0.25237751764055638       0.34534844240897900     
   2.9419999999997870      -0.97025322460656183      -0.72106475711438089       0.24918846749218093       0.34558403393532200     
   2.9429999999997869      -0.95714134402280460      -0.71119434982550567       0.24594699419729893       0.34582248053242126     
   2.9439999999997868      -0.94383541279412597      -0.70118170603739327       0.24265370675673270       0.34606394414943881     
   2.9449999999997867      -0.93033805329664276      -0.69102882824542478       0.23930922505121799       0.34630859852669604     
   2.9459999999997866      -0.91665192671660078      -0.68073774699131462       0.23591417972528617       0.34655663031463441     
   2.9469999999997865      -0.90277973252589949      -0.67031052045700878       0.23246921206889071       0.34680824032180829     
   2.9479999999997863      -0.88872420794985485      -0.65974923405305552       0.22897497389679933       0.34706364490964409     
   2.9489999999997862      -0.87448812742730508      -0.64905600000153030       0.22543212742577479       0.34732307755454578     
   2.9499999999997861      -0.86007430206316526      -0.63823295691359805       0.22184134514956722       0.34758679060128728     
   2.9509999999997860      -0.84548557907354005      -0.62728226936179843       0.21820330971174162       0.34785505723562576     
   2.9519999999997859      -0.83072484122350221      -0.61620612744713821       0.21451871377636400       0.34812817370883198     
   2.9529999999997858      -0.81579500625764967      -0.60500674636107865       0.21078825989657102       0.34840646185252433     
   2.9539999999997857      -0.80069902632355239      -0.59368636594250457       0.20701266038104782       0.34869027192902713     
   2.9549999999997856      -0.78543988738820358      -0.58224725022976376       0.20319263715843983       0.34897998587070506     
   2.9559999999997855      -0.77002060864759003      -0.57069168700786710       0.19932892163972293       0.34927602097167948     
   2.9569999999997854      -0.75444424192949888      -0.55902198735093922       0.19542225457855966       0.34957883410742974     
   2.9579999999997852      -0.73871387108967823      -0.54724048516001111       0.19147338592966712       0.34988892657253051     
   2.9589999999997851      -0.72283261140147159      -0.53534953669624807       0.18748307470522352       0.35020684964485088     
   2.9599999999997850      -0.70680360893904703      -0.52335152010970509       0.18345208882934194       0.35053321100679458     
   2.9609999999997849      -0.69063003995434225      -0.51124883496370466       0.17938120499063759       0.35086868218168649     
   2.9619999999997848      -0.67431511024784963      -0.49904390175493246       0.17527120849291716       0.35121400717764567     
   2.9629999999997847      -0.65786205453336610      -0.48673916142934576       0.17112289310402035       0.35157001257409665     
   2.9639999999997846      -0.64127413579683301      -0.47433707489399252       0.16693706090284050       0.35193761933989348     
   2.9649999999997845      -0.62455464464939325      -0.46184012252483814       0.16271452212455512       0.35231785674014104     
   2.9659999999997844      -0.60770689867479410      -0.44925080367069853       0.15845609500409558       0.35271187877550048     
   2.9669999999997843      -0.59073424177126510      -0.43657163615337879       0.15416260561788631       0.35312098370890277     
   2.9679999999997841      -0.57364004348800113      -0.42380515576411709       0.14983488772388404       0.35354663737804937     
   2.9689999999997840      -0.55642769835638295      -0.41095391575643492       0.14547378259994803       0.35399050117864739     
   2.9699999999997839      -0.53910062521606716      -0.39802048633549492       0.14108013888057225       0.35445446584790757     
   2.9709999999997838      -0.52166226653608005      -0.38500745414406845       0.13665481239201160       0.35494069250117910     
   2.9719999999997837      -0.50411608773104977      -0.37191742174521558       0.13219866598583419       0.35545166280593793     
   2.9729999999997836      -0.48646557647271227      -0.35875300710178115       0.12771256937093112       0.35599024075831098     
   2.9739999999997835      -0.46871424199682854      -0.34551684305281105       0.12319739894401749       0.35655974931788548     
   2.9749999999997834      -0.45086561440565026      -0.33221157678699309       0.11865403761865717       0.35716406624425251     
   2.9759999999997833      -0.43292324396607262      -0.31883986931322805       0.11408337465284457       0.35780774499304902     
   2.9769999999997832      -0.41489070040361387      -0.30540439492843680       0.10948630547517707       0.35849616866460682     
   2.9779999999997830      -0.39677157219236192      -0.29190784068270997       0.10486373150965195       0.35923574805115932     
   2.9789999999997829      -0.37856946584102924      -0.27835290584190664       0.10021655999912260       0.36003417925890674     
   2.9799999999997828      -0.36028800517525811      -0.26474230134781040        9.5545703827447703E-002  0.36090078291614852     
   2.9809999999997827      -0.34193083061631874      -0.25107874927594986        9.0852081340368873E-002  0.36184695679090412     
   2.9819999999997826      -0.32350159845634430      -0.23736498229119271        8.6136616165151586E-002  0.36288678866489921     
   2.9829999999997825      -0.30500398013024660      -0.22360374310122183        8.1400237029024769E-002  0.36403789981358309     
   2.9839999999997824      -0.28644166148445765      -0.20979778390800288        7.6643877576454772E-002  0.36532262709725954     
   2.9849999999997823      -0.26781834204264265      -0.19594986585735313        7.1868476185289520E-002  0.36676971362464761     
   2.9859999999997822      -0.24913773426853075      -0.18206275848672143        6.7074975781809321E-002  0.36841678297816943     
   2.9869999999997821      -0.23040356282601032      -0.16813923917129003        6.2264323654720288E-002  0.37031405614539020     
   2.9879999999997819      -0.21161956383663619      -0.15418209256850873        5.7437471268127455E-002  0.37253010587209334     
   2.9889999999997818      -0.19278948413469685      -0.14019411006117272        5.2595374073524132E-002  0.37516108237767271     
   2.9899999999997817      -0.17391708051999019      -0.12617808919915530        4.7738991320834895E-002  0.37834612668357387     
   2.9909999999997816      -0.15500611900845659      -0.11213683313990724        4.2869285868549351E-002  0.38229442252095341     
   2.9919999999997815      -0.13606037408081900       -9.8073150087834682E-002   3.7987223992984320E-002  0.38733561590468768     
   2.9929999999997814      -0.11708362792937971       -8.3989852732667514E-002   3.3093775196712194E-002  0.39402111231277948     
   2.9939999999997813       -9.8079669703124261E-002  -6.9889757686930870E-002   2.8189912016193391E-002  0.40334825801613561     
   2.9949999999997812       -7.9052294751282934E-002  -5.5775684922632039E-002   2.3276609828650895E-002  0.41732539655834811     
   2.9959999999997811       -6.0005303865500986E-002  -4.1650457207275393E-002   1.8354846658225593E-002  0.44068775924551956     
   2.9969999999997810       -4.0942502520768781E-002  -2.7516899539318351E-002   1.3425602981450430E-002  0.48790391382091763     
   2.9979999999997808       -2.1867700115263476E-002  -1.3377838583181069E-002   8.4898615320824072E-003  0.63462131638784003     
   2.9989999999997807       -2.7847092092540167E-003   7.6389789607699508E-004   3.5486071053310118E-003   4.6453945266179124     
   2.9999999999997806        1.6302655236778495E-002   1.4905481598300683E-002   1.3971736384778121E-003   9.3735558241680603E-002
   3.0009999999997805        3.5390576624652864E-002   2.9044084253889740E-002   6.3464923707631238E-003  0.21851239361809685     
